{"Active":true,"BreakEventsBubbling":false,"CssClass":{},"Fill":null,"JSBindingsText":null,"Name":"Instrument","RecalculateAll":false,"Smooth":true,"Stroke":null,"Style":"","ToolTipValue":null,"Visible":true,"Elements":[{"__type":"Circle:#PerpetuumSoft.Instrumentation.Model","Active":true,"BreakEventsBubbling":false,"CssClass":{},"Fill":{"__type":"LinearGradientFill:#PerpetuumSoft.Framework.Drawing","Angle":49,"Colors":[{"__type":"GradientColor:#PerpetuumSoft.Framework.Drawing","Color":{"knownColor":0,"name":null,"state":2,"value":4293454831},"Portion":0},{"__type":"GradientColor:#PerpetuumSoft.Framework.Drawing","Color":{"knownColor":0,"name":null,"state":2,"value":4284706171},"Portion":1}],"EndColor":{"knownColor":0,"name":null,"state":2,"value":4284706171},"StartColor":{"knownColor":0,"name":null,"state":2,"value":4293454831}},"JSBindingsText":null,"Name":"Circle8","RecalculateAll":false,"Smooth":true,"Stroke":{"__type":"SimpleStroke:#PerpetuumSoft.Framework.Drawing","Width":5,"Color":{"knownColor":0,"name":null,"state":2,"value":4291613660},"DashLenght":5,"DotLenght":1,"SpaceLenght":2,"Style":1},"Style":"Default","ToolTipValue":null,"Visible":true,"Center":{"Height":600,"Length":848.52813742385706,"Rotation":0.78539816339744828,"Width":600,"X":600,"Y":600},"Radius":572.11203384113651},{"__type":"Circle:#PerpetuumSoft.Instrumentation.Model","Active":true,"BreakEventsBubbling":false,"CssClass":{},"Fill":{"__type":"SolidFill:#PerpetuumSoft.Framework.Drawing","Color":{"knownColor":0,"name":null,"state":2,"value":4292599781}},"JSBindingsText":null,"Name":"Circle7","RecalculateAll":false,"Smooth":true,"Stroke":{"__type":"SimpleStroke:#PerpetuumSoft.Framework.Drawing","Width":5,"Color":{"knownColor":0,"name":null,"state":2,"value":4291613660},"DashLenght":5,"DotLenght":1,"SpaceLenght":2,"Style":1},"Style":"Default","ToolTipValue":null,"Visible":true,"Center":{"Height":600,"Length":848.52813742385706,"Rotation":0.78539816339744828,"Width":600,"X":600,"Y":600},"Radius":543.99600973929751},{"__type":"Circle:#PerpetuumSoft.Instrumentation.Model","Active":true,"BreakEventsBubbling":false,"CssClass":{},"Fill":{"__type":"LinearGradientFill:#PerpetuumSoft.Framework.Drawing","Angle":90,"Colors":[{"__type":"GradientColor:#PerpetuumSoft.Framework.Drawing","Color":{"knownColor":164,"name":null,"state":1,"value":0},"Portion":0},{"__type":"GradientColor:#PerpetuumSoft.Framework.Drawing","Color":{"knownColor":0,"name":null,"state":2,"value":4291613660},"Portion":1}],"EndColor":{"knownColor":0,"name":null,"state":2,"value":4291613660},"StartColor":{"knownColor":164,"name":null,"state":1,"value":0}},"JSBindingsText":null,"Name":"Circle6","RecalculateAll":false,"Smooth":true,"Stroke":{"__type":"SimpleStroke:#PerpetuumSoft.Framework.Drawing","Width":5,"Color":{"knownColor":0,"name":null,"state":2,"value":4291613660},"DashLenght":5,"DotLenght":1,"SpaceLenght":2,"Style":1},"Style":"Default","ToolTipValue":null,"Visible":true,"Center":{"Height":600,"Length":848.52813742385706,"Rotation":0.78539816339744828,"Width":600,"X":600,"Y":600},"Radius":506.4627205468733},{"__type":"Circle:#PerpetuumSoft.Instrumentation.Model","Active":true,"BreakEventsBubbling":false,"CssClass":{},"Fill":{"__type":"LinearGradientFill:#PerpetuumSoft.Framework.Drawing","Angle":90,"Colors":[{"__type":"GradientColor:#PerpetuumSoft.Framework.Drawing","Color":{"knownColor":0,"name":null,"state":2,"value":4289460735},"Portion":0},{"__type":"GradientColor:#PerpetuumSoft.Framework.Drawing","Color":{"knownColor":0,"name":null,"state":2,"value":4285445356},"Portion":1}],"EndColor":{"knownColor":0,"name":null,"state":2,"value":4285445356},"StartColor":{"knownColor":0,"name":null,"state":2,"value":4289460735}},"JSBindingsText":null,"Name":"Circle1","RecalculateAll":false,"Smooth":true,"Stroke":{"__type":"SimpleStroke:#PerpetuumSoft.Framework.Drawing","Width":1,"Color":{"knownColor":35,"name":null,"state":1,"value":0},"DashLenght":5,"DotLenght":1,"SpaceLenght":2,"Style":0},"Style":"Default","ToolTipValue":null,"Visible":true,"Center":{"Height":600,"Length":848.52813742385706,"Rotation":0.78539816339744828,"Width":600,"X":600,"Y":600},"Radius":353.32807944442425},{"__type":"Highlight:#PerpetuumSoft.Instrumentation.Model","Active":true,"BreakEventsBubbling":false,"CssClass":{},"Fill":{"__type":"MultiGradientFill:#PerpetuumSoft.Framework.Drawing","Angle":53,"Colors":[{"__type":"GradientColor:#PerpetuumSoft.Framework.Drawing","Color":{"knownColor":0,"name":null,"state":2,"value":3741319167},"Portion":0},{"__type":"GradientColor:#PerpetuumSoft.Framework.Drawing","Color":{"knownColor":27,"name":null,"state":1,"value":0},"Portion":0.39506172839506171}]},"JSBindingsText":null,"Name":"Highlight1","RecalculateAll":false,"Smooth":true,"Stroke":{"__type":"SimpleStroke:#PerpetuumSoft.Framework.Drawing","Width":1,"Color":{"knownColor":35,"name":null,"state":1,"value":0},"DashLenght":5,"DotLenght":1,"SpaceLenght":2,"Style":0},"Style":"Default","ToolTipValue":null,"Visible":true,"Angle":159.43,"Center":{"Height":600,"Length":848.52813742385706,"Rotation":0.78539816339744828,"Width":600,"X":600,"Y":600},"Radius":330.85822081838933,"K":0.3,"SweepAngle":140},{"__type":"Highlight:#PerpetuumSoft.Instrumentation.Model","Active":true,"BreakEventsBubbling":false,"CssClass":{},"Fill":{"__type":"MultiGradientFill:#PerpetuumSoft.Framework.Drawing","Angle":236,"Colors":[{"__type":"GradientColor:#PerpetuumSoft.Framework.Drawing","Color":{"knownColor":0,"name":null,"state":2,"value":2348810239},"Portion":0},{"__type":"GradientColor:#PerpetuumSoft.Framework.Drawing","Color":{"knownColor":27,"name":null,"state":1,"value":0},"Portion":0.39506172839506171}]},"JSBindingsText":null,"Name":"Highlight2","RecalculateAll":false,"Smooth":true,"Stroke":{"__type":"SimpleStroke:#PerpetuumSoft.Framework.Drawing","Width":1,"Color":{"knownColor":35,"name":null,"state":1,"value":0},"DashLenght":5,"DotLenght":1,"SpaceLenght":2,"Style":0},"Style":"Default","ToolTipValue":null,"Visible":true,"Angle":336.71,"Center":{"Height":600,"Length":848.52813742385706,"Rotation":0.78539816339744828,"Width":600,"X":600,"Y":600},"Radius":330.85822081838933,"K":0.3,"SweepAngle":140},{"__type":"Joint:#PerpetuumSoft.Instrumentation.Model","Active":true,"BreakEventsBubbling":false,"CssClass":{},"Fill":null,"JSBindingsText":null,"Name":"Joint1","RecalculateAll":false,"Smooth":true,"Stroke":null,"Style":"","ToolTipValue":null,"Visible":true,"Elements":[{"__type":"Scale:#PerpetuumSoft.Instrumentation.Model","Active":true,"BreakEventsBubbling":false,"CssClass":{},"Fill":null,"JSBindingsText":null,"Name":"Scale1","RecalculateAll":false,"Smooth":true,"Stroke":null,"Style":"","ToolTipValue":null,"Visible":true,"Elements":[{"__type":"RangedLevel:#PerpetuumSoft.Instrumentation.Model","Active":true,"BreakEventsBubbling":false,"CssClass":{},"Fill":{"__type":"LinearGradientFill:#PerpetuumSoft.Framework.Drawing","Angle":90,"Colors":[{"__type":"GradientColor:#PerpetuumSoft.Framework.Drawing","Color":{"knownColor":52,"name":null,"state":1,"value":0},"Portion":0},{"__type":"GradientColor:#PerpetuumSoft.Framework.Drawing","Color":{"knownColor":74,"name":null,"state":1,"value":0},"Portion":1}],"EndColor":{"knownColor":74,"name":null,"state":1,"value":0},"StartColor":{"knownColor":52,"name":null,"state":1,"value":0}},"JSBindingsText":null,"Name":"RangedLevel1","RecalculateAll":false,"Smooth":true,"Stroke":{"__type":"SimpleStroke:#PerpetuumSoft.Framework.Drawing","Width":1,"Color":{"knownColor":35,"name":null,"state":1,"value":0},"DashLenght":5,"DotLenght":1,"SpaceLenght":2,"Style":0},"Style":"Default","ToolTipValue":null,"Visible":true,"Colorizer":null,"Distance":353.125,"Dock":0,"MaxLimitWrapper":{"__type":"SmartValueWrapper:#PerpetuumSoft.Instrumentation.Model","Kind":0,"Value":0},"MinLimitWrapper":{"__type":"SmartValueWrapper:#PerpetuumSoft.Instrumentation.Model","Kind":0,"Value":0},"OriginWrapper":{"__type":"SmartValueWrapper:#PerpetuumSoft.Instrumentation.Model","Kind":0,"Value":0},"Padding":0,"ValueWrapper":{"__type":"SmartValueWrapper:#PerpetuumSoft.Instrumentation.Model","Kind":0,"Value":0},"Colors":[],"Divisions":0,"DivisionsStroke":null,"EndColor":{"knownColor":164,"name":null,"state":1,"value":0},"StartColor":{"knownColor":35,"name":null,"state":1,"value":0},"AlignmentMode":0,"EndWidth":46.875,"StartWidth":46.875},{"__type":"Ticks:#PerpetuumSoft.Instrumentation.Model","Active":true,"BreakEventsBubbling":false,"CssClass":{},"Fill":null,"JSBindingsText":null,"Name":"Ticks1","RecalculateAll":false,"Smooth":true,"Stroke":{"__type":"SimpleStroke:#PerpetuumSoft.Framework.Drawing","Width":10,"Color":{"knownColor":0,"name":null,"state":2,"value":4280455413},"DashLenght":5,"DotLenght":1,"SpaceLenght":2,"Style":1},"Style":"Default","ToolTipValue":null,"Visible":true,"Colorizer":null,"Distance":353.125,"Dock":0,"MaxLimitWrapper":{"__type":"SmartValueWrapper:#PerpetuumSoft.Instrumentation.Model","Kind":0,"Value":0},"MinLimitWrapper":{"__type":"SmartValueWrapper:#PerpetuumSoft.Instrumentation.Model","Kind":0,"Value":0},"OriginWrapper":{"__type":"SmartValueWrapper:#PerpetuumSoft.Instrumentation.Model","Kind":0,"Value":0},"Padding":0,"Divisions":10,"StepWrapper":{"__type":"SmartValueWrapper:#PerpetuumSoft.Instrumentation.Model","Kind":1,"Value":1},"SubDivisions":1,"SubTicksPosition":0,"UseDescreteValues":false,"UseRoundValues":false,"Length":37.5,"SubLength":5},{"__type":"ScaleLabels:#PerpetuumSoft.Instrumentation.Model","Active":true,"BreakEventsBubbling":false,"CssClass":{},"Fill":null,"JSBindingsText":null,"Name":"ScaleLabels1","RecalculateAll":false,"Smooth":true,"Stroke":{"__type":"SimpleStroke:#PerpetuumSoft.Framework.Drawing","Width":1,"Color":{"knownColor":35,"name":null,"state":1,"value":0},"DashLenght":5,"DotLenght":1,"SpaceLenght":2,"Style":0},"Style":"Default","ToolTipValue":null,"Visible":true,"Colorizer":{"__type":"SingleColorColorizer:#PerpetuumSoft.Instrumentation.Model.Drawing","Color":{"knownColor":0,"name":null,"state":2,"value":4280455413}},"Distance":450,"Dock":0,"MaxLimitWrapper":{"__type":"SmartValueWrapper:#PerpetuumSoft.Instrumentation.Model","Kind":0,"Value":0},"MinLimitWrapper":{"__type":"SmartValueWrapper:#PerpetuumSoft.Instrumentation.Model","Kind":0,"Value":0},"OriginWrapper":{"__type":"SmartValueWrapper:#PerpetuumSoft.Instrumentation.Model","Kind":0,"Value":0},"Padding":0,"Font":{"Bold":1,"FamilyName":"Microsoft Sans Serif","Italic":2,"Size":18,"Strikeout":2,"Underline":2},"Format":{"CurrencyNegativePattern":0,"CurrencyPositivePattern":0,"CurrencySymbol":"$","DateSeparator":".","DecimalPlaces":2,"DecimalSeparator":".","FormatMask":"","FormatStyle":0,"GroupSeparator":" ","NumberNegativePattern":0,"PercentNegativePattern":0,"PercentPositivePattern":0,"UseCultureSettings":true,"UseGroupSeparator":true},"Formula":"","ItemMargins":{},"OddLabelsDistance":0,"Position":1,"ShowSuperposableLabels":true,"TextAlignment":1,"TextAngle":90,"TextRotationMode":1,"Divisions":10,"StepWrapper":{"__type":"SmartValueWrapper:#PerpetuumSoft.Instrumentation.Model","Kind":1,"Value":1},"UseRoundValues":false},{"__type":"Slider:#PerpetuumSoft.Instrumentation.Model","Active":true,"BreakEventsBubbling":false,"CssClass":{},"Fill":null,"JSBindingsText":null,"Name":"Slider1","RecalculateAll":false,"Smooth":true,"Stroke":null,"Style":"","ToolTipValue":null,"Visible":true,"Elements":[{"__type":"Needle:#PerpetuumSoft.Instrumentation.Model","Active":true,"BreakEventsBubbling":false,"CssClass":{},"Fill":{"__type":"SolidFill:#PerpetuumSoft.Framework.Drawing","Color":{"knownColor":0,"name":null,"state":2,"value":4291613660}},"JSBindingsText":"this.setEndPoint(this.getInstrument().getByName(\"Slider1\").getPosition(336.21875));\u000athis.setStartPoint(this.getInstrument().getByName(\"Slider1\").getPosition(-265.25));\u000a","Name":"Needle1","RecalculateAll":false,"Smooth":true,"Stroke":{"__type":"SimpleStroke:#PerpetuumSoft.Framework.Drawing","Width":5,"Color":{"knownColor":0,"name":null,"state":2,"value":4294507259},"DashLenght":5,"DotLenght":1,"SpaceLenght":2,"Style":1},"Style":"Default","ToolTipValue":null,"Visible":true,"EndPoint":{"Height":525.48835205747116,"Length":591.77623750322255,"Rotation":1.0929445528124773,"Width":272.14170412745216,"X":272.14170412745216,"Y":525.48835205747116},"StartPoint":{"Height":658.78379661085467,"Length":1082.2583952111672,"Rotation":0.654436311899008,"Width":858.654262976688,"X":858.654262976688,"Y":658.78379661085467},"EndWidth":0,"NeedlePoints":[{"__type":"NeedlePoint:#PerpetuumSoft.Instrumentation.Model","Portion":0.8,"Width":156.25}],"ShowMode":0,"StartWidth":156.25}],"MaxLimit":{"Kind":0,"Value":0},"MinLimit":{"Kind":0,"Value":0},"Step":1,"Value":1}],"Colorizer":null,"Maximum":5,"Minimum":0,"Reverse":false}],"Margins":{},"Center":{"Height":600,"Length":848.52813742385706,"Rotation":0.78539816339744828,"Width":600,"X":600,"Y":600},"Dock":0,"Radius":163.24947358261221,"StartAngle":141.34,"TotalAngle":257.32},{"__type":"Circle:#PerpetuumSoft.Instrumentation.Model","Active":true,"BreakEventsBubbling":false,"CssClass":{},"Fill":{"__type":"LinearGradientFill:#PerpetuumSoft.Framework.Drawing","Angle":239,"Colors":[{"__type":"GradientColor:#PerpetuumSoft.Framework.Drawing","Color":{"knownColor":35,"name":null,"state":1,"value":0},"Portion":0},{"__type":"GradientColor:#PerpetuumSoft.Framework.Drawing","Color":{"knownColor":164,"name":null,"state":1,"value":0},"Portion":1}],"EndColor":{"knownColor":164,"name":null,"state":1,"value":0},"StartColor":{"knownColor":35,"name":null,"state":1,"value":0}},"JSBindingsText":null,"Name":"Circle5","RecalculateAll":false,"Smooth":true,"Stroke":{"__type":"SimpleStroke:#PerpetuumSoft.Framework.Drawing","Width":1,"Color":{"knownColor":35,"name":null,"state":1,"value":0},"DashLenght":5,"DotLenght":1,"SpaceLenght":2,"Style":0},"Style":"Default","ToolTipValue":null,"Visible":true,"Center":{"Height":600,"Length":848.52813742385706,"Rotation":0.78539816339744828,"Width":600,"X":600,"Y":600},"Radius":121.60286009626584},{"__type":"Circle:#PerpetuumSoft.Instrumentation.Model","Active":true,"BreakEventsBubbling":false,"CssClass":{},"Fill":{"__type":"SphericalFill:#PerpetuumSoft.Framework.Drawing","Angle":0,"Colors":[{"__type":"GradientColor:#PerpetuumSoft.Framework.Drawing","Color":{"knownColor":164,"name":null,"state":1,"value":0},"Portion":0},{"__type":"GradientColor:#PerpetuumSoft.Framework.Drawing","Color":{"knownColor":150,"name":null,"state":1,"value":0},"Portion":1}],"Delta":0,"EndColor":{"knownColor":164,"name":null,"state":1,"value":0},"StartColor":{"knownColor":150,"name":null,"state":1,"value":0}},"JSBindingsText":null,"Name":"Circle4","RecalculateAll":false,"Smooth":true,"Stroke":{"__type":"SimpleStroke:#PerpetuumSoft.Framework.Drawing","Width":1,"Color":{"knownColor":35,"name":null,"state":1,"value":0},"DashLenght":5,"DotLenght":1,"SpaceLenght":2,"Style":0},"Style":"Default","ToolTipValue":null,"Visible":true,"Center":{"Height":600,"Length":848.52813742385706,"Rotation":0.78539816339744828,"Width":600,"X":600,"Y":600},"Radius":112.1876997009856},{"__type":"Circle:#PerpetuumSoft.Instrumentation.Model","Active":true,"BreakEventsBubbling":false,"CssClass":{},"Fill":{"__type":"LinearGradientFill:#PerpetuumSoft.Framework.Drawing","Angle":90,"Colors":[{"__type":"GradientColor:#PerpetuumSoft.Framework.Drawing","Color":{"knownColor":0,"name":null,"state":2,"value":4294835709},"Portion":0},{"__type":"GradientColor:#PerpetuumSoft.Framework.Drawing","Color":{"knownColor":0,"name":null,"state":2,"value":4291613660},"Portion":1}],"EndColor":{"knownColor":0,"name":null,"state":2,"value":4291613660},"StartColor":{"knownColor":0,"name":null,"state":2,"value":4294835709}},"JSBindingsText":null,"Name":"Circle3","RecalculateAll":false,"Smooth":true,"Stroke":{"__type":"SimpleStroke:#PerpetuumSoft.Framework.Drawing","Width":20,"Color":{"knownColor":0,"name":null,"state":2,"value":4291613660},"DashLenght":5,"DotLenght":1,"SpaceLenght":2,"Style":1},"Style":"Default","ToolTipValue":null,"Visible":true,"Center":{"Height":600,"Length":848.52813742385706,"Rotation":0.78539816339744828,"Width":600,"X":600,"Y":600},"Radius":67.657885806152876},{"__type":"Circle:#PerpetuumSoft.Instrumentation.Model","Active":true,"BreakEventsBubbling":false,"CssClass":{},"Fill":{"__type":"SolidFill:#PerpetuumSoft.Framework.Drawing","Color":{"knownColor":0,"name":null,"state":2,"value":4284273150}},"JSBindingsText":null,"Name":"Circle2","RecalculateAll":false,"Smooth":true,"Stroke":{"__type":"SimpleStroke:#PerpetuumSoft.Framework.Drawing","Width":1,"Color":{"knownColor":35,"name":null,"state":1,"value":0},"DashLenght":5,"DotLenght":1,"SpaceLenght":2,"Style":0},"Style":"Default","ToolTipValue":null,"Visible":true,"Center":{"Height":600,"Length":848.52813742385706,"Rotation":0.78539816339744828,"Width":600,"X":600,"Y":600},"Radius":33.210678118654869}],"Enabled":true,"Focused":false,"GridStep":50,"IsFixed":false,"MeasureUnit":{},"Parameters":[],"ShowGrid":true,"Size":{"Height":1193.75,"Length":1688.2174400828822,"Rotation":0.78539816339744828,"Width":1193.75,"X":1193.75,"Y":1193.75},"SnapToGrid":false,"Styles":[{"__type":"Style:#PerpetuumSoft.Instrumentation.Styles","Fill":null,"Font":{"Bold":0,"FamilyName":"Microsoft Sans Serif","Italic":0,"Size":10,"Strikeout":0,"Underline":0},"Image":null,"Name":"Default","Stroke":{"__type":"SimpleStroke:#PerpetuumSoft.Framework.Drawing","Width":1,"Color":{"knownColor":35,"name":null,"state":1,"value":0},"DashLenght":5,"DotLenght":1,"SpaceLenght":2,"Style":0}}]}