{"Active":true,"BreakEventsBubbling":false,"CssClass":{},"Fill":null,"JSBindingsText":null,"Name":"Instrument","RecalculateAll":false,"Smooth":true,"Stroke":null,"Style":"","ToolTipValue":null,"Visible":true,"Elements":[{"__type":"RoundedRectangle:#PerpetuumSoft.Instrumentation.Model","Active":true,"BreakEventsBubbling":false,"CssClass":{},"Fill":{"__type":"LinearGradientFill:#PerpetuumSoft.Framework.Drawing","Angle":270,"Colors":[{"__type":"GradientColor:#PerpetuumSoft.Framework.Drawing","Color":{"knownColor":0,"name":null,"state":2,"value":4286743170},"Portion":0},{"__type":"GradientColor:#PerpetuumSoft.Framework.Drawing","Color":{"knownColor":0,"name":null,"state":2,"value":4293322470},"Portion":1}],"EndColor":{"knownColor":0,"name":null,"state":2,"value":4293322470},"StartColor":{"knownColor":0,"name":null,"state":2,"value":4286743170}},"JSBindingsText":"this.setCenter(new PerfectWidgets.Framework.DataObjects.Vector((this.getInstrument().getByName('Instrument') .getSize() .getWidth()\/2),(this.getInstrument().getByName('Instrument') .getSize() .getHeight()\/2)));\u000a","Name":"RoundedRectangle1","RecalculateAll":false,"Smooth":true,"Stroke":null,"Style":"RoundedRectangle1","ToolTipValue":null,"Visible":true,"Center":{"Height":375,"Length":929.04520880310236,"Rotation":0.41549209594089065,"Width":850,"X":850,"Y":375},"Size":{"Height":718.75,"Length":1822.6976058852988,"Rotation":0.40534203389085816,"Width":1675,"X":1675,"Y":718.75},"Angle":0,"Radius":50},{"__type":"RoundedRectangle:#PerpetuumSoft.Instrumentation.Model","Active":true,"BreakEventsBubbling":false,"CssClass":{},"Fill":{"__type":"SolidFill:#PerpetuumSoft.Framework.Drawing","Color":{"knownColor":0,"name":null,"state":2,"value":4291348680}},"JSBindingsText":"this.setCenter(this.getInstrument().getByName('RoundedRectangle1') .getCenter());\u000a","Name":"RoundedRectangle3","RecalculateAll":false,"Smooth":true,"Stroke":null,"Style":"RoundedRectangle3","ToolTipValue":null,"Visible":true,"Center":{"Height":375,"Length":929.04520880310236,"Rotation":0.41549209594089065,"Width":850,"X":850,"Y":375},"Size":{"Height":693.75,"Length":1789.9131438424604,"Rotation":0.39801431562885181,"Width":1650,"X":1650,"Y":693.75},"Angle":0,"Radius":43.75},{"__type":"RoundedRectangle:#PerpetuumSoft.Instrumentation.Model","Active":true,"BreakEventsBubbling":false,"CssClass":{},"Fill":{"__type":"LinearGradientFill:#PerpetuumSoft.Framework.Drawing","Angle":270,"Colors":[{"__type":"GradientColor:#PerpetuumSoft.Framework.Drawing","Color":{"knownColor":0,"name":null,"state":2,"value":4293322470},"Portion":0},{"__type":"GradientColor:#PerpetuumSoft.Framework.Drawing","Color":{"knownColor":0,"name":null,"state":2,"value":4286743170},"Portion":1}],"EndColor":{"knownColor":0,"name":null,"state":2,"value":4286743170},"StartColor":{"knownColor":0,"name":null,"state":2,"value":4293322470}},"JSBindingsText":"this.setCenter(this.getInstrument().getByName('RoundedRectangle1') .getCenter());\u000a","Name":"RoundedRectangle4","RecalculateAll":false,"Smooth":true,"Stroke":null,"Style":"RoundedRectangle4","ToolTipValue":null,"Visible":true,"Center":{"Height":375,"Length":929.04520880310236,"Rotation":0.41549209594089065,"Width":850,"X":850,"Y":375},"Size":{"Height":606.25,"Length":1675.9908449928955,"Rotation":0.37011893909174431,"Width":1562.5,"X":1562.5,"Y":606.25},"Angle":0,"Radius":43.75},{"__type":"RoundedRectangle:#PerpetuumSoft.Instrumentation.Model","Active":true,"BreakEventsBubbling":false,"CssClass":{},"Fill":{"__type":"MultiGradientFill:#PerpetuumSoft.Framework.Drawing","Angle":90,"Colors":[{"__type":"GradientColor:#PerpetuumSoft.Framework.Drawing","Color":{"knownColor":0,"name":null,"state":2,"value":4293322470},"Portion":0},{"__type":"GradientColor:#PerpetuumSoft.Framework.Drawing","Color":{"knownColor":164,"name":null,"state":1,"value":0},"Portion":0.43827160493827161},{"__type":"GradientColor:#PerpetuumSoft.Framework.Drawing","Color":{"knownColor":0,"name":null,"state":2,"value":4293848814},"Portion":0.72222222222222221},{"__type":"GradientColor:#PerpetuumSoft.Framework.Drawing","Color":{"knownColor":0,"name":null,"state":2,"value":4290765289},"Portion":1}]},"JSBindingsText":"this.setCenter(this.getInstrument().getByName('RoundedRectangle1') .getCenter());\u000a","Name":"RoundedRectangle2","RecalculateAll":false,"Smooth":true,"Stroke":null,"Style":"RoundedRectangle2","ToolTipValue":null,"Visible":true,"Center":{"Height":375,"Length":929.04520880310236,"Rotation":0.41549209594089065,"Width":850,"X":850,"Y":375},"Size":{"Height":581.25,"Length":1643.7024707957337,"Rotation":0.36144089089355258,"Width":1537.5,"X":1537.5,"Y":581.25},"Angle":0,"Radius":37.5},{"__type":"Joint:#PerpetuumSoft.Instrumentation.Model","Active":true,"BreakEventsBubbling":false,"CssClass":{},"Fill":null,"JSBindingsText":"this.setCenter(this.getInstrument().getByName('RoundedRectangle1') .getCenter().add(new PerfectWidgets.Framework.DataObjects.Vector(0,843.75)));\u000a","Name":"Joint1","RecalculateAll":false,"Smooth":true,"Stroke":null,"Style":"","ToolTipValue":null,"Visible":true,"Elements":[{"__type":"Scale:#PerpetuumSoft.Instrumentation.Model","Active":true,"BreakEventsBubbling":false,"CssClass":{},"Fill":null,"JSBindingsText":null,"Name":"Scale1","RecalculateAll":false,"Smooth":true,"Stroke":null,"Style":"","ToolTipValue":null,"Visible":true,"Elements":[{"__type":"Ticks:#PerpetuumSoft.Instrumentation.Model","Active":true,"BreakEventsBubbling":false,"CssClass":{},"Fill":null,"JSBindingsText":"this.setDistance((this.getInstrument().getByName('Joint1') .getRadius()+75));\u000a","Name":"Ticks1","RecalculateAll":false,"Smooth":true,"Stroke":{"__type":"SimpleStroke:#PerpetuumSoft.Framework.Drawing","Width":9,"Color":{"knownColor":0,"name":null,"state":2,"value":4278600066},"DashLenght":5,"DotLenght":1,"SpaceLenght":2,"Style":1},"Style":"Ticks1","ToolTipValue":null,"Visible":true,"Colorizer":null,"Distance":1050,"Dock":0,"MaxLimitWrapper":{"__type":"SmartValueWrapper:#PerpetuumSoft.Instrumentation.Model","Kind":0,"Value":0},"MinLimitWrapper":{"__type":"SmartValueWrapper:#PerpetuumSoft.Instrumentation.Model","Kind":0,"Value":0},"OriginWrapper":{"__type":"SmartValueWrapper:#PerpetuumSoft.Instrumentation.Model","Kind":0,"Value":0},"Padding":0,"Divisions":10,"StepWrapper":{"__type":"SmartValueWrapper:#PerpetuumSoft.Instrumentation.Model","Kind":0,"Value":0},"SubDivisions":5,"SubTicksPosition":0,"UseDescreteValues":false,"UseRoundValues":false,"Length":75,"SubLength":46.875},{"__type":"ScaleLabels:#PerpetuumSoft.Instrumentation.Model","Active":true,"BreakEventsBubbling":false,"CssClass":{},"Fill":null,"JSBindingsText":"this.setDistance((this.getInstrument().getByName('Joint1') .getRadius()-125));\u000a","Name":"ScaleLabels1","RecalculateAll":false,"Smooth":true,"Stroke":null,"Style":"ScaleLabels1","ToolTipValue":null,"Visible":true,"Colorizer":{"__type":"SingleColorColorizer:#PerpetuumSoft.Instrumentation.Model.Drawing","Color":{"knownColor":0,"name":null,"state":2,"value":4284273150}},"Distance":850,"Dock":0,"MaxLimitWrapper":{"__type":"SmartValueWrapper:#PerpetuumSoft.Instrumentation.Model","Kind":0,"Value":0},"MinLimitWrapper":{"__type":"SmartValueWrapper:#PerpetuumSoft.Instrumentation.Model","Kind":0,"Value":0},"OriginWrapper":{"__type":"SmartValueWrapper:#PerpetuumSoft.Instrumentation.Model","Kind":0,"Value":0},"Padding":0,"Font":{"Bold":2,"FamilyName":"Britannic Bold","Italic":2,"Size":20.25,"Strikeout":2,"Underline":2},"Format":{"CurrencyNegativePattern":0,"CurrencyPositivePattern":0,"CurrencySymbol":"$","DateSeparator":".","DecimalPlaces":2,"DecimalSeparator":".","FormatMask":"","FormatStyle":0,"GroupSeparator":" ","NumberNegativePattern":0,"PercentNegativePattern":0,"PercentPositivePattern":0,"UseCultureSettings":true,"UseGroupSeparator":true},"Formula":"","ItemMargins":{},"OddLabelsDistance":0,"Position":1,"ShowSuperposableLabels":true,"TextAlignment":1,"TextAngle":90,"TextRotationMode":1,"Divisions":2,"StepWrapper":{"__type":"SmartValueWrapper:#PerpetuumSoft.Instrumentation.Model","Kind":0,"Value":0},"UseRoundValues":false},{"__type":"RangedLevel:#PerpetuumSoft.Instrumentation.Model","Active":true,"BreakEventsBubbling":false,"CssClass":{},"Fill":{"__type":"LinearGradientFill:#PerpetuumSoft.Framework.Drawing","Angle":90,"Colors":[{"__type":"GradientColor:#PerpetuumSoft.Framework.Drawing","Color":{"knownColor":0,"name":null,"state":2,"value":4290765294},"Portion":0},{"__type":"GradientColor:#PerpetuumSoft.Framework.Drawing","Color":{"knownColor":0,"name":null,"state":2,"value":4291488758},"Portion":1}],"EndColor":{"knownColor":0,"name":null,"state":2,"value":4291488758},"StartColor":{"knownColor":0,"name":null,"state":2,"value":4290765294}},"JSBindingsText":"this.setDistance(this.getInstrument().getByName('Joint1') .getRadius());\u000a","Name":"RangedLevel2","RecalculateAll":false,"Smooth":true,"Stroke":{"__type":"SimpleStroke:#PerpetuumSoft.Framework.Drawing","Width":6,"Color":{"knownColor":0,"name":null,"state":2,"value":4278337922},"DashLenght":5,"DotLenght":1,"SpaceLenght":2,"Style":1},"Style":"RangedLevel2","ToolTipValue":null,"Visible":true,"Colorizer":null,"Distance":975,"Dock":0,"MaxLimitWrapper":{"__type":"SmartValueWrapper:#PerpetuumSoft.Instrumentation.Model","Kind":0,"Value":0},"MinLimitWrapper":{"__type":"SmartValueWrapper:#PerpetuumSoft.Instrumentation.Model","Kind":0,"Value":0},"OriginWrapper":{"__type":"SmartValueWrapper:#PerpetuumSoft.Instrumentation.Model","Kind":0,"Value":0},"Padding":0,"ValueWrapper":{"__type":"SmartValueWrapper:#PerpetuumSoft.Instrumentation.Model","Kind":0,"Value":0},"Colors":[],"Divisions":0,"DivisionsStroke":null,"EndColor":{"knownColor":35,"name":null,"state":1,"value":0},"StartColor":{"knownColor":35,"name":null,"state":1,"value":0},"AlignmentMode":2,"EndWidth":106.25,"StartWidth":106.25},{"__type":"Slider:#PerpetuumSoft.Instrumentation.Model","Active":true,"BreakEventsBubbling":false,"CssClass":{},"Fill":null,"JSBindingsText":null,"Name":"Slider1","RecalculateAll":true,"Smooth":true,"Stroke":null,"Style":"","ToolTipValue":null,"Visible":true,"Elements":[{"__type":"RangedLevel:#PerpetuumSoft.Instrumentation.Model","Active":true,"BreakEventsBubbling":false,"CssClass":{},"Fill":{"__type":"LinearGradientFill:#PerpetuumSoft.Framework.Drawing","Angle":90,"Colors":[{"__type":"GradientColor:#PerpetuumSoft.Framework.Drawing","Color":{"knownColor":0,"name":null,"state":2,"value":4284273150},"Portion":0},{"__type":"GradientColor:#PerpetuumSoft.Framework.Drawing","Color":{"knownColor":0,"name":null,"state":2,"value":4280586997},"Portion":1}],"EndColor":{"knownColor":0,"name":null,"state":2,"value":4280586997},"StartColor":{"knownColor":0,"name":null,"state":2,"value":4284273150}},"JSBindingsText":"this.setValue(this.getInstrument().getByName('Slider1').getAnimationValue());\u000athis.setDistance(this.getInstrument().getByName('Joint1') .getRadius());\u000a","Name":"RangedLevel1","RecalculateAll":false,"Smooth":true,"Stroke":null,"Style":"RangedLevel1","ToolTipValue":null,"Visible":true,"Colorizer":null,"Distance":975,"Dock":0,"MaxLimitWrapper":{"__type":"SmartValueWrapper:#PerpetuumSoft.Instrumentation.Model","Kind":0,"Value":0},"MinLimitWrapper":{"__type":"SmartValueWrapper:#PerpetuumSoft.Instrumentation.Model","Kind":0,"Value":0},"OriginWrapper":{"__type":"SmartValueWrapper:#PerpetuumSoft.Instrumentation.Model","Kind":0,"Value":0},"Padding":0,"ValueWrapper":{"__type":"SmartValueWrapper:#PerpetuumSoft.Instrumentation.Model","Kind":1,"Value":49.636451222061737},"Colors":[],"Divisions":0,"DivisionsStroke":null,"EndColor":{"knownColor":164,"name":null,"state":1,"value":0},"StartColor":{"knownColor":164,"name":null,"state":1,"value":0},"AlignmentMode":2,"EndWidth":100,"StartWidth":100},{"__type":"Guide:#PerpetuumSoft.Instrumentation.Model","Active":true,"BreakEventsBubbling":false,"CssClass":{},"Fill":null,"JSBindingsText":"this.setEndPoint(this.getInstrument().getByName(\"Slider1\").getScale().valueToPoint(100,(this.getInstrument().getByName('Joint1') .getRadius()*0.71)));\u000athis.setStartPoint(this.getInstrument().getByName(\"Slider1\").getScale().valueToPoint(0,(this.getInstrument().getByName('Joint1') .getRadius()*0.71)));\u000a","Name":"Guide1","RecalculateAll":false,"Smooth":true,"Stroke":null,"Style":"","ToolTipValue":null,"Visible":true,"Elements":[{"__type":"Scale:#PerpetuumSoft.Instrumentation.Model","Active":true,"BreakEventsBubbling":false,"CssClass":{},"Fill":null,"JSBindingsText":null,"Name":"Scale2","RecalculateAll":false,"Smooth":true,"Stroke":null,"Style":"","ToolTipValue":null,"Visible":true,"Elements":[{"__type":"Slider:#PerpetuumSoft.Instrumentation.Model","Active":true,"BreakEventsBubbling":false,"CssClass":{},"Fill":null,"JSBindingsText":"this.setValue(this.getInstrument().getByName('Slider1').getAnimationValue());\u000a","Name":"Slider2","RecalculateAll":false,"Smooth":true,"Stroke":null,"Style":"","ToolTipValue":null,"Visible":true,"Elements":[{"__type":"Line:#PerpetuumSoft.Instrumentation.Model","Active":true,"BreakEventsBubbling":false,"CssClass":{},"Fill":null,"JSBindingsText":"this.setStartPoint(this.getInstrument().getByName(\"Slider2\").getScale().valueToPoint(this.getInstrument().getByName('Slider2').getAnimationValue(),0));\u000athis.setEndPoint(this.getInstrument().getByName(\"Slider2\").getScale().valueToPoint(this.getInstrument().getByName('Slider2').getAnimationValue(),0));\u000a","Name":"Line1","RecalculateAll":false,"Smooth":true,"Stroke":null,"Style":"Default","ToolTipValue":null,"Visible":true,"EndPoint":{"Height":688.45573425088742,"Length":1091.3210558029468,"Rotation":0.68264331403621314,"Width":846.76463602109061,"X":846.76463602109061,"Y":688.45573425088742},"StartPoint":{"Height":688.45573425088742,"Length":1091.3210558029468,"Rotation":0.68264331403621314,"Width":846.76463602109061,"X":846.76463602109061,"Y":688.45573425088742}}],"MaxLimit":{"Kind":0,"Value":0},"MinLimit":{"Kind":0,"Value":0},"Step":0,"Value":49.636451222061737}],"Colorizer":null,"Maximum":100,"Minimum":0,"Reverse":false}],"Margins":{},"Align":0,"EndPoint":{"Height":688.45573425088742,"Length":1466.6007912877653,"Rotation":0.48863687476989631,"Width":1294.9697228055068,"X":1294.9697228055068,"Y":688.45573425088742},"GuideDirection":0,"StartPoint":{"Height":688.45573425088753,"Length":798.76205685246248,"Rotation":1.0390114897796867,"Width":405.03027719449307,"X":405.03027719449307,"Y":688.45573425088753}},{"__type":"Needle:#PerpetuumSoft.Instrumentation.Model","Active":true,"BreakEventsBubbling":false,"CssClass":{},"Fill":{"__type":"SolidFill:#PerpetuumSoft.Framework.Drawing","Color":{"knownColor":0,"name":null,"state":2,"value":4278337922}},"JSBindingsText":"this.setEndPoint(this.getInstrument().getByName(\"Slider1\").getPosition((this.getInstrument().getByName('Joint1') .getRadius()+50)));\u000athis.setStartPoint(this.getInstrument().getByName('Line1') .getStartPoint());\u000a","Name":"Needle1","RecalculateAll":false,"Smooth":true,"Stroke":null,"Style":"Needle1","ToolTipValue":null,"Visible":true,"EndPoint":{"Height":193.76320544450869,"Length":866.73305409544969,"Rotation":0.22546108853678562,"Width":844.79702134743275,"X":844.79702134743275,"Y":193.76320544450869},"StartPoint":{"Height":688.45573425088742,"Length":1091.3210558029468,"Rotation":0.68264331403621314,"Width":846.76463602109061,"X":846.76463602109061,"Y":688.45573425088742},"EndWidth":0,"NeedlePoints":[],"ShowMode":0,"StartWidth":43.75}],"MaxLimit":{"Kind":0,"Value":0},"MinLimit":{"Kind":0,"Value":0},"Step":0,"Value":49.636451222061737}],"Colorizer":null,"Maximum":100,"Minimum":0,"Reverse":false}],"Margins":{},"Center":{"Height":1218.75,"Length":1485.8841013013093,"Rotation":0.9617933103906694,"Width":850,"X":850,"Y":1218.75},"Dock":0,"Radius":975,"StartAngle":230,"TotalAngle":80},{"__type":"Rectangle:#PerpetuumSoft.Instrumentation.Model","Active":true,"BreakEventsBubbling":false,"CssClass":{},"Fill":{"__type":"SolidFill:#PerpetuumSoft.Framework.Drawing","Color":{"knownColor":0,"name":null,"state":2,"value":4293256677}},"JSBindingsText":"this.setCenter(this.getInstrument().getByName('RoundedRectangle4') .getCenter().add(new PerfectWidgets.Framework.DataObjects.Vector(0,(((this.getInstrument().getByName('RoundedRectangle4') .getSize() .getHeight()\/2)-(this.getInstrument().getByName('Rectangle1') .getSize() .getHeight()\/2))+1.5625))));\u000a","Name":"Rectangle1","RecalculateAll":false,"Smooth":true,"Stroke":null,"Style":"Rectangle1","ToolTipValue":null,"Visible":true,"Center":{"Height":673.4375,"Length":1084.4436667740054,"Rotation":0.670015504849237,"Width":850,"X":850,"Y":673.4375},"Size":{"Height":12.5,"Length":1050.0744021258684,"Rotation":0.01190419955830983,"Width":1050,"X":1050,"Y":12.5},"Angle":0},{"__type":"Rectangle:#PerpetuumSoft.Instrumentation.Model","Active":true,"BreakEventsBubbling":false,"CssClass":{},"Fill":{"__type":"SolidFill:#PerpetuumSoft.Framework.Drawing","Color":{"knownColor":0,"name":null,"state":2,"value":4291348680}},"JSBindingsText":"this.setCenter(this.getInstrument().getByName('RoundedRectangle3') .getCenter().add(new PerfectWidgets.Framework.DataObjects.Vector(0,((this.getInstrument().getByName('RoundedRectangle3') .getSize() .getHeight()\/2)-(this.getInstrument().getByName('Rectangle2') .getSize() .getHeight()\/2)))));\u000a","Name":"Rectangle2","RecalculateAll":false,"Smooth":true,"Stroke":null,"Style":"Rectangle2","ToolTipValue":null,"Visible":true,"Center":{"Height":700,"Length":1101.1357772772619,"Rotation":0.68892438821486135,"Width":850,"X":850,"Y":700},"Size":{"Height":43.75,"Length":1050.9110630781274,"Rotation":0.041642579098588421,"Width":1050,"X":1050,"Y":43.75},"Angle":0}],"Enabled":true,"Focused":false,"GridStep":25,"IsFixed":false,"MeasureUnit":{},"Parameters":[],"ShowGrid":true,"Size":{"Height":750,"Length":1858.0904176062047,"Rotation":0.41549209594089065,"Width":1700,"X":1700,"Y":750},"SnapToGrid":true,"Styles":[{"__type":"Style:#PerpetuumSoft.Instrumentation.Styles","Fill":null,"Font":{"Bold":0,"FamilyName":"Microsoft Sans Serif","Italic":0,"Size":10,"Strikeout":0,"Underline":0},"Image":null,"Name":"Default","Stroke":null},{"__type":"Style:#PerpetuumSoft.Instrumentation.Styles","Fill":null,"Font":null,"Image":null,"Name":"Ticks1","Stroke":{"__type":"SimpleStroke:#PerpetuumSoft.Framework.Drawing","Width":9,"Color":{"knownColor":0,"name":null,"state":2,"value":4278600066},"DashLenght":5,"DotLenght":1,"SpaceLenght":2,"Style":1}},{"__type":"Style:#PerpetuumSoft.Instrumentation.Styles","Fill":{"__type":"SolidFill:#PerpetuumSoft.Framework.Drawing","Color":{"knownColor":0,"name":null,"state":2,"value":4278337922}},"Font":null,"Image":null,"Name":"Needle1","Stroke":null},{"__type":"Style:#PerpetuumSoft.Instrumentation.Styles","Fill":null,"Font":{"Bold":2,"FamilyName":"Britannic Bold","Italic":2,"Size":20.25,"Strikeout":2,"Underline":2},"Image":null,"Name":"ScaleLabels1","Stroke":null},{"__type":"Style:#PerpetuumSoft.Instrumentation.Styles","Fill":null,"Font":{"Bold":2,"FamilyName":"Britannic Bold","Italic":2,"Size":21.75,"Strikeout":2,"Underline":2},"Image":null,"Name":"ScaleLabels2","Stroke":null},{"__type":"Style:#PerpetuumSoft.Instrumentation.Styles","Fill":{"__type":"LinearGradientFill:#PerpetuumSoft.Framework.Drawing","Angle":90,"Colors":[{"__type":"GradientColor:#PerpetuumSoft.Framework.Drawing","Color":{"knownColor":0,"name":null,"state":2,"value":4284273150},"Portion":0},{"__type":"GradientColor:#PerpetuumSoft.Framework.Drawing","Color":{"knownColor":0,"name":null,"state":2,"value":4280586997},"Portion":1}],"EndColor":{"knownColor":0,"name":null,"state":2,"value":4280586997},"StartColor":{"knownColor":0,"name":null,"state":2,"value":4284273150}},"Font":null,"Image":null,"Name":"RangedLevel1","Stroke":null},{"__type":"Style:#PerpetuumSoft.Instrumentation.Styles","Fill":{"__type":"LinearGradientFill:#PerpetuumSoft.Framework.Drawing","Angle":90,"Colors":[{"__type":"GradientColor:#PerpetuumSoft.Framework.Drawing","Color":{"knownColor":0,"name":null,"state":2,"value":4290765294},"Portion":0},{"__type":"GradientColor:#PerpetuumSoft.Framework.Drawing","Color":{"knownColor":0,"name":null,"state":2,"value":4291488758},"Portion":1}],"EndColor":{"knownColor":0,"name":null,"state":2,"value":4291488758},"StartColor":{"knownColor":0,"name":null,"state":2,"value":4290765294}},"Font":null,"Image":null,"Name":"RangedLevel2","Stroke":{"__type":"SimpleStroke:#PerpetuumSoft.Framework.Drawing","Width":6,"Color":{"knownColor":0,"name":null,"state":2,"value":4278337922},"DashLenght":5,"DotLenght":1,"SpaceLenght":2,"Style":1}},{"__type":"Style:#PerpetuumSoft.Instrumentation.Styles","Fill":{"__type":"MultiGradientFill:#PerpetuumSoft.Framework.Drawing","Angle":90,"Colors":[{"__type":"GradientColor:#PerpetuumSoft.Framework.Drawing","Color":{"knownColor":0,"name":null,"state":2,"value":4293322470},"Portion":0},{"__type":"GradientColor:#PerpetuumSoft.Framework.Drawing","Color":{"knownColor":164,"name":null,"state":1,"value":0},"Portion":0.43827160493827161},{"__type":"GradientColor:#PerpetuumSoft.Framework.Drawing","Color":{"knownColor":0,"name":null,"state":2,"value":4293848814},"Portion":0.72222222222222221},{"__type":"GradientColor:#PerpetuumSoft.Framework.Drawing","Color":{"knownColor":0,"name":null,"state":2,"value":4290765289},"Portion":1}]},"Font":null,"Image":null,"Name":"RoundedRectangle2","Stroke":null},{"__type":"Style:#PerpetuumSoft.Instrumentation.Styles","Fill":{"__type":"LinearGradientFill:#PerpetuumSoft.Framework.Drawing","Angle":270,"Colors":[{"__type":"GradientColor:#PerpetuumSoft.Framework.Drawing","Color":{"knownColor":0,"name":null,"state":2,"value":4286743170},"Portion":0},{"__type":"GradientColor:#PerpetuumSoft.Framework.Drawing","Color":{"knownColor":0,"name":null,"state":2,"value":4293322470},"Portion":1}],"EndColor":{"knownColor":0,"name":null,"state":2,"value":4293322470},"StartColor":{"knownColor":0,"name":null,"state":2,"value":4286743170}},"Font":null,"Image":null,"Name":"RoundedRectangle1","Stroke":null},{"__type":"Style:#PerpetuumSoft.Instrumentation.Styles","Fill":{"__type":"LinearGradientFill:#PerpetuumSoft.Framework.Drawing","Angle":270,"Colors":[{"__type":"GradientColor:#PerpetuumSoft.Framework.Drawing","Color":{"knownColor":0,"name":null,"state":2,"value":4293322470},"Portion":0},{"__type":"GradientColor:#PerpetuumSoft.Framework.Drawing","Color":{"knownColor":0,"name":null,"state":2,"value":4286743170},"Portion":1}],"EndColor":{"knownColor":0,"name":null,"state":2,"value":4286743170},"StartColor":{"knownColor":0,"name":null,"state":2,"value":4293322470}},"Font":null,"Image":null,"Name":"RoundedRectangle4","Stroke":null},{"__type":"Style:#PerpetuumSoft.Instrumentation.Styles","Fill":{"__type":"SolidFill:#PerpetuumSoft.Framework.Drawing","Color":{"knownColor":0,"name":null,"state":2,"value":4291348680}},"Font":null,"Image":null,"Name":"RoundedRectangle3","Stroke":null},{"__type":"Style:#PerpetuumSoft.Instrumentation.Styles","Fill":{"__type":"SolidFill:#PerpetuumSoft.Framework.Drawing","Color":{"knownColor":0,"name":null,"state":2,"value":4293256677}},"Font":null,"Image":null,"Name":"Rectangle1","Stroke":null},{"__type":"Style:#PerpetuumSoft.Instrumentation.Styles","Fill":{"__type":"SolidFill:#PerpetuumSoft.Framework.Drawing","Color":{"knownColor":0,"name":null,"state":2,"value":4291348680}},"Font":null,"Image":null,"Name":"Rectangle2","Stroke":null}]}