{"Active":true,"BreakEventsBubbling":false,"CssClass":{},"Fill":null,"JSBindingsText":null,"Name":"Instrument","RecalculateAll":false,"Smooth":true,"Stroke":null,"Style":"","ToolTipValue":null,"Visible":true,"Elements":[{"__type":"Joint:#PerpetuumSoft.Instrumentation.Model","Active":true,"BreakEventsBubbling":false,"CssClass":{},"Fill":null,"JSBindingsText":null,"Name":"Joint1","RecalculateAll":false,"Smooth":true,"Stroke":null,"Style":"","ToolTipValue":null,"Visible":true,"Elements":[{"__type":"Scale:#PerpetuumSoft.Instrumentation.Model","Active":true,"BreakEventsBubbling":false,"CssClass":{},"Fill":null,"JSBindingsText":null,"Name":"Scale1","RecalculateAll":false,"Smooth":true,"Stroke":null,"Style":"","ToolTipValue":null,"Visible":true,"Elements":[{"__type":"RingSector:#PerpetuumSoft.Instrumentation.Model","Active":true,"BreakEventsBubbling":false,"CssClass":{},"Fill":{"__type":"SolidFill:#PerpetuumSoft.Framework.Drawing","Color":{"knownColor":150,"name":null,"state":1,"value":0}},"JSBindingsText":"this.setCenter(this.getInstrument().getByName('Joint1').getCenter());\u000athis.setSize(new PerfectWidgets.Framework.DataObjects.Vector((2*(this.getInstrument().getByName('Joint1').getRadius()-100)),(2*(this.getInstrument().getByName('Joint1').getRadius()-100))));\u000athis.setSweepAngle(this.getInstrument().getByName('Joint1').getTotalAngle());\u000athis.setStartAngle(this.getInstrument().getByName('Joint1').getStartAngle());\u000a","Name":"RingSector2","RecalculateAll":false,"Smooth":true,"Stroke":null,"Style":"Sector","ToolTipValue":null,"Visible":true,"Center":{"Height":350,"Length":494.97474683058329,"Rotation":0.78539816339744828,"Width":350,"X":350,"Y":350},"Size":{"Height":500,"Length":707.10678118654755,"Rotation":0.78539816339744828,"Width":500,"X":500,"Y":500},"Angle":0,"StartAngle":120,"SweepAngle":300,"InternalRadius":0.7},{"__type":"Slider:#PerpetuumSoft.Instrumentation.Model","Active":true,"BreakEventsBubbling":false,"CssClass":{},"Fill":null,"JSBindingsText":null,"Name":"Slider1","RecalculateAll":false,"Smooth":true,"Stroke":null,"Style":"","ToolTipValue":null,"Visible":true,"Elements":[{"__type":"RingSector:#PerpetuumSoft.Instrumentation.Model","Active":true,"BreakEventsBubbling":false,"CssClass":{},"Fill":{"__type":"SolidFill:#PerpetuumSoft.Framework.Drawing","Color":{"knownColor":0,"name":null,"state":2,"value":4288334074}},"JSBindingsText":"this.setCenter(this.getInstrument().getByName('Joint1').getCenter());\u000athis.setSize(new PerfectWidgets.Framework.DataObjects.Vector((2*(this.getInstrument().getByName('Joint1').getRadius()-100)),(2*(this.getInstrument().getByName('Joint1').getRadius()-100))));\u000athis.setStartAngle(this.getInstrument().getByName('Joint1').getStartAngle());\u000athis.setSweepAngle((this.getInstrument().getByName('Slider1').getAnimationValue()>=0)?\u000d\u000a                    (this.getInstrument().getByName('Joint1').getTotalAngle()*this.getInstrument().getByName('Scale1').valueToPercent(this.getInstrument().getByName('Slider1').getAnimationValue()))           \u000d\u000a                   :0.01\u000d\u000a            );\u000a","Name":"RingSector1","RecalculateAll":false,"Smooth":true,"Stroke":null,"Style":"Sector","ToolTipValue":null,"Visible":true,"Center":{"Height":350,"Length":494.97474683058329,"Rotation":0.78539816339744828,"Width":350,"X":350,"Y":350},"Size":{"Height":500,"Length":707.10678118654755,"Rotation":0.78539816339744828,"Width":500,"X":500,"Y":500},"Angle":0,"StartAngle":120,"SweepAngle":300,"InternalRadius":0.7},{"__type":"Label:#PerpetuumSoft.Instrumentation.Model","Active":true,"BreakEventsBubbling":false,"CssClass":{},"Fill":{"__type":"SolidFill:#PerpetuumSoft.Framework.Drawing","Color":{"knownColor":35,"name":null,"state":1,"value":0}},"JSBindingsText":"this.setCenter(this.getInstrument().getByName('Slider1').getPosition(0));\u000athis.setText((this.getInstrument().getByName('Slider1').getAnimationValue()+\"%\"));\u000a","Name":"Label1","RecalculateAll":false,"Smooth":true,"Stroke":{"__type":"SimpleStroke:#PerpetuumSoft.Framework.Drawing","Width":1,"Color":{"knownColor":35,"name":null,"state":1,"value":0},"DashLenght":5,"DotLenght":1,"SpaceLenght":2,"Style":1},"Style":"Default","ToolTipValue":null,"Visible":true,"Center":{"Height":350,"Length":494.97474683058329,"Rotation":0.78539816339744828,"Width":350,"X":350,"Y":350},"Size":{"Height":128.125,"Length":232.28232417685166,"Rotation":0.5842712775809088,"Width":193.75,"X":193.75,"Y":128.125},"Angle":0,"Font":{"Bold":0,"FamilyName":"Microsoft Sans Serif","Italic":0,"Size":10,"Strikeout":0,"Underline":0},"Margins":{},"Text":"100%","TextAlign":32},{"__type":"RingSector:#PerpetuumSoft.Instrumentation.Model","Active":true,"BreakEventsBubbling":false,"CssClass":{},"Fill":{"__type":"SphericalFill:#PerpetuumSoft.Framework.Drawing","Angle":0,"Colors":[{"__type":"GradientColor:#PerpetuumSoft.Framework.Drawing","Color":{"knownColor":27,"name":null,"state":1,"value":0},"Portion":0},{"__type":"GradientColor:#PerpetuumSoft.Framework.Drawing","Color":{"knownColor":0,"name":null,"state":2,"value":1526726655},"Portion":1}],"Delta":0,"EndColor":{"knownColor":27,"name":null,"state":1,"value":0},"StartColor":{"knownColor":0,"name":null,"state":2,"value":1526726655}},"JSBindingsText":"this.setCenter(this.getInstrument().getByName('Joint1').getCenter());\u000athis.setSize(new PerfectWidgets.Framework.DataObjects.Vector((2*(this.getInstrument().getByName('Joint1').getRadius()-100)),(2*(this.getInstrument().getByName('Joint1').getRadius()-100))));\u000athis.setStartAngle(this.getInstrument().getByName('Joint1').getStartAngle());\u000athis.setSweepAngle(this.getInstrument().getByName('Joint1').getTotalAngle());\u000a","Name":"RingSector3","RecalculateAll":false,"Smooth":true,"Stroke":null,"Style":"Sector","ToolTipValue":null,"Visible":true,"Center":{"Height":350,"Length":494.97474683058329,"Rotation":0.78539816339744828,"Width":350,"X":350,"Y":350},"Size":{"Height":500,"Length":707.10678118654755,"Rotation":0.78539816339744828,"Width":500,"X":500,"Y":500},"Angle":0,"StartAngle":120,"SweepAngle":300,"InternalRadius":0.8}],"MaxLimit":{"Kind":0,"Value":0},"MinLimit":{"Kind":0,"Value":0},"Step":1,"Value":100},{"__type":"NumericLabels:#PerpetuumSoft.Instrumentation.Model","Active":true,"BreakEventsBubbling":false,"CssClass":{},"Fill":null,"JSBindingsText":"this.setDistance((this.getInstrument().getByName('Joint1').getRadius()-40));\u000a","Name":"NumericLabels1","RecalculateAll":false,"Smooth":true,"Stroke":null,"Style":"","ToolTipValue":null,"Visible":true,"Colorizer":{"__type":"SectionsColorizer:#PerpetuumSoft.Instrumentation.Model.Drawing","ColorSections":[{"__type":"ColorSection:#PerpetuumSoft.Instrumentation.Model.Drawing","Color":{"knownColor":141,"name":null,"state":1,"value":0},"Portion":1},{"__type":"ColorSection:#PerpetuumSoft.Instrumentation.Model.Drawing","Color":{"knownColor":0,"name":null,"state":2,"value":4289637888},"Portion":0.77906976744186052},{"__type":"ColorSection:#PerpetuumSoft.Instrumentation.Model.Drawing","Color":{"knownColor":0,"name":null,"state":2,"value":4278223103},"Portion":0.54844961240310075}]},"Distance":310,"Dock":0,"MaxLimitWrapper":{"__type":"SmartValueWrapper:#PerpetuumSoft.Instrumentation.Model","Kind":0,"Value":0},"MinLimitWrapper":{"__type":"SmartValueWrapper:#PerpetuumSoft.Instrumentation.Model","Kind":0,"Value":0},"OriginWrapper":{"__type":"SmartValueWrapper:#PerpetuumSoft.Instrumentation.Model","Kind":0,"Value":0},"Padding":0,"Font":{"Bold":0,"FamilyName":"Microsoft Sans Serif","Italic":0,"Size":8,"Strikeout":0,"Underline":0},"Format":{"CurrencyNegativePattern":0,"CurrencyPositivePattern":0,"CurrencySymbol":"$","DateSeparator":".","DecimalPlaces":2,"DecimalSeparator":".","FormatMask":"","FormatStyle":0,"GroupSeparator":" ","NumberNegativePattern":0,"PercentNegativePattern":0,"PercentPositivePattern":0,"UseCultureSettings":true,"UseGroupSeparator":true},"Formula":"","ItemMargins":{},"OddLabelsDistance":0,"Position":1,"ShowSuperposableLabels":true,"TextAlignment":1,"TextAngle":90,"TextRotationMode":1,"Divisions":10,"StepWrapper":{"__type":"SmartValueWrapper:#PerpetuumSoft.Instrumentation.Model","Kind":0,"Value":0},"UseRoundValues":false},{"__type":"Ticks:#PerpetuumSoft.Instrumentation.Model","Active":true,"BreakEventsBubbling":false,"CssClass":{},"Fill":null,"JSBindingsText":"this.setDistance((this.getInstrument().getByName('Joint1').getRadius()-90));\u000a","Name":"Ticks1","RecalculateAll":false,"Smooth":true,"Stroke":{"__type":"SimpleStroke:#PerpetuumSoft.Framework.Drawing","Width":5,"Color":{"knownColor":35,"name":null,"state":1,"value":0},"DashLenght":5,"DotLenght":1,"SpaceLenght":2,"Style":1},"Style":"","ToolTipValue":null,"Visible":true,"Colorizer":{"__type":"SectionsColorizer:#PerpetuumSoft.Instrumentation.Model.Drawing","ColorSections":[{"__type":"ColorSection:#PerpetuumSoft.Instrumentation.Model.Drawing","Color":{"knownColor":141,"name":null,"state":1,"value":0},"Portion":1},{"__type":"ColorSection:#PerpetuumSoft.Instrumentation.Model.Drawing","Color":{"knownColor":0,"name":null,"state":2,"value":4278206592},"Portion":0.77163461538461542},{"__type":"ColorSection:#PerpetuumSoft.Instrumentation.Model.Drawing","Color":{"knownColor":35,"name":null,"state":1,"value":0},"Portion":0.53846153846153844}]},"Distance":260,"Dock":0,"MaxLimitWrapper":{"__type":"SmartValueWrapper:#PerpetuumSoft.Instrumentation.Model","Kind":0,"Value":0},"MinLimitWrapper":{"__type":"SmartValueWrapper:#PerpetuumSoft.Instrumentation.Model","Kind":0,"Value":0},"OriginWrapper":{"__type":"SmartValueWrapper:#PerpetuumSoft.Instrumentation.Model","Kind":0,"Value":0},"Padding":0,"Divisions":10,"StepWrapper":{"__type":"SmartValueWrapper:#PerpetuumSoft.Instrumentation.Model","Kind":0,"Value":0},"SubDivisions":4,"SubTicksPosition":0,"UseDescreteValues":false,"UseRoundValues":false,"Length":18.75,"SubLength":9.375}],"Colorizer":{"__type":"SectionsColorizer:#PerpetuumSoft.Instrumentation.Model.Drawing","ColorSections":[{"__type":"ColorSection:#PerpetuumSoft.Instrumentation.Model.Drawing","Color":{"knownColor":141,"name":null,"state":1,"value":0},"Portion":1},{"__type":"ColorSection:#PerpetuumSoft.Instrumentation.Model.Drawing","Color":{"knownColor":0,"name":null,"state":2,"value":4278206592},"Portion":0.77163461538461542},{"__type":"ColorSection:#PerpetuumSoft.Instrumentation.Model.Drawing","Color":{"knownColor":35,"name":null,"state":1,"value":0},"Portion":0.53846153846153844}]},"Maximum":100,"Minimum":0,"Reverse":false}],"Margins":{},"Center":{"Height":350,"Length":494.97474683058329,"Rotation":0.78539816339744828,"Width":350,"X":350,"Y":350},"Dock":1,"Radius":350,"StartAngle":120,"TotalAngle":300}],"Enabled":true,"Focused":false,"GridStep":50,"IsFixed":false,"MeasureUnit":{},"Parameters":[],"ShowGrid":false,"Size":{"Height":700,"Length":989.94949366116657,"Rotation":0.78539816339744828,"Width":700,"X":700,"Y":700},"SnapToGrid":true,"Styles":[{"__type":"Style:#PerpetuumSoft.Instrumentation.Styles","Fill":{"__type":"SphericalFill:#PerpetuumSoft.Framework.Drawing","Angle":225,"Colors":[{"__type":"GradientColor:#PerpetuumSoft.Framework.Drawing","Color":{"knownColor":74,"name":null,"state":1,"value":0},"Portion":0},{"__type":"GradientColor:#PerpetuumSoft.Framework.Drawing","Color":{"knownColor":68,"name":null,"state":1,"value":0},"Portion":1}],"Delta":0.6,"EndColor":{"knownColor":74,"name":null,"state":1,"value":0},"StartColor":{"knownColor":68,"name":null,"state":1,"value":0}},"Font":{"Bold":0,"FamilyName":"Microsoft Sans Serif","Italic":0,"Size":10,"Strikeout":0,"Underline":0},"Image":null,"Name":"ExCircle","Stroke":null},{"__type":"Style:#PerpetuumSoft.Instrumentation.Styles","Fill":{"__type":"SphericalFill:#PerpetuumSoft.Framework.Drawing","Angle":45,"Colors":[{"__type":"GradientColor:#PerpetuumSoft.Framework.Drawing","Color":{"knownColor":74,"name":null,"state":1,"value":0},"Portion":0},{"__type":"GradientColor:#PerpetuumSoft.Framework.Drawing","Color":{"knownColor":68,"name":null,"state":1,"value":0},"Portion":1}],"Delta":0.6,"EndColor":{"knownColor":74,"name":null,"state":1,"value":0},"StartColor":{"knownColor":68,"name":null,"state":1,"value":0}},"Font":{"Bold":0,"FamilyName":"Microsoft Sans Serif","Italic":0,"Size":10,"Strikeout":0,"Underline":0},"Image":null,"Name":"InCircle","Stroke":null},{"__type":"Style:#PerpetuumSoft.Instrumentation.Styles","Fill":{"__type":"SolidFill:#PerpetuumSoft.Framework.Drawing","Color":{"knownColor":35,"name":null,"state":1,"value":0}},"Font":{"Bold":0,"FamilyName":"Microsoft Sans Serif","Italic":0,"Size":10,"Strikeout":0,"Underline":0},"Image":null,"Name":"Needle","Stroke":null},{"__type":"Style:#PerpetuumSoft.Instrumentation.Styles","Fill":{"__type":"SolidFill:#PerpetuumSoft.Framework.Drawing","Color":{"knownColor":141,"name":null,"state":1,"value":0}},"Font":{"Bold":0,"FamilyName":"Microsoft Sans Serif","Italic":0,"Size":10,"Strikeout":0,"Underline":0},"Image":null,"Name":"NeedlePressed","Stroke":null},{"__type":"Style:#PerpetuumSoft.Instrumentation.Styles","Fill":{"__type":"SphericalFill:#PerpetuumSoft.Framework.Drawing","Angle":225,"Colors":[{"__type":"GradientColor:#PerpetuumSoft.Framework.Drawing","Color":{"knownColor":74,"name":null,"state":1,"value":0},"Portion":0},{"__type":"GradientColor:#PerpetuumSoft.Framework.Drawing","Color":{"knownColor":68,"name":null,"state":1,"value":0},"Portion":1}],"Delta":0.6,"EndColor":{"knownColor":74,"name":null,"state":1,"value":0},"StartColor":{"knownColor":68,"name":null,"state":1,"value":0}},"Font":{"Bold":0,"FamilyName":"Microsoft Sans Serif","Italic":0,"Size":10,"Strikeout":0,"Underline":0},"Image":null,"Name":"ExCircleHot","Stroke":{"__type":"SimpleStroke:#PerpetuumSoft.Framework.Drawing","Width":4,"Color":{"knownColor":34,"name":null,"state":1,"value":0},"DashLenght":5,"DotLenght":1,"SpaceLenght":2,"Style":1}},{"__type":"Style:#PerpetuumSoft.Instrumentation.Styles","Fill":{"__type":"SolidFill:#PerpetuumSoft.Framework.Drawing","Color":{"knownColor":131,"name":null,"state":1,"value":0}},"Font":{"Bold":0,"FamilyName":"Microsoft Sans Serif","Italic":0,"Size":10,"Strikeout":0,"Underline":0},"Image":null,"Name":"Sector","Stroke":null},{"__type":"Style:#PerpetuumSoft.Instrumentation.Styles","Fill":null,"Font":{"Bold":0,"FamilyName":"Microsoft Sans Serif","Italic":0,"Size":10,"Strikeout":0,"Underline":0},"Image":null,"Name":"Default","Stroke":{"__type":"SimpleStroke:#PerpetuumSoft.Framework.Drawing","Width":1,"Color":{"knownColor":35,"name":null,"state":1,"value":0},"DashLenght":5,"DotLenght":1,"SpaceLenght":2,"Style":1}}]}