{"Active":true,"BreakEventsBubbling":false,"CssClass":{},"Fill":null,"JSBindingsText":null,"Name":"Instrument","RecalculateAll":false,"Smooth":true,"Stroke":{"__type":"SimpleStroke:#PerpetuumSoft.Framework.Drawing","Width":1,"Color":{"knownColor":35,"name":null,"state":1,"value":0},"DashLenght":5,"DotLenght":1,"SpaceLenght":2,"Style":1},"Style":"Default","ToolTipValue":null,"Visible":true,"Elements":[{"__type":"RoundedRectangle:#PerpetuumSoft.Instrumentation.Model","Active":true,"BreakEventsBubbling":false,"CssClass":{},"Fill":{"__type":"LinearGradientFill:#PerpetuumSoft.Framework.Drawing","Angle":90,"Colors":[{"__type":"GradientColor:#PerpetuumSoft.Framework.Drawing","Color":{"knownColor":0,"name":null,"state":2,"value":4291743438},"Portion":0},{"__type":"GradientColor:#PerpetuumSoft.Framework.Drawing","Color":{"knownColor":0,"name":null,"state":2,"value":4285295724},"Portion":1}],"EndColor":{"knownColor":0,"name":null,"state":2,"value":4285295724},"StartColor":{"knownColor":0,"name":null,"state":2,"value":4291743438}},"JSBindingsText":"this.setCenter(new PerfectWidgets.Framework.DataObjects.Vector((this.getInstrument().getByName('Instrument') .getSize() .getWidth()\/2),(this.getInstrument().getByName('Instrument') .getSize() .getHeight()\/2)));\u000a","Name":"RoundedRectangle1","RecalculateAll":false,"Smooth":true,"Stroke":null,"Style":"RoundedRectangle1","ToolTipValue":null,"Visible":true,"Center":{"Height":250,"Length":838.15273071201045,"Rotation":0.30288486837497142,"Width":800,"X":800,"Y":250},"Size":{"Height":456.25,"Length":1597.7767757105496,"Rotation":0.28958343586007851,"Width":1531.25,"X":1531.25,"Y":456.25},"Angle":0,"Radius":31.25},{"__type":"RoundedRectangle:#PerpetuumSoft.Instrumentation.Model","Active":true,"BreakEventsBubbling":false,"CssClass":{},"Fill":{"__type":"SolidFill:#PerpetuumSoft.Framework.Drawing","Color":{"knownColor":0,"name":null,"state":2,"value":4289901234}},"JSBindingsText":"this.setCenter(this.getInstrument().getByName('RoundedRectangle1') .getCenter());\u000a","Name":"RoundedRectangle2","RecalculateAll":false,"Smooth":true,"Stroke":null,"Style":"RoundedRectangle2","ToolTipValue":null,"Visible":true,"Center":{"Height":250,"Length":838.15273071201045,"Rotation":0.30288486837497142,"Width":800,"X":800,"Y":250},"Size":{"Height":437.5,"Length":1574.5038901190433,"Rotation":0.28157118495615857,"Width":1512.5,"X":1512.5,"Y":437.5},"Angle":0,"Radius":25},{"__type":"RoundedRectangle:#PerpetuumSoft.Instrumentation.Model","Active":true,"BreakEventsBubbling":false,"CssClass":{},"Fill":{"__type":"LinearGradientFill:#PerpetuumSoft.Framework.Drawing","Angle":90,"Colors":[{"__type":"GradientColor:#PerpetuumSoft.Framework.Drawing","Color":{"knownColor":0,"name":null,"state":2,"value":4285822068},"Portion":0},{"__type":"GradientColor:#PerpetuumSoft.Framework.Drawing","Color":{"knownColor":0,"name":null,"state":2,"value":4291677645},"Portion":1}],"EndColor":{"knownColor":0,"name":null,"state":2,"value":4291677645},"StartColor":{"knownColor":0,"name":null,"state":2,"value":4285822068}},"JSBindingsText":"this.setCenter(this.getInstrument().getByName('RoundedRectangle1') .getCenter());\u000a","Name":"RoundedRectangle3","RecalculateAll":false,"Smooth":true,"Stroke":null,"Style":"RoundedRectangle3","ToolTipValue":null,"Visible":true,"Center":{"Height":250,"Length":838.15273071201045,"Rotation":0.30288486837497142,"Width":800,"X":800,"Y":250},"Size":{"Height":400,"Length":1534.3081706423909,"Rotation":0.26375116118868913,"Width":1481.25,"X":1481.25,"Y":400},"Angle":0,"Radius":37.5},{"__type":"RoundedRectangle:#PerpetuumSoft.Instrumentation.Model","Active":true,"BreakEventsBubbling":false,"CssClass":{},"Fill":{"__type":"MultiGradientFill:#PerpetuumSoft.Framework.Drawing","Angle":90,"Colors":[{"__type":"GradientColor:#PerpetuumSoft.Framework.Drawing","Color":{"knownColor":0,"name":null,"state":2,"value":4279460790},"Portion":0},{"__type":"GradientColor:#PerpetuumSoft.Framework.Drawing","Color":{"knownColor":0,"name":null,"state":2,"value":4279460790},"Portion":0.5},{"__type":"GradientColor:#PerpetuumSoft.Framework.Drawing","Color":{"knownColor":0,"name":null,"state":2,"value":4287678458},"Portion":1}]},"JSBindingsText":"this.setCenter(this.getInstrument().getByName('RoundedRectangle1') .getCenter());\u000a","Name":"RoundedRectangle4","RecalculateAll":false,"Smooth":true,"Stroke":null,"Style":"RoundedRectangle4","ToolTipValue":null,"Visible":true,"Center":{"Height":250,"Length":838.15273071201045,"Rotation":0.30288486837497142,"Width":800,"X":800,"Y":250},"Size":{"Height":387.5,"Length":1519.0071798711158,"Rotation":0.25795198713973244,"Width":1468.75,"X":1468.75,"Y":387.5},"Angle":0,"Radius":31.25},{"__type":"RoundedRectangle:#PerpetuumSoft.Instrumentation.Model","Active":true,"BreakEventsBubbling":false,"CssClass":{},"Fill":{"__type":"MultiGradientFill:#PerpetuumSoft.Framework.Drawing","Angle":90,"Colors":[{"__type":"GradientColor:#PerpetuumSoft.Framework.Drawing","Color":{"knownColor":0,"name":null,"state":2,"value":3221225471},"Portion":0},{"__type":"GradientColor:#PerpetuumSoft.Framework.Drawing","Color":{"knownColor":27,"name":null,"state":1,"value":0},"Portion":0.82098765432098764}]},"JSBindingsText":"this.setCenter(new PerfectWidgets.Framework.DataObjects.Vector(this.getInstrument().getByName('RoundedRectangle1') .getCenter() .getX(),(this.getInstrument().getByName('RoundedRectangle1') .getCenter() .getY()-106.25)));\u000a","Name":"RoundedRectangle5","RecalculateAll":false,"Smooth":true,"Stroke":null,"Style":"RoundedRectangle5","ToolTipValue":null,"Visible":true,"Center":{"Height":143.75,"Length":812.812439926949,"Rotation":0.17779022899267608,"Width":800,"X":800,"Y":143.75},"Size":{"Height":150,"Length":1457.7379737113251,"Rotation":0.10308160852270024,"Width":1450,"X":1450,"Y":150},"Angle":0,"Radius":31.25},{"__type":"Guide:#PerpetuumSoft.Instrumentation.Model","Active":true,"BreakEventsBubbling":false,"CssClass":{},"Fill":null,"JSBindingsText":"this.setStartPoint(new PerfectWidgets.Framework.DataObjects.Vector((this.getInstrument().getByName('RoundedRectangle1') .getCenter() .getX()-531.25),(this.getInstrument().getByName('RoundedRectangle1') .getCenter() .getY()+62.5)));\u000athis.setEndPoint(new PerfectWidgets.Framework.DataObjects.Vector((this.getInstrument().getByName('RoundedRectangle1') .getCenter() .getX()+675),(this.getInstrument().getByName('RoundedRectangle1') .getCenter() .getY()+62.5)));\u000a","Name":"Guide1","RecalculateAll":false,"Smooth":true,"Stroke":null,"Style":"","ToolTipValue":null,"Visible":true,"Elements":[{"__type":"Scale:#PerpetuumSoft.Instrumentation.Model","Active":true,"BreakEventsBubbling":false,"CssClass":{},"Fill":null,"JSBindingsText":null,"Name":"Scale1","RecalculateAll":false,"Smooth":true,"Stroke":null,"Style":"","ToolTipValue":null,"Visible":true,"Elements":[{"__type":"Slider:#PerpetuumSoft.Instrumentation.Model","Active":true,"BreakEventsBubbling":false,"CssClass":{},"Fill":null,"JSBindingsText":null,"Name":"Slider1","RecalculateAll":false,"Smooth":true,"Stroke":null,"Style":"","ToolTipValue":null,"Visible":true,"Elements":[{"__type":"LinearLevel:#PerpetuumSoft.Instrumentation.Model","Active":true,"BreakEventsBubbling":false,"CssClass":{},"Fill":{"__type":"SolidFill:#PerpetuumSoft.Framework.Drawing","Color":{"knownColor":0,"name":null,"state":2,"value":4278337922}},"JSBindingsText":null,"Name":"LinearLevel1","RecalculateAll":false,"Smooth":true,"Stroke":{"__type":"SimpleStroke:#PerpetuumSoft.Framework.Drawing","Width":3,"Color":{"knownColor":164,"name":null,"state":1,"value":0},"DashLenght":5,"DotLenght":1,"SpaceLenght":2,"Style":1},"Style":"LinearLevel1","ToolTipValue":null,"Visible":true,"Colorizer":null,"Distance":0,"Dock":0,"MaxLimitWrapper":{"__type":"SmartValueWrapper:#PerpetuumSoft.Instrumentation.Model","Kind":0,"Value":0},"MinLimitWrapper":{"__type":"SmartValueWrapper:#PerpetuumSoft.Instrumentation.Model","Kind":0,"Value":0},"OriginWrapper":{"__type":"SmartValueWrapper:#PerpetuumSoft.Instrumentation.Model","Kind":0,"Value":0},"Padding":0,"ValueWrapper":{"__type":"SmartValueWrapper:#PerpetuumSoft.Instrumentation.Model","Kind":0,"Value":0},"Colors":[],"Divisions":0,"DivisionsStroke":null,"EndColor":{"knownColor":0,"name":null,"state":0,"value":0},"StartColor":{"knownColor":0,"name":null,"state":0,"value":0},"Effect3D":2,"EndCap":0,"PocketRadius":93.75,"ShowAsThermometer":true,"StartCap":1,"Width":131.25},{"__type":"LinearLevel:#PerpetuumSoft.Instrumentation.Model","Active":true,"BreakEventsBubbling":false,"CssClass":{},"Fill":{"__type":"SolidFill:#PerpetuumSoft.Framework.Drawing","Color":{"knownColor":0,"name":null,"state":2,"value":4285903866}},"JSBindingsText":"this.setValue(this.getInstrument().getByName('Slider1').getAnimationValue());\u000a","Name":"LinearLevel2","RecalculateAll":false,"Smooth":true,"Stroke":null,"Style":"LinearLevel2","ToolTipValue":null,"Visible":true,"Colorizer":null,"Distance":0,"Dock":0,"MaxLimitWrapper":{"__type":"SmartValueWrapper:#PerpetuumSoft.Instrumentation.Model","Kind":0,"Value":0},"MinLimitWrapper":{"__type":"SmartValueWrapper:#PerpetuumSoft.Instrumentation.Model","Kind":0,"Value":0},"OriginWrapper":{"__type":"SmartValueWrapper:#PerpetuumSoft.Instrumentation.Model","Kind":0,"Value":0},"Padding":0,"ValueWrapper":{"__type":"SmartValueWrapper:#PerpetuumSoft.Instrumentation.Model","Kind":1,"Value":100},"Colors":[],"Divisions":0,"DivisionsStroke":null,"EndColor":{"knownColor":0,"name":null,"state":0,"value":0},"StartColor":{"knownColor":0,"name":null,"state":0,"value":0},"Effect3D":0,"EndCap":0,"PocketRadius":78.125,"ShowAsThermometer":true,"StartCap":1,"Width":81.25},{"__type":"Rectangle:#PerpetuumSoft.Instrumentation.Model","Active":true,"BreakEventsBubbling":false,"CssClass":{},"Fill":{"__type":"SolidFill:#PerpetuumSoft.Framework.Drawing","Color":{"knownColor":0,"name":null,"state":2,"value":4288269823}},"JSBindingsText":"this.setCenter(this.getInstrument().getByName(\"Slider1\").getScale().valueToPoint(((this.getInstrument().getByName('Slider1').getAnimationValue()+5)-(this.getInstrument().getByName('Slider1').getAnimationValue()*0.1)),-109.375));\u000athis.setSize(this.getInstrument().getByName('Label1') .getSize());\u000a","Name":"Rectangle1","RecalculateAll":false,"Smooth":true,"Stroke":{"__type":"SimpleStroke:#PerpetuumSoft.Framework.Drawing","Width":3,"Color":{"knownColor":164,"name":null,"state":1,"value":0},"DashLenght":5,"DotLenght":1,"SpaceLenght":2,"Style":1},"Style":"Rectangle1","ToolTipValue":null,"Visible":true,"Center":{"Height":203.125,"Length":1429.1957487626564,"Rotation":0.14260827004440604,"Width":1414.6875,"X":1414.6875,"Y":203.125},"Size":{"Height":56.25,"Length":157.27786915202023,"Rotation":0.36574730126234445,"Width":146.875,"X":146.875,"Y":56.25},"Angle":0},{"__type":"Label:#PerpetuumSoft.Instrumentation.Model","Active":true,"BreakEventsBubbling":false,"CssClass":{},"Fill":{"__type":"SolidFill:#PerpetuumSoft.Framework.Drawing","Color":{"knownColor":0,"name":null,"state":2,"value":4278337922}},"JSBindingsText":"this.setCenter(this.getInstrument().getByName(\"Slider1\").getScale().valueToPoint(((this.getInstrument().getByName('Slider1').getAnimationValue()+5)-(this.getInstrument().getByName('Slider1').getAnimationValue()*0.1)),-109.375));\u000athis.setText(PerfectWidgets.Framework.Utilities.BuiltIn.oldFormat(this.getInstrument().getByName('Slider1').getAnimationValue(),\"0.0\"));\u000a","Name":"Label1","RecalculateAll":false,"Smooth":true,"Stroke":null,"Style":"Label1","ToolTipValue":null,"Visible":true,"Center":{"Height":203.125,"Length":1429.1957487626564,"Rotation":0.14260827004440604,"Width":1414.6875,"X":1414.6875,"Y":203.125},"Size":{"Height":56.25,"Length":157.27786915202023,"Rotation":0.36574730126234445,"Width":146.875,"X":146.875,"Y":56.25},"Angle":0,"Font":{"Bold":1,"FamilyName":"Arial","Italic":2,"Size":12,"Strikeout":2,"Underline":2},"Margins":{},"Text":"100.0","TextAlign":4}],"MaxLimit":{"Kind":0,"Value":0},"MinLimit":{"Kind":0,"Value":0},"Step":0,"Value":100},{"__type":"ScaleMarks:#PerpetuumSoft.Instrumentation.Model","Active":true,"BreakEventsBubbling":false,"CssClass":{},"Fill":{"__type":"SolidFill:#PerpetuumSoft.Framework.Drawing","Color":{"knownColor":0,"name":null,"state":2,"value":2031313846}},"JSBindingsText":null,"Name":"ScaleMarks1","RecalculateAll":false,"Smooth":true,"Stroke":{"__type":"SimpleStroke:#PerpetuumSoft.Framework.Drawing","Width":2,"Color":{"knownColor":164,"name":null,"state":1,"value":0},"DashLenght":5,"DotLenght":1,"SpaceLenght":2,"Style":1},"Style":"ScaleMarks1","ToolTipValue":null,"Visible":true,"Colorizer":null,"Distance":0,"Dock":0,"MaxLimitWrapper":{"__type":"SmartValueWrapper:#PerpetuumSoft.Instrumentation.Model","Kind":0,"Value":0},"MinLimitWrapper":{"__type":"SmartValueWrapper:#PerpetuumSoft.Instrumentation.Model","Kind":0,"Value":0},"OriginWrapper":{"__type":"SmartValueWrapper:#PerpetuumSoft.Instrumentation.Model","Kind":0,"Value":0},"Padding":0,"Divisions":10,"StepWrapper":{"__type":"SmartValueWrapper:#PerpetuumSoft.Instrumentation.Model","Kind":0,"Value":0},"SubDivisions":5,"SubTicksPosition":0,"UseDescreteValues":false,"UseRoundValues":false,"MarksAngle":0,"MarksSize":{"Height":12.5,"Length":131.84389443580616,"Rotation":0.09495170634275632,"Width":131.25,"X":131.25,"Y":12.5},"RotationMode":1,"Shape":{"__type":"RectangleShape:#PerpetuumSoft.Framework.Drawing"},"SubMarksSize":{"Height":12.5,"Length":82.2059152372869,"Rotation":0.15264932839526516,"Width":81.25,"X":81.25,"Y":12.5}},{"__type":"CustomLabels:#PerpetuumSoft.Instrumentation.Model","Active":true,"BreakEventsBubbling":false,"CssClass":{},"Fill":null,"JSBindingsText":"this.setDistance(this.getInstrument().getByName('Middle') .getDistance());\u000a","Name":"Bottom","RecalculateAll":false,"Smooth":true,"Stroke":null,"Style":"Middle","ToolTipValue":null,"Visible":true,"Colorizer":{"__type":"SingleColorColorizer:#PerpetuumSoft.Instrumentation.Model.Drawing","Color":{"knownColor":35,"name":null,"state":1,"value":0}},"Distance":-175,"Dock":0,"MaxLimitWrapper":{"__type":"SmartValueWrapper:#PerpetuumSoft.Instrumentation.Model","Kind":0,"Value":0},"MinLimitWrapper":{"__type":"SmartValueWrapper:#PerpetuumSoft.Instrumentation.Model","Kind":0,"Value":0},"OriginWrapper":{"__type":"SmartValueWrapper:#PerpetuumSoft.Instrumentation.Model","Kind":0,"Value":0},"Padding":0,"Font":{"Bold":1,"FamilyName":"Arial","Italic":2,"Size":14.25,"Strikeout":2,"Underline":2},"Format":{"CurrencyNegativePattern":0,"CurrencyPositivePattern":0,"CurrencySymbol":"$","DateSeparator":".","DecimalPlaces":2,"DecimalSeparator":".","FormatMask":"","FormatStyle":0,"GroupSeparator":" ","NumberNegativePattern":0,"PercentNegativePattern":0,"PercentPositivePattern":0,"UseCultureSettings":true,"UseGroupSeparator":true},"Formula":"","ItemMargins":{},"OddLabelsDistance":0,"Position":1,"ShowSuperposableLabels":true,"TextAlignment":1,"TextAngle":0,"TextRotationMode":0,"Labels":[{"__type":"TextItem:#PerpetuumSoft.Instrumentation.Model","Text":"Bottom","ValueWrapper":{"__type":"SmartValueWrapper:#PerpetuumSoft.Instrumentation.Model","Kind":1,"Value":5}}]},{"__type":"CustomLabels:#PerpetuumSoft.Instrumentation.Model","Active":true,"BreakEventsBubbling":false,"CssClass":{},"Fill":null,"JSBindingsText":null,"Name":"Middle","RecalculateAll":false,"Smooth":true,"Stroke":null,"Style":"Middle","ToolTipValue":null,"Visible":true,"Colorizer":{"__type":"SingleColorColorizer:#PerpetuumSoft.Instrumentation.Model.Drawing","Color":{"knownColor":0,"name":null,"state":2,"value":4278337922}},"Distance":-175,"Dock":0,"MaxLimitWrapper":{"__type":"SmartValueWrapper:#PerpetuumSoft.Instrumentation.Model","Kind":0,"Value":0},"MinLimitWrapper":{"__type":"SmartValueWrapper:#PerpetuumSoft.Instrumentation.Model","Kind":0,"Value":0},"OriginWrapper":{"__type":"SmartValueWrapper:#PerpetuumSoft.Instrumentation.Model","Kind":0,"Value":0},"Padding":0,"Font":{"Bold":1,"FamilyName":"Arial","Italic":2,"Size":14.25,"Strikeout":2,"Underline":2},"Format":{"CurrencyNegativePattern":0,"CurrencyPositivePattern":0,"CurrencySymbol":"$","DateSeparator":".","DecimalPlaces":2,"DecimalSeparator":".","FormatMask":"","FormatStyle":0,"GroupSeparator":" ","NumberNegativePattern":0,"PercentNegativePattern":0,"PercentPositivePattern":0,"UseCultureSettings":true,"UseGroupSeparator":true},"Formula":"","ItemMargins":{},"OddLabelsDistance":0,"Position":1,"ShowSuperposableLabels":true,"TextAlignment":1,"TextAngle":0,"TextRotationMode":0,"Labels":[{"__type":"TextItem:#PerpetuumSoft.Instrumentation.Model","Text":"Middle","ValueWrapper":{"__type":"SmartValueWrapper:#PerpetuumSoft.Instrumentation.Model","Kind":1,"Value":50}}]},{"__type":"CustomLabels:#PerpetuumSoft.Instrumentation.Model","Active":true,"BreakEventsBubbling":false,"CssClass":{},"Fill":null,"JSBindingsText":"this.setDistance(this.getInstrument().getByName('Middle') .getDistance());\u000a","Name":"Top","RecalculateAll":false,"Smooth":true,"Stroke":null,"Style":"Middle","ToolTipValue":null,"Visible":true,"Colorizer":{"__type":"SingleColorColorizer:#PerpetuumSoft.Instrumentation.Model.Drawing","Color":{"knownColor":164,"name":null,"state":1,"value":0}},"Distance":-175,"Dock":0,"MaxLimitWrapper":{"__type":"SmartValueWrapper:#PerpetuumSoft.Instrumentation.Model","Kind":0,"Value":0},"MinLimitWrapper":{"__type":"SmartValueWrapper:#PerpetuumSoft.Instrumentation.Model","Kind":0,"Value":0},"OriginWrapper":{"__type":"SmartValueWrapper:#PerpetuumSoft.Instrumentation.Model","Kind":0,"Value":0},"Padding":0,"Font":{"Bold":1,"FamilyName":"Arial","Italic":2,"Size":14.25,"Strikeout":2,"Underline":2},"Format":{"CurrencyNegativePattern":0,"CurrencyPositivePattern":0,"CurrencySymbol":"$","DateSeparator":".","DecimalPlaces":2,"DecimalSeparator":".","FormatMask":"","FormatStyle":0,"GroupSeparator":" ","NumberNegativePattern":0,"PercentNegativePattern":0,"PercentPositivePattern":0,"UseCultureSettings":true,"UseGroupSeparator":true},"Formula":"","ItemMargins":{},"OddLabelsDistance":0,"Position":1,"ShowSuperposableLabels":true,"TextAlignment":1,"TextAngle":0,"TextRotationMode":0,"Labels":[{"__type":"TextItem:#PerpetuumSoft.Instrumentation.Model","Text":"Top","ValueWrapper":{"__type":"SmartValueWrapper:#PerpetuumSoft.Instrumentation.Model","Kind":1,"Value":95}}]}],"Colorizer":null,"Maximum":100,"Minimum":0,"Reverse":false}],"Margins":{},"Align":0,"EndPoint":{"Height":312.5,"Length":1507.7404451695259,"Rotation":0.20877718218206526,"Width":1475,"X":1475,"Y":312.5},"GuideDirection":0,"StartPoint":{"Height":312.5,"Length":412.16842734493866,"Rotation":0.86052531930821041,"Width":268.75,"X":268.75,"Y":312.5}}],"Enabled":true,"Focused":false,"GridStep":50,"IsFixed":false,"MeasureUnit":{},"Parameters":[],"ShowGrid":true,"Size":{"Height":500,"Length":1676.3054614240209,"Rotation":0.30288486837497142,"Width":1600,"X":1600,"Y":500},"SnapToGrid":false,"Styles":[{"__type":"Style:#PerpetuumSoft.Instrumentation.Styles","Fill":null,"Font":{"Bold":0,"FamilyName":"Microsoft Sans Serif","Italic":0,"Size":10,"Strikeout":0,"Underline":0},"Image":null,"Name":"Default","Stroke":{"__type":"SimpleStroke:#PerpetuumSoft.Framework.Drawing","Width":1,"Color":{"knownColor":35,"name":null,"state":1,"value":0},"DashLenght":5,"DotLenght":1,"SpaceLenght":2,"Style":1}},{"__type":"Style:#PerpetuumSoft.Instrumentation.Styles","Fill":{"__type":"LinearGradientFill:#PerpetuumSoft.Framework.Drawing","Angle":90,"Colors":[{"__type":"GradientColor:#PerpetuumSoft.Framework.Drawing","Color":{"knownColor":0,"name":null,"state":2,"value":4291743438},"Portion":0},{"__type":"GradientColor:#PerpetuumSoft.Framework.Drawing","Color":{"knownColor":0,"name":null,"state":2,"value":4285295724},"Portion":1}],"EndColor":{"knownColor":0,"name":null,"state":2,"value":4285295724},"StartColor":{"knownColor":0,"name":null,"state":2,"value":4291743438}},"Font":null,"Image":null,"Name":"RoundedRectangle1","Stroke":null},{"__type":"Style:#PerpetuumSoft.Instrumentation.Styles","Fill":{"__type":"SolidFill:#PerpetuumSoft.Framework.Drawing","Color":{"knownColor":0,"name":null,"state":2,"value":4289901234}},"Font":null,"Image":null,"Name":"RoundedRectangle2","Stroke":null},{"__type":"Style:#PerpetuumSoft.Instrumentation.Styles","Fill":{"__type":"LinearGradientFill:#PerpetuumSoft.Framework.Drawing","Angle":90,"Colors":[{"__type":"GradientColor:#PerpetuumSoft.Framework.Drawing","Color":{"knownColor":0,"name":null,"state":2,"value":4285822068},"Portion":0},{"__type":"GradientColor:#PerpetuumSoft.Framework.Drawing","Color":{"knownColor":0,"name":null,"state":2,"value":4291677645},"Portion":1}],"EndColor":{"knownColor":0,"name":null,"state":2,"value":4291677645},"StartColor":{"knownColor":0,"name":null,"state":2,"value":4285822068}},"Font":null,"Image":null,"Name":"RoundedRectangle3","Stroke":null},{"__type":"Style:#PerpetuumSoft.Instrumentation.Styles","Fill":{"__type":"MultiGradientFill:#PerpetuumSoft.Framework.Drawing","Angle":90,"Colors":[{"__type":"GradientColor:#PerpetuumSoft.Framework.Drawing","Color":{"knownColor":0,"name":null,"state":2,"value":4279460790},"Portion":0},{"__type":"GradientColor:#PerpetuumSoft.Framework.Drawing","Color":{"knownColor":0,"name":null,"state":2,"value":4279460790},"Portion":0.5},{"__type":"GradientColor:#PerpetuumSoft.Framework.Drawing","Color":{"knownColor":0,"name":null,"state":2,"value":4287678458},"Portion":1}]},"Font":null,"Image":null,"Name":"RoundedRectangle4","Stroke":null},{"__type":"Style:#PerpetuumSoft.Instrumentation.Styles","Fill":{"__type":"MultiGradientFill:#PerpetuumSoft.Framework.Drawing","Angle":90,"Colors":[{"__type":"GradientColor:#PerpetuumSoft.Framework.Drawing","Color":{"knownColor":0,"name":null,"state":2,"value":3221225471},"Portion":0},{"__type":"GradientColor:#PerpetuumSoft.Framework.Drawing","Color":{"knownColor":27,"name":null,"state":1,"value":0},"Portion":0.82098765432098764}]},"Font":null,"Image":null,"Name":"RoundedRectangle5","Stroke":null},{"__type":"Style:#PerpetuumSoft.Instrumentation.Styles","Fill":{"__type":"SolidFill:#PerpetuumSoft.Framework.Drawing","Color":{"knownColor":0,"name":null,"state":2,"value":2031313846}},"Font":null,"Image":null,"Name":"ScaleMarks1","Stroke":{"__type":"SimpleStroke:#PerpetuumSoft.Framework.Drawing","Width":2,"Color":{"knownColor":164,"name":null,"state":1,"value":0},"DashLenght":5,"DotLenght":1,"SpaceLenght":2,"Style":1}},{"__type":"Style:#PerpetuumSoft.Instrumentation.Styles","Fill":{"__type":"SolidFill:#PerpetuumSoft.Framework.Drawing","Color":{"knownColor":0,"name":null,"state":2,"value":2031313846}},"Font":null,"Image":null,"Name":"ScaleMarks2","Stroke":{"__type":"SimpleStroke:#PerpetuumSoft.Framework.Drawing","Width":2,"Color":{"knownColor":164,"name":null,"state":1,"value":0},"DashLenght":5,"DotLenght":1,"SpaceLenght":2,"Style":1}},{"__type":"Style:#PerpetuumSoft.Instrumentation.Styles","Fill":{"__type":"SolidFill:#PerpetuumSoft.Framework.Drawing","Color":{"knownColor":0,"name":null,"state":2,"value":4278337922}},"Font":{"Bold":1,"FamilyName":"Arial","Italic":2,"Size":12,"Strikeout":2,"Underline":2},"Image":null,"Name":"Label1","Stroke":null},{"__type":"Style:#PerpetuumSoft.Instrumentation.Styles","Fill":{"__type":"SolidFill:#PerpetuumSoft.Framework.Drawing","Color":{"knownColor":0,"name":null,"state":2,"value":4288269823}},"Font":null,"Image":null,"Name":"Rectangle1","Stroke":{"__type":"SimpleStroke:#PerpetuumSoft.Framework.Drawing","Width":3,"Color":{"knownColor":164,"name":null,"state":1,"value":0},"DashLenght":5,"DotLenght":1,"SpaceLenght":2,"Style":1}},{"__type":"Style:#PerpetuumSoft.Instrumentation.Styles","Fill":null,"Font":{"Bold":1,"FamilyName":"Arial","Italic":2,"Size":14.25,"Strikeout":2,"Underline":2},"Image":null,"Name":"Middle","Stroke":null},{"__type":"Style:#PerpetuumSoft.Instrumentation.Styles","Fill":{"__type":"SolidFill:#PerpetuumSoft.Framework.Drawing","Color":{"knownColor":0,"name":null,"state":2,"value":4278337922}},"Font":null,"Image":null,"Name":"LinearLevel1","Stroke":{"__type":"SimpleStroke:#PerpetuumSoft.Framework.Drawing","Width":3,"Color":{"knownColor":164,"name":null,"state":1,"value":0},"DashLenght":5,"DotLenght":1,"SpaceLenght":2,"Style":1}},{"__type":"Style:#PerpetuumSoft.Instrumentation.Styles","Fill":{"__type":"SolidFill:#PerpetuumSoft.Framework.Drawing","Color":{"knownColor":0,"name":null,"state":2,"value":4285903866}},"Font":null,"Image":null,"Name":"LinearLevel2","Stroke":null}]}