{"Active":true,"BreakEventsBubbling":false,"CssClass":{},"Fill":null,"JSBindingsText":null,"Name":"Instrument","RecalculateAll":false,"Smooth":true,"Stroke":null,"Style":"","ToolTipValue":null,"Visible":true,"Elements":[{"__type":"RoundedRectangle:#PerpetuumSoft.Instrumentation.Model","Active":true,"BreakEventsBubbling":false,"CssClass":{},"Fill":{"__type":"LinearGradientFill:#PerpetuumSoft.Framework.Drawing","Angle":90,"Colors":[{"__type":"GradientColor:#PerpetuumSoft.Framework.Drawing","Color":{"knownColor":0,"name":null,"state":2,"value":4292138196},"Portion":0},{"__type":"GradientColor:#PerpetuumSoft.Framework.Drawing","Color":{"knownColor":0,"name":null,"state":2,"value":4284177243},"Portion":1}],"EndColor":{"knownColor":0,"name":null,"state":2,"value":4284177243},"StartColor":{"knownColor":0,"name":null,"state":2,"value":4292138196}},"JSBindingsText":null,"Name":"RoundedRectangle5","RecalculateAll":false,"Smooth":true,"Stroke":{"__type":"SimpleStroke:#PerpetuumSoft.Framework.Drawing","Width":1,"Color":{"knownColor":35,"name":null,"state":1,"value":0},"DashLenght":5,"DotLenght":1,"SpaceLenght":2,"Style":0},"Style":"Default","ToolTipValue":null,"Visible":true,"Center":{"Height":634.375,"Length":724.52166332346474,"Rotation":1.0666303653157436,"Width":350,"X":350,"Y":634.375},"Size":{"Height":1243.75,"Length":1421.1158687805862,"Rotation":1.0658336585396824,"Width":687.5,"X":687.5,"Y":1243.75},"Angle":0,"Radius":50},{"__type":"RoundedRectangle:#PerpetuumSoft.Instrumentation.Model","Active":true,"BreakEventsBubbling":false,"CssClass":{},"Fill":{"__type":"SolidFill:#PerpetuumSoft.Framework.Drawing","Color":{"knownColor":0,"name":null,"state":2,"value":4289901234}},"JSBindingsText":null,"Name":"RoundedRectangle3","RecalculateAll":false,"Smooth":true,"Stroke":{"__type":"SimpleStroke:#PerpetuumSoft.Framework.Drawing","Width":1,"Color":{"knownColor":35,"name":null,"state":1,"value":0},"DashLenght":5,"DotLenght":1,"SpaceLenght":2,"Style":0},"Style":"Default","ToolTipValue":null,"Visible":true,"Center":{"Height":634.375,"Length":724.52166332346474,"Rotation":1.0666303653157436,"Width":350,"X":350,"Y":634.375},"Size":{"Height":1212.5,"Length":1381.6882788820349,"Rotation":1.0707275835795838,"Width":662.5,"X":662.5,"Y":1212.5},"Angle":0,"Radius":50},{"__type":"RoundedRectangle:#PerpetuumSoft.Instrumentation.Model","Active":true,"BreakEventsBubbling":false,"CssClass":{},"Fill":{"__type":"LinearGradientFill:#PerpetuumSoft.Framework.Drawing","Angle":90,"Colors":[{"__type":"GradientColor:#PerpetuumSoft.Framework.Drawing","Color":{"knownColor":0,"name":null,"state":2,"value":4287335307},"Portion":0},{"__type":"GradientColor:#PerpetuumSoft.Framework.Drawing","Color":{"knownColor":0,"name":null,"state":2,"value":4291546059},"Portion":1}],"EndColor":{"knownColor":0,"name":null,"state":2,"value":4291546059},"StartColor":{"knownColor":0,"name":null,"state":2,"value":4287335307}},"JSBindingsText":null,"Name":"RoundedRectangle4","RecalculateAll":false,"Smooth":true,"Stroke":{"__type":"SimpleStroke:#PerpetuumSoft.Framework.Drawing","Width":1,"Color":{"knownColor":35,"name":null,"state":1,"value":0},"DashLenght":5,"DotLenght":1,"SpaceLenght":2,"Style":0},"Style":"Default","ToolTipValue":null,"Visible":true,"Center":{"Height":637.5,"Length":684.76729624011693,"Rotation":1.1970695068293431,"Width":250,"X":250,"Y":637.5},"Size":{"Height":1125,"Length":1202.6013470805694,"Rotation":1.209592571301215,"Width":425,"X":425,"Y":1125},"Angle":0,"Radius":50},{"__type":"RoundedRectangle:#PerpetuumSoft.Instrumentation.Model","Active":true,"BreakEventsBubbling":false,"CssClass":{},"Fill":{"__type":"MultiGradientFill:#PerpetuumSoft.Framework.Drawing","Angle":0,"Colors":[{"__type":"GradientColor:#PerpetuumSoft.Framework.Drawing","Color":{"knownColor":0,"name":null,"state":2,"value":4279460790},"Portion":0},{"__type":"GradientColor:#PerpetuumSoft.Framework.Drawing","Color":{"knownColor":0,"name":null,"state":2,"value":4279460790},"Portion":0.54938271604938271},{"__type":"GradientColor:#PerpetuumSoft.Framework.Drawing","Color":{"knownColor":0,"name":null,"state":2,"value":4280183740},"Portion":0.68518518518518523},{"__type":"GradientColor:#PerpetuumSoft.Framework.Drawing","Color":{"knownColor":0,"name":null,"state":2,"value":4283012051},"Portion":1}]},"JSBindingsText":null,"Name":"RoundedRectangle1","RecalculateAll":false,"Smooth":true,"Stroke":{"__type":"SimpleStroke:#PerpetuumSoft.Framework.Drawing","Width":1,"Color":{"knownColor":35,"name":null,"state":1,"value":0},"DashLenght":5,"DotLenght":1,"SpaceLenght":2,"Style":0},"Style":"Default","ToolTipValue":null,"Visible":true,"Center":{"Height":637.5,"Length":684.76729624011693,"Rotation":1.1970695068293431,"Width":250,"X":250,"Y":637.5},"Size":{"Height":1100,"Length":1170.4699910719626,"Rotation":1.2220253232109897,"Width":400,"X":400,"Y":1100},"Angle":0,"Radius":50},{"__type":"RoundedRectangle:#PerpetuumSoft.Instrumentation.Model","Active":true,"BreakEventsBubbling":false,"CssClass":{},"Fill":{"__type":"MultiGradientFill:#PerpetuumSoft.Framework.Drawing","Angle":0,"Colors":[{"__type":"GradientColor:#PerpetuumSoft.Framework.Drawing","Color":{"knownColor":0,"name":null,"state":2,"value":2516582399},"Portion":0},{"__type":"GradientColor:#PerpetuumSoft.Framework.Drawing","Color":{"knownColor":0,"name":null,"state":2,"value":671088639},"Portion":0.42592592592592593},{"__type":"GradientColor:#PerpetuumSoft.Framework.Drawing","Color":{"knownColor":27,"name":null,"state":1,"value":0},"Portion":0.43827160493827161}]},"JSBindingsText":null,"Name":"RoundedRectangle2","RecalculateAll":false,"Smooth":true,"Stroke":{"__type":"SimpleStroke:#PerpetuumSoft.Framework.Drawing","Width":1,"Color":{"knownColor":35,"name":null,"state":1,"value":0},"DashLenght":5,"DotLenght":1,"SpaceLenght":2,"Style":0},"Style":"Default","ToolTipValue":null,"Visible":true,"Center":{"Height":637.5,"Length":684.76729624011693,"Rotation":1.1970695068293431,"Width":250,"X":250,"Y":637.5},"Size":{"Height":1068.75,"Length":1128.5534158824739,"Rotation":1.2437918802851775,"Width":362.5,"X":362.5,"Y":1068.75},"Angle":0,"Radius":50},{"__type":"Circle:#PerpetuumSoft.Instrumentation.Model","Active":true,"BreakEventsBubbling":false,"CssClass":{},"Fill":{"__type":"SolidFill:#PerpetuumSoft.Framework.Drawing","Color":{"knownColor":0,"name":null,"state":2,"value":4289901234}},"JSBindingsText":null,"Name":"Circle2","RecalculateAll":false,"Smooth":true,"Stroke":{"__type":"SimpleStroke:#PerpetuumSoft.Framework.Drawing","Width":1,"Color":{"knownColor":35,"name":null,"state":1,"value":0},"DashLenght":5,"DotLenght":1,"SpaceLenght":2,"Style":0},"Style":"Default","ToolTipValue":null,"Visible":true,"Center":{"Height":587.5,"Length":638.47963945610672,"Rotation":1.168475228934456,"Width":250,"X":250,"Y":587.5},"Radius":100},{"__type":"Circle:#PerpetuumSoft.Instrumentation.Model","Active":true,"BreakEventsBubbling":false,"CssClass":{},"Fill":{"__type":"MultiGradientFill:#PerpetuumSoft.Framework.Drawing","Angle":0,"Colors":[{"__type":"GradientColor:#PerpetuumSoft.Framework.Drawing","Color":{"knownColor":0,"name":null,"state":2,"value":4289835441},"Portion":0},{"__type":"GradientColor:#PerpetuumSoft.Framework.Drawing","Color":{"knownColor":0,"name":null,"state":2,"value":4291546059},"Portion":0.27160493827160492},{"__type":"GradientColor:#PerpetuumSoft.Framework.Drawing","Color":{"knownColor":0,"name":null,"state":2,"value":4288256409},"Portion":1}]},"JSBindingsText":null,"Name":"Circle3","RecalculateAll":false,"Smooth":true,"Stroke":{"__type":"SimpleStroke:#PerpetuumSoft.Framework.Drawing","Width":1,"Color":{"knownColor":35,"name":null,"state":1,"value":0},"DashLenght":5,"DotLenght":1,"SpaceLenght":2,"Style":0},"Style":"Default","ToolTipValue":null,"Visible":true,"Center":{"Height":587.5,"Length":638.47963945610672,"Rotation":1.168475228934456,"Width":250,"X":250,"Y":587.5},"Radius":81.25},{"__type":"Guide:#PerpetuumSoft.Instrumentation.Model","Active":true,"BreakEventsBubbling":false,"CssClass":{},"Fill":null,"JSBindingsText":null,"Name":"Guide1","RecalculateAll":false,"Smooth":true,"Stroke":null,"Style":"","ToolTipValue":null,"Visible":true,"Elements":[{"__type":"Scale:#PerpetuumSoft.Instrumentation.Model","Active":true,"BreakEventsBubbling":false,"CssClass":{},"Fill":null,"JSBindingsText":null,"Name":"Scale1","RecalculateAll":false,"Smooth":true,"Stroke":null,"Style":"","ToolTipValue":null,"Visible":true,"Elements":[{"__type":"Slider:#PerpetuumSoft.Instrumentation.Model","Active":true,"BreakEventsBubbling":false,"CssClass":{},"Fill":null,"JSBindingsText":null,"Name":"Slider1","RecalculateAll":false,"Smooth":true,"Stroke":null,"Style":"","ToolTipValue":null,"Visible":true,"Elements":[{"__type":"Needle:#PerpetuumSoft.Instrumentation.Model","Active":true,"BreakEventsBubbling":false,"CssClass":{},"Fill":{"__type":"MultiGradientFill:#PerpetuumSoft.Framework.Drawing","Angle":0,"Colors":[{"__type":"GradientColor:#PerpetuumSoft.Framework.Drawing","Color":{"knownColor":0,"name":null,"state":2,"value":4288256409},"Portion":0},{"__type":"GradientColor:#PerpetuumSoft.Framework.Drawing","Color":{"knownColor":0,"name":null,"state":2,"value":4289835441},"Portion":0.24074074074074073},{"__type":"GradientColor:#PerpetuumSoft.Framework.Drawing","Color":{"knownColor":0,"name":null,"state":2,"value":4291546059},"Portion":0.3888888888888889},{"__type":"GradientColor:#PerpetuumSoft.Framework.Drawing","Color":{"knownColor":0,"name":null,"state":2,"value":4288256409},"Portion":0.74691358024691357},{"__type":"GradientColor:#PerpetuumSoft.Framework.Drawing","Color":{"knownColor":0,"name":null,"state":2,"value":4288256409},"Portion":1}]},"JSBindingsText":"this.setEndPoint(this.getInstrument().getByName(\"Slider1\").getPosition(0));\u000a","Name":"Needle1","RecalculateAll":false,"Smooth":true,"Stroke":{"__type":"SimpleStroke:#PerpetuumSoft.Framework.Drawing","Width":1,"Color":{"knownColor":35,"name":null,"state":1,"value":0},"DashLenght":5,"DotLenght":1,"SpaceLenght":2,"Style":0},"Style":"Default","ToolTipValue":null,"Visible":true,"EndPoint":{"Height":287.5,"Length":380.99376635320419,"Rotation":0.85505273712601682,"Width":249.99999999999986,"X":249.99999999999986,"Y":287.5},"StartPoint":{"Height":587.5,"Length":638.47963945610672,"Rotation":1.168475228934456,"Width":250,"X":250,"Y":587.5},"EndWidth":325,"NeedlePoints":[],"ShowMode":0,"StartWidth":162.5},{"__type":"Circle:#PerpetuumSoft.Instrumentation.Model","Active":true,"BreakEventsBubbling":false,"CssClass":{},"Fill":{"__type":"LinearGradientFill:#PerpetuumSoft.Framework.Drawing","Angle":90,"Colors":[{"__type":"GradientColor:#PerpetuumSoft.Framework.Drawing","Color":{"knownColor":0,"name":null,"state":2,"value":4286808963},"Portion":0},{"__type":"GradientColor:#PerpetuumSoft.Framework.Drawing","Color":{"knownColor":0,"name":null,"state":2,"value":4293256677},"Portion":1}],"EndColor":{"knownColor":0,"name":null,"state":2,"value":4293256677},"StartColor":{"knownColor":0,"name":null,"state":2,"value":4286808963}},"JSBindingsText":"this.setCenter(this.getInstrument().getByName('Slider1').getPosition(0));\u000athis.setStyle((this.getInstrument().getByName('Slider1').getAnimationValue()===50)?\u000d\u000a                    \"GrayCircleUp\"           \u000d\u000a                   :\"GrayCircleDown\"\u000d\u000a            );\u000a","Name":"Circle1","RecalculateAll":false,"Smooth":true,"Stroke":null,"Style":"GrayCircleUp","ToolTipValue":null,"Visible":true,"Center":{"Height":287.5,"Length":380.99376635320419,"Rotation":0.85505273712601682,"Width":249.99999999999986,"X":249.99999999999986,"Y":287.5},"Radius":162.5},{"__type":"Circle:#PerpetuumSoft.Instrumentation.Model","Active":true,"BreakEventsBubbling":false,"CssClass":{},"Fill":{"__type":"LinearGradientFill:#PerpetuumSoft.Framework.Drawing","Angle":90,"Colors":[{"__type":"GradientColor:#PerpetuumSoft.Framework.Drawing","Color":{"knownColor":0,"name":null,"state":2,"value":4287743738},"Portion":0},{"__type":"GradientColor:#PerpetuumSoft.Framework.Drawing","Color":{"knownColor":0,"name":null,"state":2,"value":4279460790},"Portion":1}],"EndColor":{"knownColor":0,"name":null,"state":2,"value":4279460790},"StartColor":{"knownColor":0,"name":null,"state":2,"value":4287743738}},"JSBindingsText":"this.setCenter(this.getInstrument().getByName('Slider1').getPosition(0));\u000athis.setStyle((this.getInstrument().getByName('Slider1').getAnimationValue()===50)?\u000d\u000a                    \"OuterBlueCircleUp\"           \u000d\u000a                   :\"OuterBlueCircleDown\"\u000d\u000a            );\u000a","Name":"Circle5","RecalculateAll":false,"Smooth":true,"Stroke":null,"Style":"OuterBlueCircleUp","ToolTipValue":null,"Visible":true,"Center":{"Height":287.5,"Length":380.99376635320419,"Rotation":0.85505273712601682,"Width":249.99999999999986,"X":249.99999999999986,"Y":287.5},"Radius":138.61419728768919},{"__type":"Circle:#PerpetuumSoft.Instrumentation.Model","Active":true,"BreakEventsBubbling":false,"CssClass":{},"Fill":{"__type":"SphericalFill:#PerpetuumSoft.Framework.Drawing","Angle":142,"Colors":[{"__type":"GradientColor:#PerpetuumSoft.Framework.Drawing","Color":{"knownColor":0,"name":null,"state":2,"value":4287743995},"Portion":0},{"__type":"GradientColor:#PerpetuumSoft.Framework.Drawing","Color":{"knownColor":0,"name":null,"state":2,"value":4280973508},"Portion":1}],"Delta":0.38,"EndColor":{"knownColor":0,"name":null,"state":2,"value":4287743995},"StartColor":{"knownColor":0,"name":null,"state":2,"value":4280973508}},"JSBindingsText":"this.setCenter(this.getInstrument().getByName('Slider1').getPosition(0));\u000athis.setStyle((this.getInstrument().getByName('Slider1').getAnimationValue()===50)?\u000d\u000a                    \"InnerBlueCircleUp\"           \u000d\u000a                   :\"InnerBlueCircleDown\"\u000d\u000a            );\u000a","Name":"Circle4","RecalculateAll":false,"Smooth":true,"Stroke":null,"Style":"InnerBlueCircleUp","ToolTipValue":null,"Visible":true,"Center":{"Height":287.5,"Length":380.99376635320419,"Rotation":0.85505273712601682,"Width":249.99999999999986,"X":249.99999999999986,"Y":287.5},"Radius":126.23297288037105},{"__type":"Highlight:#PerpetuumSoft.Instrumentation.Model","Active":true,"BreakEventsBubbling":false,"CssClass":{},"Fill":{"__type":"SolidFill:#PerpetuumSoft.Framework.Drawing","Color":{"knownColor":0,"name":null,"state":2,"value":1610612735}},"JSBindingsText":"this.setAngle((this.getInstrument().getByName('Slider1').getAnimationValue()===50)?\u000d\u000a                    60           \u000d\u000a                   :160\u000d\u000a            );\u000athis.setCenter(this.getInstrument().getByName('Slider1').getPosition(0));\u000a","Name":"Highlight1","RecalculateAll":false,"Smooth":true,"Stroke":{"__type":"SimpleStroke:#PerpetuumSoft.Framework.Drawing","Width":1,"Color":{"knownColor":35,"name":null,"state":1,"value":0},"DashLenght":5,"DotLenght":1,"SpaceLenght":2,"Style":0},"Style":"Default","ToolTipValue":null,"Visible":true,"Angle":60,"Center":{"Height":287.5,"Length":380.99376635320419,"Rotation":0.85505273712601682,"Width":249.99999999999986,"X":249.99999999999986,"Y":287.5},"Radius":122.20590848279278,"K":0.2,"SweepAngle":150}],"MaxLimit":{"Kind":0,"Value":0},"MinLimit":{"Kind":0,"Value":0},"Step":50,"Value":50},{"__type":"ScaleLabels:#PerpetuumSoft.Instrumentation.Model","Active":true,"BreakEventsBubbling":false,"CssClass":{},"Fill":null,"JSBindingsText":null,"Name":"ScaleLabels1","RecalculateAll":false,"Smooth":true,"Stroke":{"__type":"SimpleStroke:#PerpetuumSoft.Framework.Drawing","Width":1,"Color":{"knownColor":35,"name":null,"state":1,"value":0},"DashLenght":5,"DotLenght":1,"SpaceLenght":2,"Style":0},"Style":"Default","ToolTipValue":null,"Visible":true,"Colorizer":null,"Distance":293.75,"Dock":0,"MaxLimitWrapper":{"__type":"SmartValueWrapper:#PerpetuumSoft.Instrumentation.Model","Kind":0,"Value":0},"MinLimitWrapper":{"__type":"SmartValueWrapper:#PerpetuumSoft.Instrumentation.Model","Kind":0,"Value":0},"OriginWrapper":{"__type":"SmartValueWrapper:#PerpetuumSoft.Instrumentation.Model","Kind":0,"Value":0},"Padding":0,"Font":{"Bold":1,"FamilyName":"Microsoft Sans Serif","Italic":2,"Size":12,"Strikeout":2,"Underline":2},"Format":{"CurrencyNegativePattern":0,"CurrencyPositivePattern":0,"CurrencySymbol":"$","DateSeparator":".","DecimalPlaces":2,"DecimalSeparator":".","FormatMask":"","FormatStyle":0,"GroupSeparator":" ","NumberNegativePattern":0,"PercentNegativePattern":0,"PercentPositivePattern":0,"UseCultureSettings":true,"UseGroupSeparator":true},"Formula":"value & \" ??C\"","ItemMargins":{},"OddLabelsDistance":0,"Position":1,"ShowSuperposableLabels":true,"TextAlignment":1,"TextAngle":0,"TextRotationMode":1,"Divisions":10,"StepWrapper":{"__type":"SmartValueWrapper:#PerpetuumSoft.Instrumentation.Model","Kind":1,"Value":50},"UseRoundValues":false}],"Colorizer":null,"Maximum":50,"Minimum":-50,"Reverse":false}],"Margins":{},"Align":0,"EndPoint":{"Height":287.5,"Length":380.99376635320425,"Rotation":0.85505273712601648,"Width":250,"X":250,"Y":287.5},"GuideDirection":0,"StartPoint":{"Height":987.5,"Length":1018.6541365939668,"Rotation":1.3228414819792058,"Width":250,"X":250,"Y":987.5}}],"Enabled":true,"Focused":false,"GridStep":50,"IsFixed":false,"MeasureUnit":{},"Parameters":[],"ShowGrid":true,"Size":{"Height":1293.75,"Length":1470.982346087131,"Rotation":1.0748405721107359,"Width":700,"X":700,"Y":1293.75},"SnapToGrid":false,"Styles":[{"__type":"Style:#PerpetuumSoft.Instrumentation.Styles","Fill":null,"Font":{"Bold":0,"FamilyName":"Microsoft Sans Serif","Italic":0,"Size":10,"Strikeout":0,"Underline":0},"Image":null,"Name":"Default","Stroke":{"__type":"SimpleStroke:#PerpetuumSoft.Framework.Drawing","Width":1,"Color":{"knownColor":35,"name":null,"state":1,"value":0},"DashLenght":5,"DotLenght":1,"SpaceLenght":2,"Style":0}},{"__type":"Style:#PerpetuumSoft.Instrumentation.Styles","Fill":{"__type":"LinearGradientFill:#PerpetuumSoft.Framework.Drawing","Angle":90,"Colors":[{"__type":"GradientColor:#PerpetuumSoft.Framework.Drawing","Color":{"knownColor":0,"name":null,"state":2,"value":4286808963},"Portion":0},{"__type":"GradientColor:#PerpetuumSoft.Framework.Drawing","Color":{"knownColor":0,"name":null,"state":2,"value":4293256677},"Portion":1}],"EndColor":{"knownColor":0,"name":null,"state":2,"value":4293256677},"StartColor":{"knownColor":0,"name":null,"state":2,"value":4286808963}},"Font":null,"Image":null,"Name":"GrayCircleUp","Stroke":null},{"__type":"Style:#PerpetuumSoft.Instrumentation.Styles","Fill":{"__type":"LinearGradientFill:#PerpetuumSoft.Framework.Drawing","Angle":90,"Colors":[{"__type":"GradientColor:#PerpetuumSoft.Framework.Drawing","Color":{"knownColor":0,"name":null,"state":2,"value":4293256677},"Portion":0},{"__type":"GradientColor:#PerpetuumSoft.Framework.Drawing","Color":{"knownColor":0,"name":null,"state":2,"value":4286808963},"Portion":1}],"EndColor":{"knownColor":0,"name":null,"state":2,"value":4286808963},"StartColor":{"knownColor":0,"name":null,"state":2,"value":4293256677}},"Font":null,"Image":null,"Name":"GrayCircleDown","Stroke":null},{"__type":"Style:#PerpetuumSoft.Instrumentation.Styles","Fill":{"__type":"SphericalFill:#PerpetuumSoft.Framework.Drawing","Angle":142,"Colors":[{"__type":"GradientColor:#PerpetuumSoft.Framework.Drawing","Color":{"knownColor":0,"name":null,"state":2,"value":4287743995},"Portion":0},{"__type":"GradientColor:#PerpetuumSoft.Framework.Drawing","Color":{"knownColor":0,"name":null,"state":2,"value":4280973508},"Portion":1}],"Delta":0.38,"EndColor":{"knownColor":0,"name":null,"state":2,"value":4287743995},"StartColor":{"knownColor":0,"name":null,"state":2,"value":4280973508}},"Font":null,"Image":null,"Name":"InnerBlueCircleUp","Stroke":null},{"__type":"Style:#PerpetuumSoft.Instrumentation.Styles","Fill":{"__type":"SphericalFill:#PerpetuumSoft.Framework.Drawing","Angle":239,"Colors":[{"__type":"GradientColor:#PerpetuumSoft.Framework.Drawing","Color":{"knownColor":0,"name":null,"state":2,"value":4287743995},"Portion":0},{"__type":"GradientColor:#PerpetuumSoft.Framework.Drawing","Color":{"knownColor":0,"name":null,"state":2,"value":4281170116},"Portion":1}],"Delta":0.42,"EndColor":{"knownColor":0,"name":null,"state":2,"value":4287743995},"StartColor":{"knownColor":0,"name":null,"state":2,"value":4281170116}},"Font":null,"Image":null,"Name":"InnerBlueCircleDown","Stroke":null},{"__type":"Style:#PerpetuumSoft.Instrumentation.Styles","Fill":{"__type":"LinearGradientFill:#PerpetuumSoft.Framework.Drawing","Angle":90,"Colors":[{"__type":"GradientColor:#PerpetuumSoft.Framework.Drawing","Color":{"knownColor":0,"name":null,"state":2,"value":4287743738},"Portion":0},{"__type":"GradientColor:#PerpetuumSoft.Framework.Drawing","Color":{"knownColor":0,"name":null,"state":2,"value":4279460790},"Portion":1}],"EndColor":{"knownColor":0,"name":null,"state":2,"value":4279460790},"StartColor":{"knownColor":0,"name":null,"state":2,"value":4287743738}},"Font":null,"Image":null,"Name":"OuterBlueCircleUp","Stroke":null},{"__type":"Style:#PerpetuumSoft.Instrumentation.Styles","Fill":{"__type":"LinearGradientFill:#PerpetuumSoft.Framework.Drawing","Angle":90,"Colors":[{"__type":"GradientColor:#PerpetuumSoft.Framework.Drawing","Color":{"knownColor":0,"name":null,"state":2,"value":4279460790},"Portion":0},{"__type":"GradientColor:#PerpetuumSoft.Framework.Drawing","Color":{"knownColor":0,"name":null,"state":2,"value":4287743738},"Portion":1}],"EndColor":{"knownColor":0,"name":null,"state":2,"value":4287743738},"StartColor":{"knownColor":0,"name":null,"state":2,"value":4279460790}},"Font":null,"Image":null,"Name":"OuterBlueCircleDown","Stroke":null}]}