{"Active":true,"BreakEventsBubbling":false,"CssClass":{},"Fill":null,"JSBindingsText":null,"Name":"Instrument","RecalculateAll":false,"Smooth":true,"Stroke":{"__type":"SimpleStroke:#PerpetuumSoft.Framework.Drawing","Width":1,"Color":{"knownColor":35,"name":null,"state":1,"value":0},"DashLenght":5,"DotLenght":1,"SpaceLenght":2,"Style":1},"Style":"Default","ToolTipValue":null,"Visible":true,"Elements":[{"__type":"Gear:#PerpetuumSoft.Instrumentation.Model","Active":true,"BreakEventsBubbling":false,"CssClass":{},"Fill":{"__type":"LinearGradientFill:#PerpetuumSoft.Framework.Drawing","Angle":60,"Colors":[{"__type":"GradientColor:#PerpetuumSoft.Framework.Drawing","Color":{"knownColor":0,"name":null,"state":2,"value":4291282887},"Portion":0},{"__type":"GradientColor:#PerpetuumSoft.Framework.Drawing","Color":{"knownColor":0,"name":null,"state":2,"value":4284243036},"Portion":1}],"EndColor":{"knownColor":0,"name":null,"state":2,"value":4284243036},"StartColor":{"knownColor":0,"name":null,"state":2,"value":4291282887}},"JSBindingsText":"this.setCenter(new PerfectWidgets.Framework.DataObjects.Vector((this.getInstrument().getByName('Instrument') .getSize() .getWidth()\/2),(this.getInstrument().getByName('Instrument') .getSize() .getHeight()\/2)));\u000a","Name":"Gear1","RecalculateAll":false,"Smooth":true,"Stroke":null,"Style":"Gear1","ToolTipValue":null,"Visible":true,"Angle":73,"Center":{"Height":637.5,"Length":901.5611460128481,"Rotation":0.78539816339744828,"Width":637.5,"X":637.5,"Y":637.5},"Radius":612.5,"Count":4,"Depth":0,"DimensionsRatio":0.6},{"__type":"Gear:#PerpetuumSoft.Instrumentation.Model","Active":true,"BreakEventsBubbling":false,"CssClass":{},"Fill":{"__type":"SphericalFill:#PerpetuumSoft.Framework.Drawing","Angle":0,"Colors":[{"__type":"GradientColor:#PerpetuumSoft.Framework.Drawing","Color":{"knownColor":35,"name":null,"state":1,"value":0},"Portion":0},{"__type":"GradientColor:#PerpetuumSoft.Framework.Drawing","Color":{"knownColor":164,"name":null,"state":1,"value":0},"Portion":1}],"Delta":0,"EndColor":{"knownColor":35,"name":null,"state":1,"value":0},"StartColor":{"knownColor":164,"name":null,"state":1,"value":0}},"JSBindingsText":"this.setCenter(new PerfectWidgets.Framework.DataObjects.Vector((this.getInstrument().getByName('Instrument') .getSize() .getWidth()\/2),(this.getInstrument().getByName('Instrument') .getSize() .getHeight()\/2)));\u000a","Name":"Gear2","RecalculateAll":false,"Smooth":true,"Stroke":null,"Style":"Circle5","ToolTipValue":null,"Visible":true,"Angle":73,"Center":{"Height":637.5,"Length":901.5611460128481,"Rotation":0.78539816339744828,"Width":637.5,"X":637.5,"Y":637.5},"Radius":600,"Count":4,"Depth":0,"DimensionsRatio":0.6},{"__type":"Circle:#PerpetuumSoft.Instrumentation.Model","Active":true,"BreakEventsBubbling":false,"CssClass":{},"Fill":{"__type":"LinearGradientFill:#PerpetuumSoft.Framework.Drawing","Angle":60,"Colors":[{"__type":"GradientColor:#PerpetuumSoft.Framework.Drawing","Color":{"knownColor":0,"name":null,"state":2,"value":4284243036},"Portion":0},{"__type":"GradientColor:#PerpetuumSoft.Framework.Drawing","Color":{"knownColor":0,"name":null,"state":2,"value":4291282887},"Portion":1}],"EndColor":{"knownColor":0,"name":null,"state":2,"value":4291282887},"StartColor":{"knownColor":0,"name":null,"state":2,"value":4284243036}},"JSBindingsText":"this.setCenter(new PerfectWidgets.Framework.DataObjects.Vector((this.getInstrument().getByName('Instrument') .getSize() .getWidth()\/2),(this.getInstrument().getByName('Instrument') .getSize() .getHeight()\/2)));\u000a","Name":"Circle1","RecalculateAll":false,"Smooth":true,"Stroke":null,"Style":"Circle1","ToolTipValue":null,"Visible":true,"Center":{"Height":637.5,"Length":901.5611460128481,"Rotation":0.78539816339744828,"Width":637.5,"X":637.5,"Y":637.5},"Radius":581.25},{"__type":"Circle:#PerpetuumSoft.Instrumentation.Model","Active":true,"BreakEventsBubbling":false,"CssClass":{},"Fill":{"__type":"SolidFill:#PerpetuumSoft.Framework.Drawing","Color":{"knownColor":0,"name":null,"state":2,"value":4278337922}},"JSBindingsText":"this.setCenter(this.getInstrument().getByName('Circle1') .getCenter());\u000a","Name":"Circle2","RecalculateAll":false,"Smooth":true,"Stroke":null,"Style":"Circle2","ToolTipValue":null,"Visible":true,"Center":{"Height":637.5,"Length":901.5611460128481,"Rotation":0.78539816339744828,"Width":637.5,"X":637.5,"Y":637.5},"Radius":562.5},{"__type":"Circle:#PerpetuumSoft.Instrumentation.Model","Active":true,"BreakEventsBubbling":false,"CssClass":{},"Fill":{"__type":"LinearGradientFill:#PerpetuumSoft.Framework.Drawing","Angle":90,"Colors":[{"__type":"GradientColor:#PerpetuumSoft.Framework.Drawing","Color":{"knownColor":0,"name":null,"state":2,"value":4279460790},"Portion":0},{"__type":"GradientColor:#PerpetuumSoft.Framework.Drawing","Color":{"knownColor":0,"name":null,"state":2,"value":4288269823},"Portion":1}],"EndColor":{"knownColor":0,"name":null,"state":2,"value":4288269823},"StartColor":{"knownColor":0,"name":null,"state":2,"value":4279460790}},"JSBindingsText":"this.setCenter(this.getInstrument().getByName('Circle1') .getCenter());\u000a","Name":"Circle3","RecalculateAll":false,"Smooth":true,"Stroke":null,"Style":"Circle3","ToolTipValue":null,"Visible":true,"Center":{"Height":637.5,"Length":901.5611460128481,"Rotation":0.78539816339744828,"Width":637.5,"X":637.5,"Y":637.5},"Radius":425},{"__type":"Circle:#PerpetuumSoft.Instrumentation.Model","Active":true,"BreakEventsBubbling":false,"CssClass":{},"Fill":{"__type":"SolidFill:#PerpetuumSoft.Framework.Drawing","Color":{"knownColor":0,"name":null,"state":2,"value":4278337922}},"JSBindingsText":"this.setCenter(this.getInstrument().getByName('Circle1') .getCenter());\u000a","Name":"Circle4","RecalculateAll":false,"Smooth":true,"Stroke":null,"Style":"Circle2","ToolTipValue":null,"Visible":true,"Center":{"Height":637.5,"Length":901.5611460128481,"Rotation":0.78539816339744828,"Width":637.5,"X":637.5,"Y":637.5},"Radius":193.75},{"__type":"Highlight:#PerpetuumSoft.Instrumentation.Model","Active":true,"BreakEventsBubbling":false,"CssClass":{},"Fill":{"__type":"SolidFill:#PerpetuumSoft.Framework.Drawing","Color":{"knownColor":0,"name":null,"state":2,"value":1694498815}},"JSBindingsText":"this.setCenter(this.getInstrument().getByName('Circle1') .getCenter());\u000athis.setRadius((this.getInstrument().getByName('Circle3') .getRadius()-12.5));\u000a","Name":"Highlight1","RecalculateAll":false,"Smooth":true,"Stroke":null,"Style":"Highlight1","ToolTipValue":null,"Visible":true,"Angle":165.96,"Center":{"Height":637.5,"Length":901.5611460128481,"Rotation":0.78539816339744828,"Width":637.5,"X":637.5,"Y":637.5},"Radius":412.5,"K":0.6,"SweepAngle":150},{"__type":"Joint:#PerpetuumSoft.Instrumentation.Model","Active":true,"BreakEventsBubbling":false,"CssClass":{},"Fill":null,"JSBindingsText":"this.setCenter(this.getInstrument().getByName('Circle1') .getCenter());\u000a","Name":"Joint1","RecalculateAll":false,"Smooth":true,"Stroke":null,"Style":"","ToolTipValue":null,"Visible":true,"Elements":[{"__type":"Scale:#PerpetuumSoft.Instrumentation.Model","Active":true,"BreakEventsBubbling":false,"CssClass":{},"Fill":null,"JSBindingsText":null,"Name":"Scale1","RecalculateAll":false,"Smooth":true,"Stroke":null,"Style":"","ToolTipValue":null,"Visible":true,"Elements":[{"__type":"ScaleLabels:#PerpetuumSoft.Instrumentation.Model","Active":true,"BreakEventsBubbling":false,"CssClass":{},"Fill":null,"JSBindingsText":"this.setDistance((this.getInstrument().getByName('Joint1') .getRadius()-125));\u000a","Name":"ScaleLabels1","RecalculateAll":false,"Smooth":true,"Stroke":null,"Style":"ScaleLabels1","ToolTipValue":null,"Visible":true,"Colorizer":{"__type":"SingleColorColorizer:#PerpetuumSoft.Instrumentation.Model.Drawing","Color":{"knownColor":164,"name":null,"state":1,"value":0}},"Distance":368.75,"Dock":0,"MaxLimitWrapper":{"__type":"SmartValueWrapper:#PerpetuumSoft.Instrumentation.Model","Kind":0,"Value":0},"MinLimitWrapper":{"__type":"SmartValueWrapper:#PerpetuumSoft.Instrumentation.Model","Kind":0,"Value":0},"OriginWrapper":{"__type":"SmartValueWrapper:#PerpetuumSoft.Instrumentation.Model","Kind":0,"Value":0},"Padding":0,"Font":{"Bold":1,"FamilyName":"Arial","Italic":2,"Size":18,"Strikeout":2,"Underline":2},"Format":{"CurrencyNegativePattern":0,"CurrencyPositivePattern":0,"CurrencySymbol":"$","DateSeparator":".","DecimalPlaces":2,"DecimalSeparator":".","FormatMask":"","FormatStyle":0,"GroupSeparator":" ","NumberNegativePattern":0,"PercentNegativePattern":0,"PercentPositivePattern":0,"UseCultureSettings":true,"UseGroupSeparator":true},"Formula":"","ItemMargins":{},"OddLabelsDistance":0,"Position":1,"ShowSuperposableLabels":true,"TextAlignment":1,"TextAngle":0,"TextRotationMode":0,"Divisions":4,"StepWrapper":{"__type":"SmartValueWrapper:#PerpetuumSoft.Instrumentation.Model","Kind":0,"Value":0},"UseRoundValues":false},{"__type":"Slider:#PerpetuumSoft.Instrumentation.Model","Active":true,"BreakEventsBubbling":false,"CssClass":{},"Fill":null,"JSBindingsText":null,"Name":"Slider1","RecalculateAll":false,"Smooth":true,"Stroke":null,"Style":"","ToolTipValue":null,"Visible":true,"Elements":[{"__type":"RangedLevel:#PerpetuumSoft.Instrumentation.Model","Active":true,"BreakEventsBubbling":false,"CssClass":{},"Fill":{"__type":"SolidFill:#PerpetuumSoft.Framework.Drawing","Color":{"knownColor":0,"name":null,"state":2,"value":4285903866}},"JSBindingsText":"this.setDistance(this.getInstrument().getByName('Joint1') .getRadius());\u000athis.setValue(this.getInstrument().getByName('Slider1').getAnimationValue());\u000a","Name":"RangedLevel1","RecalculateAll":false,"Smooth":true,"Stroke":null,"Style":"RangedLevel1","ToolTipValue":null,"Visible":true,"Colorizer":null,"Distance":493.75,"Dock":0,"MaxLimitWrapper":{"__type":"SmartValueWrapper:#PerpetuumSoft.Instrumentation.Model","Kind":0,"Value":0},"MinLimitWrapper":{"__type":"SmartValueWrapper:#PerpetuumSoft.Instrumentation.Model","Kind":0,"Value":0},"OriginWrapper":{"__type":"SmartValueWrapper:#PerpetuumSoft.Instrumentation.Model","Kind":0,"Value":0},"Padding":0,"ValueWrapper":{"__type":"SmartValueWrapper:#PerpetuumSoft.Instrumentation.Model","Kind":1,"Value":33.444380542853679},"Colors":[],"Divisions":0,"DivisionsStroke":null,"EndColor":{"knownColor":164,"name":null,"state":1,"value":0},"StartColor":{"knownColor":35,"name":null,"state":1,"value":0},"AlignmentMode":2,"EndWidth":75,"StartWidth":75},{"__type":"Needle:#PerpetuumSoft.Instrumentation.Model","Active":true,"BreakEventsBubbling":false,"CssClass":{},"Fill":{"__type":"SolidFill:#PerpetuumSoft.Framework.Drawing","Color":{"knownColor":0,"name":null,"state":2,"value":4289901234}},"JSBindingsText":"this.setEndPoint(this.getInstrument().getByName(\"Slider1\").getPosition((this.getInstrument().getByName('Joint1') .getRadius()-50)));\u000athis.setStartPoint(this.getInstrument().getByName(\"Slider1\").getPosition(0));\u000a","Name":"Needle1","RecalculateAll":false,"Smooth":true,"Stroke":null,"Style":"Needle1","ToolTipValue":null,"Visible":true,"EndPoint":{"Height":350.29132276592367,"Length":460.69925336027507,"Rotation":0.863847283296796,"Width":299.23200236875471,"X":299.23200236875471,"Y":350.29132276592367},"StartPoint":{"Height":637.5,"Length":901.5611460128481,"Rotation":0.78539816339744828,"Width":637.5,"X":637.5,"Y":637.5},"EndWidth":0,"NeedlePoints":[],"ShowMode":0,"StartWidth":75}],"MaxLimit":{"Kind":0,"Value":0},"MinLimit":{"Kind":0,"Value":0},"Step":0,"Value":33.444380542853679},{"__type":"ScaleMarks:#PerpetuumSoft.Instrumentation.Model","Active":true,"BreakEventsBubbling":false,"CssClass":{},"Fill":{"__type":"SolidFill:#PerpetuumSoft.Framework.Drawing","Color":{"knownColor":0,"name":null,"state":2,"value":1694498815}},"JSBindingsText":"this.setDistance(this.getInstrument().getByName('Joint1') .getRadius());\u000a","Name":"ScaleMarks1","RecalculateAll":false,"Smooth":true,"Stroke":{"__type":"SimpleStroke:#PerpetuumSoft.Framework.Drawing","Width":3,"Color":{"knownColor":164,"name":null,"state":1,"value":0},"DashLenght":5,"DotLenght":1,"SpaceLenght":2,"Style":1},"Style":"ScaleMarks1","ToolTipValue":null,"Visible":true,"Colorizer":null,"Distance":493.75,"Dock":0,"MaxLimitWrapper":{"__type":"SmartValueWrapper:#PerpetuumSoft.Instrumentation.Model","Kind":0,"Value":0},"MinLimitWrapper":{"__type":"SmartValueWrapper:#PerpetuumSoft.Instrumentation.Model","Kind":0,"Value":0},"OriginWrapper":{"__type":"SmartValueWrapper:#PerpetuumSoft.Instrumentation.Model","Kind":0,"Value":0},"Padding":0,"Divisions":4,"StepWrapper":{"__type":"SmartValueWrapper:#PerpetuumSoft.Instrumentation.Model","Kind":0,"Value":0},"SubDivisions":5,"SubTicksPosition":0,"UseDescreteValues":false,"UseRoundValues":false,"MarksAngle":0,"MarksSize":{"Height":12.5,"Length":88.388347648318444,"Rotation":0.14189705460416394,"Width":87.5,"X":87.5,"Y":12.5},"RotationMode":1,"Shape":{"__type":"RectangleShape:#PerpetuumSoft.Framework.Drawing"},"SubMarksSize":{"Height":12.5,"Length":88.388347648318444,"Rotation":0.14189705460416394,"Width":87.5,"X":87.5,"Y":12.5}},{"__type":"ScaleMarks:#PerpetuumSoft.Instrumentation.Model","Active":true,"BreakEventsBubbling":false,"CssClass":{},"Fill":{"__type":"SolidFill:#PerpetuumSoft.Framework.Drawing","Color":{"knownColor":0,"name":null,"state":2,"value":4279460790}},"JSBindingsText":"this.setDistance(this.getInstrument().getByName('Joint1') .getRadius());\u000a","Name":"ScaleMarks2","RecalculateAll":false,"Smooth":true,"Stroke":{"__type":"SimpleStroke:#PerpetuumSoft.Framework.Drawing","Width":3,"Color":{"knownColor":164,"name":null,"state":1,"value":0},"DashLenght":5,"DotLenght":1,"SpaceLenght":2,"Style":1},"Style":"ScaleMarks2","ToolTipValue":null,"Visible":true,"Colorizer":null,"Distance":493.75,"Dock":0,"MaxLimitWrapper":{"__type":"SmartValueWrapper:#PerpetuumSoft.Instrumentation.Model","Kind":0,"Value":0},"MinLimitWrapper":{"__type":"SmartValueWrapper:#PerpetuumSoft.Instrumentation.Model","Kind":0,"Value":0},"OriginWrapper":{"__type":"SmartValueWrapper:#PerpetuumSoft.Instrumentation.Model","Kind":0,"Value":0},"Padding":0,"Divisions":4,"StepWrapper":{"__type":"SmartValueWrapper:#PerpetuumSoft.Instrumentation.Model","Kind":0,"Value":0},"SubDivisions":1,"SubTicksPosition":0,"UseDescreteValues":false,"UseRoundValues":false,"MarksAngle":0,"MarksSize":{"Height":18.75,"Length":120.22115038544591,"Rotation":0.15660187698201536,"Width":118.75,"X":118.75,"Y":18.75},"RotationMode":1,"Shape":{"__type":"RectangleShape:#PerpetuumSoft.Framework.Drawing"},"SubMarksSize":{"Height":12.5,"Length":88.388347648318444,"Rotation":0.14189705460416394,"Width":87.5,"X":87.5,"Y":12.5}}],"Colorizer":null,"Maximum":40,"Minimum":0,"Reverse":false}],"Margins":{},"Center":{"Height":637.5,"Length":901.5611460128481,"Rotation":0.78539816339744828,"Width":637.5,"X":637.5,"Y":637.5},"Dock":0,"Radius":493.75,"StartAngle":120,"TotalAngle":120},{"__type":"Joint:#PerpetuumSoft.Instrumentation.Model","Active":true,"BreakEventsBubbling":false,"CssClass":{},"Fill":null,"JSBindingsText":"this.setCenter(this.getInstrument().getByName('Circle1') .getCenter());\u000athis.setRadius(this.getInstrument().getByName('Joint1') .getRadius());\u000a","Name":"Joint2","RecalculateAll":false,"Smooth":true,"Stroke":null,"Style":"","ToolTipValue":null,"Visible":true,"Elements":[{"__type":"Scale:#PerpetuumSoft.Instrumentation.Model","Active":true,"BreakEventsBubbling":false,"CssClass":{},"Fill":null,"JSBindingsText":null,"Name":"Scale2","RecalculateAll":false,"Smooth":true,"Stroke":null,"Style":"","ToolTipValue":null,"Visible":true,"Elements":[{"__type":"ScaleLabels:#PerpetuumSoft.Instrumentation.Model","Active":true,"BreakEventsBubbling":false,"CssClass":{},"Fill":null,"JSBindingsText":"this.setDistance((this.getInstrument().getByName('Joint2') .getRadius()-125));\u000a","Name":"ScaleLabels2","RecalculateAll":false,"Smooth":true,"Stroke":null,"Style":"ScaleLabels1","ToolTipValue":null,"Visible":true,"Colorizer":{"__type":"SingleColorColorizer:#PerpetuumSoft.Instrumentation.Model.Drawing","Color":{"knownColor":164,"name":null,"state":1,"value":0}},"Distance":368.75,"Dock":0,"MaxLimitWrapper":{"__type":"SmartValueWrapper:#PerpetuumSoft.Instrumentation.Model","Kind":0,"Value":0},"MinLimitWrapper":{"__type":"SmartValueWrapper:#PerpetuumSoft.Instrumentation.Model","Kind":0,"Value":0},"OriginWrapper":{"__type":"SmartValueWrapper:#PerpetuumSoft.Instrumentation.Model","Kind":0,"Value":0},"Padding":0,"Font":{"Bold":1,"FamilyName":"Arial","Italic":2,"Size":18,"Strikeout":2,"Underline":2},"Format":{"CurrencyNegativePattern":0,"CurrencyPositivePattern":0,"CurrencySymbol":"$","DateSeparator":".","DecimalPlaces":2,"DecimalSeparator":".","FormatMask":"","FormatStyle":0,"GroupSeparator":" ","NumberNegativePattern":0,"PercentNegativePattern":0,"PercentPositivePattern":0,"UseCultureSettings":true,"UseGroupSeparator":true},"Formula":"","ItemMargins":{},"OddLabelsDistance":0,"Position":1,"ShowSuperposableLabels":true,"TextAlignment":1,"TextAngle":0,"TextRotationMode":0,"Divisions":4,"StepWrapper":{"__type":"SmartValueWrapper:#PerpetuumSoft.Instrumentation.Model","Kind":0,"Value":0},"UseRoundValues":false},{"__type":"Slider:#PerpetuumSoft.Instrumentation.Model","Active":true,"BreakEventsBubbling":false,"CssClass":{},"Fill":null,"JSBindingsText":null,"Name":"Slider2","RecalculateAll":false,"Smooth":true,"Stroke":null,"Style":"","ToolTipValue":null,"Visible":true,"Elements":[{"__type":"RangedLevel:#PerpetuumSoft.Instrumentation.Model","Active":true,"BreakEventsBubbling":false,"CssClass":{},"Fill":{"__type":"SolidFill:#PerpetuumSoft.Framework.Drawing","Color":{"knownColor":0,"name":null,"state":2,"value":4285903866}},"JSBindingsText":"this.setDistance(this.getInstrument().getByName('Joint2') .getRadius());\u000athis.setValue(this.getInstrument().getByName('Slider2').getAnimationValue());\u000a","Name":"RangedLevel2","RecalculateAll":false,"Smooth":true,"Stroke":null,"Style":"RangedLevel1","ToolTipValue":null,"Visible":true,"Colorizer":null,"Distance":493.75,"Dock":0,"MaxLimitWrapper":{"__type":"SmartValueWrapper:#PerpetuumSoft.Instrumentation.Model","Kind":0,"Value":0},"MinLimitWrapper":{"__type":"SmartValueWrapper:#PerpetuumSoft.Instrumentation.Model","Kind":0,"Value":0},"OriginWrapper":{"__type":"SmartValueWrapper:#PerpetuumSoft.Instrumentation.Model","Kind":0,"Value":0},"Padding":0,"ValueWrapper":{"__type":"SmartValueWrapper:#PerpetuumSoft.Instrumentation.Model","Kind":1,"Value":28.251126641470584},"Colors":[],"Divisions":0,"DivisionsStroke":null,"EndColor":{"knownColor":164,"name":null,"state":1,"value":0},"StartColor":{"knownColor":35,"name":null,"state":1,"value":0},"AlignmentMode":2,"EndWidth":75,"StartWidth":75},{"__type":"Needle:#PerpetuumSoft.Instrumentation.Model","Active":true,"BreakEventsBubbling":false,"CssClass":{},"Fill":{"__type":"SolidFill:#PerpetuumSoft.Framework.Drawing","Color":{"knownColor":0,"name":null,"state":2,"value":4289901234}},"JSBindingsText":"this.setEndPoint(this.getInstrument().getByName(\"Slider2\").getPosition((this.getInstrument().getByName('Joint2') .getRadius()-50)));\u000athis.setStartPoint(this.getInstrument().getByName(\"Slider2\").getPosition(0));\u000a","Name":"Needle2","RecalculateAll":false,"Smooth":true,"Stroke":null,"Style":"Needle1","ToolTipValue":null,"Visible":true,"EndPoint":{"Height":451.695969171245,"Length":1134.2939783063621,"Rotation":0.40957304948016449,"Width":1040.4775733558718,"X":1040.4775733558718,"Y":451.695969171245},"StartPoint":{"Height":637.5,"Length":901.5611460128481,"Rotation":0.78539816339744828,"Width":637.5,"X":637.5,"Y":637.5},"EndWidth":0,"NeedlePoints":[],"ShowMode":0,"StartWidth":75}],"MaxLimit":{"Kind":0,"Value":0},"MinLimit":{"Kind":0,"Value":0},"Step":0,"Value":28.251126641470584},{"__type":"ScaleMarks:#PerpetuumSoft.Instrumentation.Model","Active":true,"BreakEventsBubbling":false,"CssClass":{},"Fill":{"__type":"SolidFill:#PerpetuumSoft.Framework.Drawing","Color":{"knownColor":0,"name":null,"state":2,"value":1694498815}},"JSBindingsText":"this.setDistance(this.getInstrument().getByName('Joint2') .getRadius());\u000a","Name":"ScaleMarks3","RecalculateAll":false,"Smooth":true,"Stroke":{"__type":"SimpleStroke:#PerpetuumSoft.Framework.Drawing","Width":3,"Color":{"knownColor":164,"name":null,"state":1,"value":0},"DashLenght":5,"DotLenght":1,"SpaceLenght":2,"Style":1},"Style":"ScaleMarks1","ToolTipValue":null,"Visible":true,"Colorizer":null,"Distance":493.75,"Dock":0,"MaxLimitWrapper":{"__type":"SmartValueWrapper:#PerpetuumSoft.Instrumentation.Model","Kind":0,"Value":0},"MinLimitWrapper":{"__type":"SmartValueWrapper:#PerpetuumSoft.Instrumentation.Model","Kind":0,"Value":0},"OriginWrapper":{"__type":"SmartValueWrapper:#PerpetuumSoft.Instrumentation.Model","Kind":0,"Value":0},"Padding":0,"Divisions":4,"StepWrapper":{"__type":"SmartValueWrapper:#PerpetuumSoft.Instrumentation.Model","Kind":0,"Value":0},"SubDivisions":5,"SubTicksPosition":0,"UseDescreteValues":false,"UseRoundValues":false,"MarksAngle":0,"MarksSize":{"Height":12.5,"Length":88.388347648318444,"Rotation":0.14189705460416394,"Width":87.5,"X":87.5,"Y":12.5},"RotationMode":1,"Shape":{"__type":"RectangleShape:#PerpetuumSoft.Framework.Drawing"},"SubMarksSize":{"Height":12.5,"Length":88.388347648318444,"Rotation":0.14189705460416394,"Width":87.5,"X":87.5,"Y":12.5}},{"__type":"ScaleMarks:#PerpetuumSoft.Instrumentation.Model","Active":true,"BreakEventsBubbling":false,"CssClass":{},"Fill":{"__type":"SolidFill:#PerpetuumSoft.Framework.Drawing","Color":{"knownColor":0,"name":null,"state":2,"value":4279460790}},"JSBindingsText":"this.setDistance(this.getInstrument().getByName('Joint2') .getRadius());\u000a","Name":"ScaleMarks4","RecalculateAll":false,"Smooth":true,"Stroke":{"__type":"SimpleStroke:#PerpetuumSoft.Framework.Drawing","Width":3,"Color":{"knownColor":164,"name":null,"state":1,"value":0},"DashLenght":5,"DotLenght":1,"SpaceLenght":2,"Style":1},"Style":"ScaleMarks2","ToolTipValue":null,"Visible":true,"Colorizer":null,"Distance":493.75,"Dock":0,"MaxLimitWrapper":{"__type":"SmartValueWrapper:#PerpetuumSoft.Instrumentation.Model","Kind":0,"Value":0},"MinLimitWrapper":{"__type":"SmartValueWrapper:#PerpetuumSoft.Instrumentation.Model","Kind":0,"Value":0},"OriginWrapper":{"__type":"SmartValueWrapper:#PerpetuumSoft.Instrumentation.Model","Kind":0,"Value":0},"Padding":0,"Divisions":4,"StepWrapper":{"__type":"SmartValueWrapper:#PerpetuumSoft.Instrumentation.Model","Kind":0,"Value":0},"SubDivisions":1,"SubTicksPosition":0,"UseDescreteValues":false,"UseRoundValues":false,"MarksAngle":0,"MarksSize":{"Height":18.75,"Length":120.22115038544591,"Rotation":0.15660187698201536,"Width":118.75,"X":118.75,"Y":18.75},"RotationMode":1,"Shape":{"__type":"RectangleShape:#PerpetuumSoft.Framework.Drawing"},"SubMarksSize":{"Height":12.5,"Length":88.388347648318444,"Rotation":0.14189705460416394,"Width":87.5,"X":87.5,"Y":12.5}}],"Colorizer":null,"Maximum":40,"Minimum":0,"Reverse":false}],"Margins":{},"Center":{"Height":637.5,"Length":901.5611460128481,"Rotation":0.78539816339744828,"Width":637.5,"X":637.5,"Y":637.5},"Dock":0,"Radius":493.75,"StartAngle":60,"TotalAngle":-120},{"__type":"Circle:#PerpetuumSoft.Instrumentation.Model","Active":true,"BreakEventsBubbling":false,"CssClass":{},"Fill":{"__type":"SphericalFill:#PerpetuumSoft.Framework.Drawing","Angle":0,"Colors":[{"__type":"GradientColor:#PerpetuumSoft.Framework.Drawing","Color":{"knownColor":35,"name":null,"state":1,"value":0},"Portion":0},{"__type":"GradientColor:#PerpetuumSoft.Framework.Drawing","Color":{"knownColor":164,"name":null,"state":1,"value":0},"Portion":1}],"Delta":0,"EndColor":{"knownColor":35,"name":null,"state":1,"value":0},"StartColor":{"knownColor":164,"name":null,"state":1,"value":0}},"JSBindingsText":"this.setCenter(this.getInstrument().getByName('Circle1') .getCenter());\u000a","Name":"Circle5","RecalculateAll":false,"Smooth":true,"Stroke":null,"Style":"Circle5","ToolTipValue":null,"Visible":true,"Center":{"Height":637.5,"Length":901.5611460128481,"Rotation":0.78539816339744828,"Width":637.5,"X":637.5,"Y":637.5},"Radius":78.125},{"__type":"Circle:#PerpetuumSoft.Instrumentation.Model","Active":true,"BreakEventsBubbling":false,"CssClass":{},"Fill":{"__type":"SolidFill:#PerpetuumSoft.Framework.Drawing","Color":{"knownColor":0,"name":null,"state":2,"value":4289901234}},"JSBindingsText":"this.setCenter(this.getInstrument().getByName('Circle1') .getCenter());\u000a","Name":"Circle6","RecalculateAll":false,"Smooth":true,"Stroke":null,"Style":"Needle1","ToolTipValue":null,"Visible":true,"Center":{"Height":637.5,"Length":901.5611460128481,"Rotation":0.78539816339744828,"Width":637.5,"X":637.5,"Y":637.5},"Radius":56.25}],"Enabled":true,"Focused":false,"GridStep":25,"IsFixed":false,"MeasureUnit":{},"Parameters":[],"ShowGrid":true,"Size":{"Height":1275,"Length":1803.1222920256962,"Rotation":0.78539816339744828,"Width":1275,"X":1275,"Y":1275},"SnapToGrid":true,"Styles":[{"__type":"Style:#PerpetuumSoft.Instrumentation.Styles","Fill":null,"Font":{"Bold":0,"FamilyName":"Microsoft Sans Serif","Italic":0,"Size":10,"Strikeout":0,"Underline":0},"Image":null,"Name":"Default","Stroke":{"__type":"SimpleStroke:#PerpetuumSoft.Framework.Drawing","Width":1,"Color":{"knownColor":35,"name":null,"state":1,"value":0},"DashLenght":5,"DotLenght":1,"SpaceLenght":2,"Style":1}},{"__type":"Style:#PerpetuumSoft.Instrumentation.Styles","Fill":{"__type":"LinearGradientFill:#PerpetuumSoft.Framework.Drawing","Angle":60,"Colors":[{"__type":"GradientColor:#PerpetuumSoft.Framework.Drawing","Color":{"knownColor":0,"name":null,"state":2,"value":4291282887},"Portion":0},{"__type":"GradientColor:#PerpetuumSoft.Framework.Drawing","Color":{"knownColor":0,"name":null,"state":2,"value":4284243036},"Portion":1}],"EndColor":{"knownColor":0,"name":null,"state":2,"value":4284243036},"StartColor":{"knownColor":0,"name":null,"state":2,"value":4291282887}},"Font":null,"Image":null,"Name":"Gear1","Stroke":null},{"__type":"Style:#PerpetuumSoft.Instrumentation.Styles","Fill":{"__type":"LinearGradientFill:#PerpetuumSoft.Framework.Drawing","Angle":60,"Colors":[{"__type":"GradientColor:#PerpetuumSoft.Framework.Drawing","Color":{"knownColor":0,"name":null,"state":2,"value":4284243036},"Portion":0},{"__type":"GradientColor:#PerpetuumSoft.Framework.Drawing","Color":{"knownColor":0,"name":null,"state":2,"value":4291282887},"Portion":1}],"EndColor":{"knownColor":0,"name":null,"state":2,"value":4291282887},"StartColor":{"knownColor":0,"name":null,"state":2,"value":4284243036}},"Font":null,"Image":null,"Name":"Circle1","Stroke":null},{"__type":"Style:#PerpetuumSoft.Instrumentation.Styles","Fill":{"__type":"SolidFill:#PerpetuumSoft.Framework.Drawing","Color":{"knownColor":0,"name":null,"state":2,"value":4278337922}},"Font":null,"Image":null,"Name":"Circle2","Stroke":null},{"__type":"Style:#PerpetuumSoft.Instrumentation.Styles","Fill":{"__type":"LinearGradientFill:#PerpetuumSoft.Framework.Drawing","Angle":90,"Colors":[{"__type":"GradientColor:#PerpetuumSoft.Framework.Drawing","Color":{"knownColor":0,"name":null,"state":2,"value":4279460790},"Portion":0},{"__type":"GradientColor:#PerpetuumSoft.Framework.Drawing","Color":{"knownColor":0,"name":null,"state":2,"value":4288269823},"Portion":1}],"EndColor":{"knownColor":0,"name":null,"state":2,"value":4288269823},"StartColor":{"knownColor":0,"name":null,"state":2,"value":4279460790}},"Font":null,"Image":null,"Name":"Circle3","Stroke":null},{"__type":"Style:#PerpetuumSoft.Instrumentation.Styles","Fill":{"__type":"SphericalFill:#PerpetuumSoft.Framework.Drawing","Angle":0,"Colors":[{"__type":"GradientColor:#PerpetuumSoft.Framework.Drawing","Color":{"knownColor":35,"name":null,"state":1,"value":0},"Portion":0},{"__type":"GradientColor:#PerpetuumSoft.Framework.Drawing","Color":{"knownColor":164,"name":null,"state":1,"value":0},"Portion":1}],"Delta":0,"EndColor":{"knownColor":35,"name":null,"state":1,"value":0},"StartColor":{"knownColor":164,"name":null,"state":1,"value":0}},"Font":null,"Image":null,"Name":"Circle5","Stroke":null},{"__type":"Style:#PerpetuumSoft.Instrumentation.Styles","Fill":{"__type":"SolidFill:#PerpetuumSoft.Framework.Drawing","Color":{"knownColor":0,"name":null,"state":2,"value":4285903866}},"Font":null,"Image":null,"Name":"RangedLevel1","Stroke":null},{"__type":"Style:#PerpetuumSoft.Instrumentation.Styles","Fill":{"__type":"SolidFill:#PerpetuumSoft.Framework.Drawing","Color":{"knownColor":0,"name":null,"state":2,"value":4289901234}},"Font":null,"Image":null,"Name":"Needle1","Stroke":null},{"__type":"Style:#PerpetuumSoft.Instrumentation.Styles","Fill":{"__type":"SolidFill:#PerpetuumSoft.Framework.Drawing","Color":{"knownColor":0,"name":null,"state":2,"value":4279460790}},"Font":null,"Image":null,"Name":"ScaleMarks2","Stroke":{"__type":"SimpleStroke:#PerpetuumSoft.Framework.Drawing","Width":3,"Color":{"knownColor":164,"name":null,"state":1,"value":0},"DashLenght":5,"DotLenght":1,"SpaceLenght":2,"Style":1}},{"__type":"Style:#PerpetuumSoft.Instrumentation.Styles","Fill":{"__type":"SolidFill:#PerpetuumSoft.Framework.Drawing","Color":{"knownColor":0,"name":null,"state":2,"value":1694498815}},"Font":null,"Image":null,"Name":"ScaleMarks1","Stroke":{"__type":"SimpleStroke:#PerpetuumSoft.Framework.Drawing","Width":3,"Color":{"knownColor":164,"name":null,"state":1,"value":0},"DashLenght":5,"DotLenght":1,"SpaceLenght":2,"Style":1}},{"__type":"Style:#PerpetuumSoft.Instrumentation.Styles","Fill":null,"Font":{"Bold":1,"FamilyName":"Arial","Italic":2,"Size":18,"Strikeout":2,"Underline":2},"Image":null,"Name":"ScaleLabels1","Stroke":null},{"__type":"Style:#PerpetuumSoft.Instrumentation.Styles","Fill":{"__type":"SolidFill:#PerpetuumSoft.Framework.Drawing","Color":{"knownColor":0,"name":null,"state":2,"value":1694498815}},"Font":null,"Image":null,"Name":"Highlight1","Stroke":null}]}