{"Active":true,"BreakEventsBubbling":false,"CssClass":{},"Fill":null,"JSBindingsText":null,"Name":"Instrument","RecalculateAll":false,"Smooth":true,"Stroke":null,"Style":"","ToolTipValue":null,"Visible":true,"Elements":[{"__type":"RoundedRectangle:#PerpetuumSoft.Instrumentation.Model","Active":true,"BreakEventsBubbling":false,"CssClass":{},"Fill":{"__type":"SolidFill:#PerpetuumSoft.Framework.Drawing","Color":{"knownColor":164,"name":null,"state":1,"value":0}},"JSBindingsText":null,"Name":"RoundedRectangle3","RecalculateAll":false,"Smooth":true,"Stroke":{"__type":"SimpleStroke:#PerpetuumSoft.Framework.Drawing","Width":5,"Color":{"knownColor":35,"name":null,"state":1,"value":0},"DashLenght":5,"DotLenght":1,"SpaceLenght":2,"Style":1},"Style":"Default","ToolTipValue":null,"Visible":true,"Center":{"Height":623.4375,"Length":883.88623861473263,"Rotation":0.78289816860576211,"Width":626.5625,"X":626.5625,"Y":623.4375},"Size":{"Height":1228.125,"Length":1736.8310312894573,"Rotation":0.78539816339744828,"Width":1228.125,"X":1228.125,"Y":1228.125},"Angle":0,"Radius":375},{"__type":"RoundedRectangle:#PerpetuumSoft.Instrumentation.Model","Active":true,"BreakEventsBubbling":false,"CssClass":{},"Fill":{"__type":"MultiGradientFill:#PerpetuumSoft.Framework.Drawing","Angle":90,"Colors":[{"__type":"GradientColor:#PerpetuumSoft.Framework.Drawing","Color":{"knownColor":35,"name":null,"state":1,"value":0},"Portion":0},{"__type":"GradientColor:#PerpetuumSoft.Framework.Drawing","Color":{"knownColor":35,"name":null,"state":1,"value":0},"Portion":0.54320987654320985},{"__type":"GradientColor:#PerpetuumSoft.Framework.Drawing","Color":{"knownColor":74,"name":null,"state":1,"value":0},"Portion":1}]},"JSBindingsText":null,"Name":"RoundedRectangle2","RecalculateAll":false,"Smooth":true,"Stroke":{"__type":"SimpleStroke:#PerpetuumSoft.Framework.Drawing","Width":1,"Color":{"knownColor":35,"name":null,"state":1,"value":0},"DashLenght":5,"DotLenght":1,"SpaceLenght":2,"Style":0},"Style":"Default","ToolTipValue":null,"Visible":true,"Center":{"Height":623.4375,"Length":883.88623861473263,"Rotation":0.78289816860576211,"Width":626.5625,"X":626.5625,"Y":623.4375},"Size":{"Height":1196.875,"Length":1697.0620292876745,"Rotation":0.78279400261763621,"Width":1203.125,"X":1203.125,"Y":1196.875},"Angle":0,"Radius":375},{"__type":"RoundedRectangle:#PerpetuumSoft.Instrumentation.Model","Active":true,"BreakEventsBubbling":false,"CssClass":{},"Fill":{"__type":"MultiGradientFill:#PerpetuumSoft.Framework.Drawing","Angle":90,"Colors":[{"__type":"GradientColor:#PerpetuumSoft.Framework.Drawing","Color":{"knownColor":0,"name":null,"state":2,"value":3774873599},"Portion":0},{"__type":"GradientColor:#PerpetuumSoft.Framework.Drawing","Color":{"knownColor":0,"name":null,"state":2,"value":1191182335},"Portion":0.5},{"__type":"GradientColor:#PerpetuumSoft.Framework.Drawing","Color":{"knownColor":27,"name":null,"state":1,"value":0},"Portion":0.5}]},"JSBindingsText":null,"Name":"RoundedRectangle4","RecalculateAll":false,"Smooth":true,"Stroke":{"__type":"SimpleStroke:#PerpetuumSoft.Framework.Drawing","Width":1,"Color":{"knownColor":35,"name":null,"state":1,"value":0},"DashLenght":5,"DotLenght":1,"SpaceLenght":2,"Style":0},"Style":"Default","ToolTipValue":null,"Visible":true,"Center":{"Height":623.4375,"Length":883.88623861473263,"Rotation":0.78289816860576211,"Width":626.5625,"X":626.5625,"Y":623.4375},"Size":{"Height":1156.25,"Length":1635.1844314938912,"Rotation":0.78539816339744828,"Width":1156.25,"X":1156.25,"Y":1156.25},"Angle":0,"Radius":375},{"__type":"Circle:#PerpetuumSoft.Instrumentation.Model","Active":true,"BreakEventsBubbling":false,"CssClass":{},"Fill":{"__type":"LinearGradientFill:#PerpetuumSoft.Framework.Drawing","Angle":90,"Colors":[{"__type":"GradientColor:#PerpetuumSoft.Framework.Drawing","Color":{"knownColor":35,"name":null,"state":1,"value":0},"Portion":0},{"__type":"GradientColor:#PerpetuumSoft.Framework.Drawing","Color":{"knownColor":0,"name":null,"state":2,"value":4293717228},"Portion":1}],"EndColor":{"knownColor":0,"name":null,"state":2,"value":4293717228},"StartColor":{"knownColor":35,"name":null,"state":1,"value":0}},"JSBindingsText":null,"Name":"Circle2","RecalculateAll":false,"Smooth":true,"Stroke":{"__type":"SimpleStroke:#PerpetuumSoft.Framework.Drawing","Width":1,"Color":{"knownColor":35,"name":null,"state":1,"value":0},"DashLenght":5,"DotLenght":1,"SpaceLenght":2,"Style":0},"Style":"Default","ToolTipValue":null,"Visible":true,"Center":{"Height":625,"Length":886.0959404178534,"Rotation":0.78290440298085939,"Width":628.125,"X":628.125,"Y":625},"Radius":500},{"__type":"Circle:#PerpetuumSoft.Instrumentation.Model","Active":true,"BreakEventsBubbling":false,"CssClass":{},"Fill":{"__type":"LinearGradientFill:#PerpetuumSoft.Framework.Drawing","Angle":90,"Colors":[{"__type":"GradientColor:#PerpetuumSoft.Framework.Drawing","Color":{"knownColor":0,"name":null,"state":2,"value":4282269246},"Portion":0},{"__type":"GradientColor:#PerpetuumSoft.Framework.Drawing","Color":{"knownColor":0,"name":null,"state":2,"value":4288256409},"Portion":1}],"EndColor":{"knownColor":0,"name":null,"state":2,"value":4288256409},"StartColor":{"knownColor":0,"name":null,"state":2,"value":4282269246}},"JSBindingsText":null,"Name":"Circle1","RecalculateAll":false,"Smooth":true,"Stroke":{"__type":"SimpleStroke:#PerpetuumSoft.Framework.Drawing","Width":1,"Color":{"knownColor":35,"name":null,"state":1,"value":0},"DashLenght":5,"DotLenght":1,"SpaceLenght":2,"Style":0},"Style":"Default","ToolTipValue":null,"Visible":true,"Center":{"Height":625,"Length":886.0959404178534,"Rotation":0.78290440298085939,"Width":628.125,"X":628.125,"Y":625},"Radius":400},{"__type":"Joint:#PerpetuumSoft.Instrumentation.Model","Active":true,"BreakEventsBubbling":false,"CssClass":{},"Fill":null,"JSBindingsText":null,"Name":"Joint3","RecalculateAll":false,"Smooth":true,"Stroke":null,"Style":"","ToolTipValue":null,"Visible":true,"Elements":[{"__type":"Scale:#PerpetuumSoft.Instrumentation.Model","Active":true,"BreakEventsBubbling":false,"CssClass":{},"Fill":null,"JSBindingsText":null,"Name":"Scale3","RecalculateAll":false,"Smooth":true,"Stroke":null,"Style":"","ToolTipValue":null,"Visible":true,"Elements":[{"__type":"Ticks:#PerpetuumSoft.Instrumentation.Model","Active":true,"BreakEventsBubbling":false,"CssClass":{},"Fill":null,"JSBindingsText":null,"Name":"Ticks3","RecalculateAll":false,"Smooth":true,"Stroke":{"__type":"SimpleStroke:#PerpetuumSoft.Framework.Drawing","Width":10,"Color":{"knownColor":0,"name":null,"state":2,"value":4291611852},"DashLenght":5,"DotLenght":1,"SpaceLenght":2,"Style":1},"Style":"Default","ToolTipValue":null,"Visible":true,"Colorizer":null,"Distance":-500,"Dock":0,"MaxLimitWrapper":{"__type":"SmartValueWrapper:#PerpetuumSoft.Instrumentation.Model","Kind":0,"Value":0},"MinLimitWrapper":{"__type":"SmartValueWrapper:#PerpetuumSoft.Instrumentation.Model","Kind":0,"Value":0},"OriginWrapper":{"__type":"SmartValueWrapper:#PerpetuumSoft.Instrumentation.Model","Kind":0,"Value":0},"Padding":0,"Divisions":10,"StepWrapper":{"__type":"SmartValueWrapper:#PerpetuumSoft.Instrumentation.Model","Kind":1,"Value":10},"SubDivisions":1,"SubTicksPosition":0,"UseDescreteValues":false,"UseRoundValues":false,"Length":100,"SubLength":5}],"Colorizer":null,"Maximum":120,"Minimum":0,"Reverse":false}],"Margins":{},"Center":{"Height":625,"Length":886.0959404178534,"Rotation":0.78290440298085939,"Width":628.125,"X":628.125,"Y":625},"Dock":0,"Radius":499.29001953003547,"StartAngle":89,"TotalAngle":360},{"__type":"Joint:#PerpetuumSoft.Instrumentation.Model","Active":true,"BreakEventsBubbling":false,"CssClass":{},"Fill":null,"JSBindingsText":null,"Name":"Joint1","RecalculateAll":false,"Smooth":true,"Stroke":null,"Style":"","ToolTipValue":null,"Visible":true,"Elements":[{"__type":"Scale:#PerpetuumSoft.Instrumentation.Model","Active":true,"BreakEventsBubbling":false,"CssClass":{},"Fill":null,"JSBindingsText":null,"Name":"Scale1","RecalculateAll":false,"Smooth":true,"Stroke":null,"Style":"","ToolTipValue":null,"Visible":true,"Elements":[{"__type":"Ticks:#PerpetuumSoft.Instrumentation.Model","Active":true,"BreakEventsBubbling":false,"CssClass":{},"Fill":null,"JSBindingsText":null,"Name":"Ticks1","RecalculateAll":false,"Smooth":true,"Stroke":{"__type":"SimpleStroke:#PerpetuumSoft.Framework.Drawing","Width":7,"Color":{"knownColor":35,"name":null,"state":1,"value":0},"DashLenght":5,"DotLenght":1,"SpaceLenght":2,"Style":0},"Style":"Default","ToolTipValue":null,"Visible":true,"Colorizer":{"__type":"SectionsColorizer:#PerpetuumSoft.Instrumentation.Model.Drawing","ColorSections":[{"__type":"ColorSection:#PerpetuumSoft.Instrumentation.Model.Drawing","Color":{"knownColor":0,"name":null,"state":2,"value":4282834248},"Portion":0.20155038759689922},{"__type":"ColorSection:#PerpetuumSoft.Instrumentation.Model.Drawing","Color":{"knownColor":0,"name":null,"state":2,"value":4294966272},"Portion":0.5},{"__type":"ColorSection:#PerpetuumSoft.Instrumentation.Model.Drawing","Color":{"knownColor":0,"name":null,"state":2,"value":4294749699},"Portion":0.79263565891472865},{"__type":"ColorSection:#PerpetuumSoft.Instrumentation.Model.Drawing","Color":{"knownColor":141,"name":null,"state":1,"value":0},"Portion":1}]},"Distance":359.375,"Dock":0,"MaxLimitWrapper":{"__type":"SmartValueWrapper:#PerpetuumSoft.Instrumentation.Model","Kind":0,"Value":0},"MinLimitWrapper":{"__type":"SmartValueWrapper:#PerpetuumSoft.Instrumentation.Model","Kind":0,"Value":0},"OriginWrapper":{"__type":"SmartValueWrapper:#PerpetuumSoft.Instrumentation.Model","Kind":0,"Value":0},"Padding":0,"Divisions":10,"StepWrapper":{"__type":"SmartValueWrapper:#PerpetuumSoft.Instrumentation.Model","Kind":0,"Value":0},"SubDivisions":5,"SubTicksPosition":0,"UseDescreteValues":false,"UseRoundValues":false,"Length":31.25,"SubLength":15.625},{"__type":"ScaleLabels:#PerpetuumSoft.Instrumentation.Model","Active":true,"BreakEventsBubbling":false,"CssClass":{},"Fill":null,"JSBindingsText":null,"Name":"ScaleLabels1","RecalculateAll":false,"Smooth":true,"Stroke":{"__type":"SimpleStroke:#PerpetuumSoft.Framework.Drawing","Width":1,"Color":{"knownColor":35,"name":null,"state":1,"value":0},"DashLenght":5,"DotLenght":1,"SpaceLenght":2,"Style":0},"Style":"Default","ToolTipValue":null,"Visible":true,"Colorizer":{"__type":"SectionsColorizer:#PerpetuumSoft.Instrumentation.Model.Drawing","ColorSections":[{"__type":"ColorSection:#PerpetuumSoft.Instrumentation.Model.Drawing","Color":{"knownColor":0,"name":null,"state":2,"value":4282834248},"Portion":0.20736434108527133},{"__type":"ColorSection:#PerpetuumSoft.Instrumentation.Model.Drawing","Color":{"knownColor":0,"name":null,"state":2,"value":4294966272},"Portion":0.50387596899224807},{"__type":"ColorSection:#PerpetuumSoft.Instrumentation.Model.Drawing","Color":{"knownColor":0,"name":null,"state":2,"value":4294749699},"Portion":0.79457364341085268},{"__type":"ColorSection:#PerpetuumSoft.Instrumentation.Model.Drawing","Color":{"knownColor":141,"name":null,"state":1,"value":0},"Portion":1}]},"Distance":309.375,"Dock":0,"MaxLimitWrapper":{"__type":"SmartValueWrapper:#PerpetuumSoft.Instrumentation.Model","Kind":0,"Value":0},"MinLimitWrapper":{"__type":"SmartValueWrapper:#PerpetuumSoft.Instrumentation.Model","Kind":0,"Value":0},"OriginWrapper":{"__type":"SmartValueWrapper:#PerpetuumSoft.Instrumentation.Model","Kind":0,"Value":0},"Padding":0,"Font":{"Bold":1,"FamilyName":"Microsoft Sans Serif","Italic":2,"Size":11.25,"Strikeout":2,"Underline":2},"Format":{"CurrencyNegativePattern":0,"CurrencyPositivePattern":0,"CurrencySymbol":"$","DateSeparator":".","DecimalPlaces":2,"DecimalSeparator":".","FormatMask":"","FormatStyle":0,"GroupSeparator":" ","NumberNegativePattern":0,"PercentNegativePattern":0,"PercentPositivePattern":0,"UseCultureSettings":true,"UseGroupSeparator":true},"Formula":"","ItemMargins":{},"OddLabelsDistance":0,"Position":1,"ShowSuperposableLabels":true,"TextAlignment":1,"TextAngle":0,"TextRotationMode":0,"Divisions":10,"StepWrapper":{"__type":"SmartValueWrapper:#PerpetuumSoft.Instrumentation.Model","Kind":0,"Value":0},"UseRoundValues":false},{"__type":"RoundedRectangle:#PerpetuumSoft.Instrumentation.Model","Active":true,"BreakEventsBubbling":false,"CssClass":{},"Fill":{"__type":"MultiGradientFill:#PerpetuumSoft.Framework.Drawing","Angle":270,"Colors":[{"__type":"GradientColor:#PerpetuumSoft.Framework.Drawing","Color":{"knownColor":0,"name":null,"state":2,"value":4292532954},"Portion":0},{"__type":"GradientColor:#PerpetuumSoft.Framework.Drawing","Color":{"knownColor":0,"name":null,"state":2,"value":4290032820},"Portion":0.25308641975308643},{"__type":"GradientColor:#PerpetuumSoft.Framework.Drawing","Color":{"knownColor":164,"name":null,"state":1,"value":0},"Portion":1}]},"JSBindingsText":null,"Name":"RoundedRectangle1","RecalculateAll":false,"Smooth":true,"Stroke":{"__type":"SimpleStroke:#PerpetuumSoft.Framework.Drawing","Width":5,"Color":{"knownColor":35,"name":null,"state":1,"value":0},"DashLenght":5,"DotLenght":1,"SpaceLenght":2,"Style":1},"Style":"Default","ToolTipValue":null,"Visible":true,"Center":{"Height":625,"Length":886.0959404178534,"Rotation":0.78290440298085939,"Width":628.125,"X":628.125,"Y":625},"Size":{"Height":159.375,"Length":407.46213397688871,"Rotation":0.40187064744045653,"Width":375,"X":375,"Y":159.375},"Angle":0,"Radius":50},{"__type":"Slider:#PerpetuumSoft.Instrumentation.Model","Active":true,"BreakEventsBubbling":false,"CssClass":{},"Fill":null,"JSBindingsText":null,"Name":"Slider1","RecalculateAll":false,"Smooth":true,"Stroke":null,"Style":"","ToolTipValue":null,"Visible":true,"Elements":[{"__type":"RangedLevel:#PerpetuumSoft.Instrumentation.Model","Active":true,"BreakEventsBubbling":false,"CssClass":{},"Fill":{"__type":"MultiGradientFill:#PerpetuumSoft.Framework.Drawing","Angle":0,"Colors":[{"__type":"GradientColor:#PerpetuumSoft.Framework.Drawing","Color":{"knownColor":0,"name":null,"state":2,"value":4284080193},"Portion":0},{"__type":"GradientColor:#PerpetuumSoft.Framework.Drawing","Color":{"knownColor":0,"name":null,"state":2,"value":4294835201},"Portion":0.52469135802469136},{"__type":"GradientColor:#PerpetuumSoft.Framework.Drawing","Color":{"knownColor":0,"name":null,"state":2,"value":4294914048},"Portion":1}]},"JSBindingsText":"this.setValue(this.getInstrument().getByName('Slider1').getAnimationValue());\u000a","Name":"RangedLevel1","RecalculateAll":false,"Smooth":true,"Stroke":{"__type":"SimpleStroke:#PerpetuumSoft.Framework.Drawing","Width":1,"Color":{"knownColor":35,"name":null,"state":1,"value":0},"DashLenght":5,"DotLenght":1,"SpaceLenght":2,"Style":0},"Style":"Default","ToolTipValue":null,"Visible":true,"Colorizer":null,"Distance":400,"Dock":0,"MaxLimitWrapper":{"__type":"SmartValueWrapper:#PerpetuumSoft.Instrumentation.Model","Kind":0,"Value":0},"MinLimitWrapper":{"__type":"SmartValueWrapper:#PerpetuumSoft.Instrumentation.Model","Kind":0,"Value":0},"OriginWrapper":{"__type":"SmartValueWrapper:#PerpetuumSoft.Instrumentation.Model","Kind":0,"Value":0},"Padding":0,"ValueWrapper":{"__type":"SmartValueWrapper:#PerpetuumSoft.Instrumentation.Model","Kind":1,"Value":28.462566497210112},"Colors":[],"Divisions":0,"DivisionsStroke":null,"EndColor":{"knownColor":164,"name":null,"state":1,"value":0},"StartColor":{"knownColor":35,"name":null,"state":1,"value":0},"AlignmentMode":0,"EndWidth":100,"StartWidth":100},{"__type":"Joint:#PerpetuumSoft.Instrumentation.Model","Active":true,"BreakEventsBubbling":false,"CssClass":{},"Fill":null,"JSBindingsText":null,"Name":"Joint2","RecalculateAll":false,"Smooth":true,"Stroke":null,"Style":"","ToolTipValue":null,"Visible":true,"Elements":[{"__type":"Scale:#PerpetuumSoft.Instrumentation.Model","Active":true,"BreakEventsBubbling":false,"CssClass":{},"Fill":null,"JSBindingsText":null,"Name":"Scale2","RecalculateAll":false,"Smooth":true,"Stroke":null,"Style":"","ToolTipValue":null,"Visible":true,"Elements":[{"__type":"Ticks:#PerpetuumSoft.Instrumentation.Model","Active":true,"BreakEventsBubbling":false,"CssClass":{},"Fill":null,"JSBindingsText":null,"Name":"Ticks2","RecalculateAll":false,"Smooth":true,"Stroke":{"__type":"SimpleStroke:#PerpetuumSoft.Framework.Drawing","Width":10,"Color":{"knownColor":35,"name":null,"state":1,"value":0},"DashLenght":5,"DotLenght":1,"SpaceLenght":2,"Style":1},"Style":"Default","ToolTipValue":null,"Visible":true,"Colorizer":null,"Distance":-500,"Dock":0,"MaxLimitWrapper":{"__type":"SmartValueWrapper:#PerpetuumSoft.Instrumentation.Model","Kind":0,"Value":0},"MinLimitWrapper":{"__type":"SmartValueWrapper:#PerpetuumSoft.Instrumentation.Model","Kind":0,"Value":0},"OriginWrapper":{"__type":"SmartValueWrapper:#PerpetuumSoft.Instrumentation.Model","Kind":0,"Value":0},"Padding":0,"Divisions":10,"StepWrapper":{"__type":"SmartValueWrapper:#PerpetuumSoft.Instrumentation.Model","Kind":1,"Value":10},"SubDivisions":1,"SubTicksPosition":0,"UseDescreteValues":false,"UseRoundValues":false,"Length":100,"SubLength":5}],"Colorizer":null,"Maximum":120,"Minimum":0,"Reverse":false}],"Margins":{},"Center":{"Height":625,"Length":886.0959404178534,"Rotation":0.78290440298085939,"Width":628.125,"X":628.125,"Y":625},"Dock":0,"Radius":499.29001953003547,"StartAngle":90,"TotalAngle":360},{"__type":"Needle:#PerpetuumSoft.Instrumentation.Model","Active":true,"BreakEventsBubbling":false,"CssClass":{},"Fill":{"__type":"SolidFill:#PerpetuumSoft.Framework.Drawing","Color":{"knownColor":0,"name":null,"state":2,"value":4292532954}},"JSBindingsText":"this.setEndPoint(this.getInstrument().getByName(\"Slider1\").getPosition(this.getInstrument().getByName('Joint1') .getRadius()));\u000athis.setStartPoint(this.getInstrument().getByName(\"Slider1\").getPosition((this.getInstrument().getByName('Joint1') .getRadius()*1.25)));\u000a","Name":"Needle1","RecalculateAll":false,"Smooth":true,"Stroke":{"__type":"SimpleStroke:#PerpetuumSoft.Framework.Drawing","Width":5,"Color":{"knownColor":35,"name":null,"state":1,"value":0},"DashLenght":5,"DotLenght":1,"SpaceLenght":2,"Style":1},"Style":"Default","ToolTipValue":null,"Visible":true,"EndPoint":{"Height":454.35252971480907,"Length":526.668588897684,"Rotation":1.0405678157108405,"Width":266.35236299539611,"X":266.35236299539611,"Y":454.35252971480907},"StartPoint":{"Height":411.69066214351142,"Length":447.69772085425814,"Rotation":1.1669919407365104,"Width":175.90920374424513,"X":175.90920374424513,"Y":411.69066214351142},"EndWidth":0,"NeedlePoints":[],"ShowMode":0,"StartWidth":62.5},{"__type":"Label:#PerpetuumSoft.Instrumentation.Model","Active":true,"BreakEventsBubbling":false,"CssClass":{},"Fill":{"__type":"SolidFill:#PerpetuumSoft.Framework.Drawing","Color":{"knownColor":35,"name":null,"state":1,"value":0}},"JSBindingsText":"this.setText(PerfectWidgets.Framework.Utilities.BuiltIn.oldFormat(this.getInstrument().getByName('Slider1').getAnimationValue(),\"0.00\"));\u000a","Name":"Label1","RecalculateAll":false,"Smooth":true,"Stroke":{"__type":"SimpleStroke:#PerpetuumSoft.Framework.Drawing","Width":1,"Color":{"knownColor":35,"name":null,"state":1,"value":0},"DashLenght":5,"DotLenght":1,"SpaceLenght":2,"Style":0},"Style":"Default","ToolTipValue":null,"Visible":true,"Center":{"Height":625,"Length":886.0959404178534,"Rotation":0.78290440298085939,"Width":628.125,"X":628.125,"Y":625},"Size":{"Height":159.375,"Length":407.46213397688871,"Rotation":0.40187064744045653,"Width":375,"X":375,"Y":159.375},"Angle":0,"Font":{"Bold":1,"FamilyName":"Microsoft Sans Serif","Italic":2,"Size":20.25,"Strikeout":2,"Underline":2},"Margins":{},"Text":"28.46","TextAlign":32}],"MaxLimit":{"Kind":0,"Value":0},"MinLimit":{"Kind":0,"Value":0},"Step":0,"Value":28.462566497210112}],"Colorizer":null,"Maximum":100,"Minimum":0,"Reverse":false}],"Margins":{},"Center":{"Height":625,"Length":886.0959404178534,"Rotation":0.78290440298085939,"Width":628.125,"X":628.125,"Y":625},"Dock":0,"Radius":400,"StartAngle":119.8,"TotalAngle":300.23}],"Enabled":true,"Focused":false,"GridStep":50,"IsFixed":false,"MeasureUnit":{},"Parameters":[],"ShowGrid":true,"Size":{"Height":1250,"Length":1767.7669529663688,"Rotation":0.78539816339744828,"Width":1250,"X":1250,"Y":1250},"SnapToGrid":false,"Styles":[{"__type":"Style:#PerpetuumSoft.Instrumentation.Styles","Fill":null,"Font":{"Bold":0,"FamilyName":"Microsoft Sans Serif","Italic":0,"Size":10,"Strikeout":0,"Underline":0},"Image":null,"Name":"Default","Stroke":{"__type":"SimpleStroke:#PerpetuumSoft.Framework.Drawing","Width":1,"Color":{"knownColor":35,"name":null,"state":1,"value":0},"DashLenght":5,"DotLenght":1,"SpaceLenght":2,"Style":0}}]}