{"Active":true,"BreakEventsBubbling":false,"CssClass":{},"Fill":null,"JSBindingsText":null,"Name":"Instrument","RecalculateAll":false,"Smooth":true,"Stroke":{"__type":"SimpleStroke:#PerpetuumSoft.Framework.Drawing","Width":1,"Color":{"knownColor":35,"name":null,"state":1,"value":0},"DashLenght":5,"DotLenght":1,"SpaceLenght":2,"Style":1},"Style":"Default","ToolTipValue":null,"Visible":true,"Elements":[{"__type":"RoundedRectangle:#PerpetuumSoft.Instrumentation.Model","Active":true,"BreakEventsBubbling":false,"CssClass":{},"Fill":{"__type":"SolidFill:#PerpetuumSoft.Framework.Drawing","Color":{"knownColor":164,"name":null,"state":1,"value":0}},"JSBindingsText":"this.setCenter(new PerfectWidgets.Framework.DataObjects.Vector((this.getInstrument().getByName('Instrument') .getSize() .getWidth()\/2),(this.getInstrument().getByName('Instrument') .getSize() .getHeight()\/2)));\u000a","Name":"RoundedRectangle1","RecalculateAll":false,"Smooth":true,"Stroke":{"__type":"SimpleStroke:#PerpetuumSoft.Framework.Drawing","Width":6,"Color":{"knownColor":35,"name":null,"state":1,"value":0},"DashLenght":5,"DotLenght":1,"SpaceLenght":2,"Style":1},"Style":"RoundedRectangle1","ToolTipValue":null,"Visible":true,"Center":{"Height":725,"Length":766.89308250889837,"Rotation":1.2387368592520112,"Width":250,"X":250,"Y":725},"Size":{"Height":1406.25,"Length":1478.4123663579117,"Rotation":1.257066990739913,"Width":456.25,"X":456.25,"Y":1406.25},"Angle":0,"Radius":31.25},{"__type":"RoundedRectangle:#PerpetuumSoft.Instrumentation.Model","Active":true,"BreakEventsBubbling":false,"CssClass":{},"Fill":{"__type":"LinearGradientFill:#PerpetuumSoft.Framework.Drawing","Angle":90,"Colors":[{"__type":"GradientColor:#PerpetuumSoft.Framework.Drawing","Color":{"knownColor":0,"name":null,"state":2,"value":4279834905},"Portion":0},{"__type":"GradientColor:#PerpetuumSoft.Framework.Drawing","Color":{"knownColor":0,"name":null,"state":2,"value":4290624957},"Portion":1}],"EndColor":{"knownColor":0,"name":null,"state":2,"value":4290624957},"StartColor":{"knownColor":0,"name":null,"state":2,"value":4279834905}},"JSBindingsText":"this.setCenter(this.getInstrument().getByName('RoundedRectangle1') .getCenter());\u000a","Name":"RoundedRectangle2","RecalculateAll":false,"Smooth":true,"Stroke":null,"Style":"RoundedRectangle2","ToolTipValue":null,"Visible":true,"Center":{"Height":725,"Length":766.89308250889837,"Rotation":1.2387368592520112,"Width":250,"X":250,"Y":725},"Size":{"Height":1362.5,"Length":1423.5738477507937,"Rotation":1.2768164089916754,"Width":412.5,"X":412.5,"Y":1362.5},"Angle":0,"Radius":31.25},{"__type":"Guide:#PerpetuumSoft.Instrumentation.Model","Active":true,"BreakEventsBubbling":false,"CssClass":{},"Fill":null,"JSBindingsText":"this.setStartPoint(new PerfectWidgets.Framework.DataObjects.Vector(this.getInstrument().getByName('RoundedRectangle1') .getCenter() .getX(),(this.getInstrument().getByName('RoundedRectangle1') .getCenter() .getY()+500)));\u000athis.setEndPoint(new PerfectWidgets.Framework.DataObjects.Vector(this.getInstrument().getByName('RoundedRectangle1') .getCenter() .getX(),(this.getInstrument().getByName('RoundedRectangle1') .getCenter() .getY()-612.5)));\u000a","Name":"Guide1","RecalculateAll":false,"Smooth":true,"Stroke":null,"Style":"","ToolTipValue":null,"Visible":true,"Elements":[{"__type":"Scale:#PerpetuumSoft.Instrumentation.Model","Active":true,"BreakEventsBubbling":false,"CssClass":{},"Fill":null,"JSBindingsText":null,"Name":"Scale1","RecalculateAll":false,"Smooth":true,"Stroke":null,"Style":"","ToolTipValue":null,"Visible":true,"Elements":[{"__type":"Slider:#PerpetuumSoft.Instrumentation.Model","Active":true,"BreakEventsBubbling":false,"CssClass":{},"Fill":null,"JSBindingsText":null,"Name":"Slider1","RecalculateAll":false,"Smooth":true,"Stroke":null,"Style":"","ToolTipValue":null,"Visible":true,"Elements":[{"__type":"LinearLevel:#PerpetuumSoft.Instrumentation.Model","Active":true,"BreakEventsBubbling":false,"CssClass":{},"Fill":null,"JSBindingsText":null,"Name":"LinearLevel1","RecalculateAll":false,"Smooth":true,"Stroke":{"__type":"SimpleStroke:#PerpetuumSoft.Framework.Drawing","Width":4,"Color":{"knownColor":35,"name":null,"state":1,"value":0},"DashLenght":5,"DotLenght":1,"SpaceLenght":2,"Style":1},"Style":"LinearLevel1","ToolTipValue":null,"Visible":true,"Colorizer":null,"Distance":-99.999999999999886,"Dock":0,"MaxLimitWrapper":{"__type":"SmartValueWrapper:#PerpetuumSoft.Instrumentation.Model","Kind":0,"Value":0},"MinLimitWrapper":{"__type":"SmartValueWrapper:#PerpetuumSoft.Instrumentation.Model","Kind":0,"Value":0},"OriginWrapper":{"__type":"SmartValueWrapper:#PerpetuumSoft.Instrumentation.Model","Kind":0,"Value":0},"Padding":0,"ValueWrapper":{"__type":"SmartValueWrapper:#PerpetuumSoft.Instrumentation.Model","Kind":0,"Value":0},"Colors":[{"__type":"ColorSection:#PerpetuumSoft.Instrumentation.Model.Drawing","Color":{"knownColor":77,"name":null,"state":1,"value":0},"Portion":0.35},{"__type":"ColorSection:#PerpetuumSoft.Instrumentation.Model.Drawing","Color":{"knownColor":77,"name":null,"state":1,"value":0},"Portion":0.65}],"Divisions":50,"DivisionsStroke":{"__type":"SimpleStroke:#PerpetuumSoft.Framework.Drawing","Width":6,"Color":{"knownColor":35,"name":null,"state":1,"value":0},"DashLenght":5,"DotLenght":1,"SpaceLenght":2,"Style":1},"EndColor":{"knownColor":79,"name":null,"state":1,"value":0},"StartColor":{"knownColor":108,"name":null,"state":1,"value":0},"Effect3D":0,"EndCap":0,"PocketRadius":37.5,"ShowAsThermometer":false,"StartCap":0,"Width":93.75},{"__type":"LinearLevel:#PerpetuumSoft.Instrumentation.Model","Active":true,"BreakEventsBubbling":false,"CssClass":{},"Fill":null,"JSBindingsText":"this.setValue(this.getInstrument().getByName('Slider1').getAnimationValue());\u000a","Name":"LinearLevel2","RecalculateAll":false,"Smooth":true,"Stroke":{"__type":"SimpleStroke:#PerpetuumSoft.Framework.Drawing","Width":4,"Color":{"knownColor":35,"name":null,"state":1,"value":0},"DashLenght":5,"DotLenght":1,"SpaceLenght":2,"Style":1},"Style":"LinearLevel1","ToolTipValue":null,"Visible":true,"Colorizer":null,"Distance":-99.999999999999886,"Dock":0,"MaxLimitWrapper":{"__type":"SmartValueWrapper:#PerpetuumSoft.Instrumentation.Model","Kind":0,"Value":0},"MinLimitWrapper":{"__type":"SmartValueWrapper:#PerpetuumSoft.Instrumentation.Model","Kind":0,"Value":0},"OriginWrapper":{"__type":"SmartValueWrapper:#PerpetuumSoft.Instrumentation.Model","Kind":0,"Value":0},"Padding":0,"ValueWrapper":{"__type":"SmartValueWrapper:#PerpetuumSoft.Instrumentation.Model","Kind":1,"Value":45.50561797752809},"Colors":[{"__type":"ColorSection:#PerpetuumSoft.Instrumentation.Model.Drawing","Color":{"knownColor":166,"name":null,"state":1,"value":0},"Portion":0.35},{"__type":"ColorSection:#PerpetuumSoft.Instrumentation.Model.Drawing","Color":{"knownColor":166,"name":null,"state":1,"value":0},"Portion":0.65}],"Divisions":50,"DivisionsStroke":{"__type":"SimpleStroke:#PerpetuumSoft.Framework.Drawing","Width":6,"Color":{"knownColor":35,"name":null,"state":1,"value":0},"DashLenght":5,"DotLenght":1,"SpaceLenght":2,"Style":1},"EndColor":{"knownColor":104,"name":null,"state":1,"value":0},"StartColor":{"knownColor":141,"name":null,"state":1,"value":0},"Effect3D":0,"EndCap":0,"PocketRadius":78.125,"ShowAsThermometer":true,"StartCap":1,"Width":93.75}],"MaxLimit":{"Kind":0,"Value":0},"MinLimit":{"Kind":0,"Value":0},"Step":0,"Value":45.50561797752809},{"__type":"Ticks:#PerpetuumSoft.Instrumentation.Model","Active":true,"BreakEventsBubbling":false,"CssClass":{},"Fill":null,"JSBindingsText":null,"Name":"Ticks1","RecalculateAll":false,"Smooth":true,"Stroke":{"__type":"SimpleStroke:#PerpetuumSoft.Framework.Drawing","Width":6,"Color":{"knownColor":35,"name":null,"state":1,"value":0},"DashLenght":5,"DotLenght":1,"SpaceLenght":2,"Style":1},"Style":"Ticks1","ToolTipValue":null,"Visible":true,"Colorizer":{"__type":"SectionsColorizer:#PerpetuumSoft.Instrumentation.Model.Drawing","ColorSections":[{"__type":"ColorSection:#PerpetuumSoft.Instrumentation.Model.Drawing","Color":{"knownColor":141,"name":null,"state":1,"value":0},"Portion":0.20155038759689922},{"__type":"ColorSection:#PerpetuumSoft.Instrumentation.Model.Drawing","Color":{"knownColor":0,"name":null,"state":2,"value":4294935040},"Portion":0.49031007751937983},{"__type":"ColorSection:#PerpetuumSoft.Instrumentation.Model.Drawing","Color":{"knownColor":0,"name":null,"state":2,"value":4294966272},"Portion":0.79844961240310075},{"__type":"ColorSection:#PerpetuumSoft.Instrumentation.Model.Drawing","Color":{"knownColor":0,"name":null,"state":2,"value":4282841928},"Portion":1}]},"Distance":1.1368683772161603E-13,"Dock":0,"MaxLimitWrapper":{"__type":"SmartValueWrapper:#PerpetuumSoft.Instrumentation.Model","Kind":0,"Value":0},"MinLimitWrapper":{"__type":"SmartValueWrapper:#PerpetuumSoft.Instrumentation.Model","Kind":0,"Value":0},"OriginWrapper":{"__type":"SmartValueWrapper:#PerpetuumSoft.Instrumentation.Model","Kind":0,"Value":0},"Padding":0,"Divisions":10,"StepWrapper":{"__type":"SmartValueWrapper:#PerpetuumSoft.Instrumentation.Model","Kind":0,"Value":0},"SubDivisions":5,"SubTicksPosition":0,"UseDescreteValues":false,"UseRoundValues":false,"Length":31.25,"SubLength":18.75},{"__type":"ScaleLabels:#PerpetuumSoft.Instrumentation.Model","Active":true,"BreakEventsBubbling":false,"CssClass":{},"Fill":null,"JSBindingsText":null,"Name":"ScaleLabels1","RecalculateAll":false,"Smooth":true,"Stroke":null,"Style":"ScaleLabels1","ToolTipValue":null,"Visible":true,"Colorizer":{"__type":"SectionsColorizer:#PerpetuumSoft.Instrumentation.Model.Drawing","ColorSections":[{"__type":"ColorSection:#PerpetuumSoft.Instrumentation.Model.Drawing","Color":{"knownColor":141,"name":null,"state":1,"value":0},"Portion":0.20348837209302326},{"__type":"ColorSection:#PerpetuumSoft.Instrumentation.Model.Drawing","Color":{"knownColor":0,"name":null,"state":2,"value":4294935040},"Portion":0.4941860465116279},{"__type":"ColorSection:#PerpetuumSoft.Instrumentation.Model.Drawing","Color":{"knownColor":0,"name":null,"state":2,"value":4294966272},"Portion":0.79263565891472865},{"__type":"ColorSection:#PerpetuumSoft.Instrumentation.Model.Drawing","Color":{"knownColor":0,"name":null,"state":2,"value":4282908488},"Portion":1}]},"Distance":100.00000000000011,"Dock":0,"MaxLimitWrapper":{"__type":"SmartValueWrapper:#PerpetuumSoft.Instrumentation.Model","Kind":0,"Value":0},"MinLimitWrapper":{"__type":"SmartValueWrapper:#PerpetuumSoft.Instrumentation.Model","Kind":0,"Value":0},"OriginWrapper":{"__type":"SmartValueWrapper:#PerpetuumSoft.Instrumentation.Model","Kind":0,"Value":0},"Padding":0,"Font":{"Bold":1,"FamilyName":"Arial","Italic":2,"Size":14.25,"Strikeout":2,"Underline":2},"Format":{"CurrencyNegativePattern":0,"CurrencyPositivePattern":0,"CurrencySymbol":"$","DateSeparator":".","DecimalPlaces":2,"DecimalSeparator":".","FormatMask":"","FormatStyle":0,"GroupSeparator":" ","NumberNegativePattern":0,"PercentNegativePattern":0,"PercentPositivePattern":0,"UseCultureSettings":true,"UseGroupSeparator":true},"Formula":"","ItemMargins":{},"OddLabelsDistance":0,"Position":0,"ShowSuperposableLabels":true,"TextAlignment":1,"TextAngle":0,"TextRotationMode":1,"Divisions":10,"StepWrapper":{"__type":"SmartValueWrapper:#PerpetuumSoft.Instrumentation.Model","Kind":0,"Value":0},"UseRoundValues":false}],"Colorizer":null,"Maximum":100,"Minimum":0,"Reverse":false}],"Margins":{},"Align":0,"EndPoint":{"Height":112.5,"Length":274.14640249326635,"Rotation":0.42285392613294071,"Width":250,"X":250,"Y":112.5},"GuideDirection":0,"StartPoint":{"Height":1225,"Length":1250.2499750049988,"Rotation":1.3694792184202558,"Width":250,"X":250,"Y":1225}}],"Enabled":true,"Focused":false,"GridStep":50,"IsFixed":false,"MeasureUnit":{},"Parameters":[],"ShowGrid":true,"Size":{"Height":1450,"Length":1533.7861650177968,"Rotation":1.2387368592520112,"Width":500,"X":500,"Y":1450},"SnapToGrid":false,"Styles":[{"__type":"Style:#PerpetuumSoft.Instrumentation.Styles","Fill":null,"Font":{"Bold":0,"FamilyName":"Microsoft Sans Serif","Italic":0,"Size":10,"Strikeout":0,"Underline":0},"Image":null,"Name":"Default","Stroke":{"__type":"SimpleStroke:#PerpetuumSoft.Framework.Drawing","Width":1,"Color":{"knownColor":35,"name":null,"state":1,"value":0},"DashLenght":5,"DotLenght":1,"SpaceLenght":2,"Style":1}},{"__type":"Style:#PerpetuumSoft.Instrumentation.Styles","Fill":{"__type":"SolidFill:#PerpetuumSoft.Framework.Drawing","Color":{"knownColor":164,"name":null,"state":1,"value":0}},"Font":null,"Image":null,"Name":"RoundedRectangle1","Stroke":{"__type":"SimpleStroke:#PerpetuumSoft.Framework.Drawing","Width":6,"Color":{"knownColor":35,"name":null,"state":1,"value":0},"DashLenght":5,"DotLenght":1,"SpaceLenght":2,"Style":1}},{"__type":"Style:#PerpetuumSoft.Instrumentation.Styles","Fill":{"__type":"LinearGradientFill:#PerpetuumSoft.Framework.Drawing","Angle":90,"Colors":[{"__type":"GradientColor:#PerpetuumSoft.Framework.Drawing","Color":{"knownColor":0,"name":null,"state":2,"value":4279834905},"Portion":0},{"__type":"GradientColor:#PerpetuumSoft.Framework.Drawing","Color":{"knownColor":0,"name":null,"state":2,"value":4290624957},"Portion":1}],"EndColor":{"knownColor":0,"name":null,"state":2,"value":4290624957},"StartColor":{"knownColor":0,"name":null,"state":2,"value":4279834905}},"Font":null,"Image":null,"Name":"RoundedRectangle2","Stroke":null},{"__type":"Style:#PerpetuumSoft.Instrumentation.Styles","Fill":null,"Font":null,"Image":null,"Name":"LinearLevel1","Stroke":{"__type":"SimpleStroke:#PerpetuumSoft.Framework.Drawing","Width":4,"Color":{"knownColor":35,"name":null,"state":1,"value":0},"DashLenght":5,"DotLenght":1,"SpaceLenght":2,"Style":1}},{"__type":"Style:#PerpetuumSoft.Instrumentation.Styles","Fill":null,"Font":null,"Image":null,"Name":"Ticks1","Stroke":{"__type":"SimpleStroke:#PerpetuumSoft.Framework.Drawing","Width":6,"Color":{"knownColor":35,"name":null,"state":1,"value":0},"DashLenght":5,"DotLenght":1,"SpaceLenght":2,"Style":1}},{"__type":"Style:#PerpetuumSoft.Instrumentation.Styles","Fill":null,"Font":{"Bold":1,"FamilyName":"Arial","Italic":2,"Size":14.25,"Strikeout":2,"Underline":2},"Image":null,"Name":"ScaleLabels1","Stroke":null}]}