{"Active":true,"BreakEventsBubbling":false,"CssClass":{},"Fill":null,"JSBindingsText":null,"Name":"Instrument","RecalculateAll":false,"Smooth":true,"Stroke":null,"Style":"","ToolTipValue":null,"Visible":true,"Elements":[{"__type":"Guide:#PerpetuumSoft.Instrumentation.Model","Active":true,"BreakEventsBubbling":false,"CssClass":{},"Fill":null,"JSBindingsText":null,"Name":"Guide1","RecalculateAll":false,"Smooth":true,"Stroke":null,"Style":"","ToolTipValue":null,"Visible":true,"Elements":[{"__type":"Scale:#PerpetuumSoft.Instrumentation.Model","Active":true,"BreakEventsBubbling":false,"CssClass":{},"Fill":null,"JSBindingsText":null,"Name":"Scale1","RecalculateAll":false,"Smooth":true,"Stroke":null,"Style":"","ToolTipValue":null,"Visible":true,"Elements":[{"__type":"Ticks:#PerpetuumSoft.Instrumentation.Model","Active":true,"BreakEventsBubbling":false,"CssClass":{},"Fill":{"__type":"SolidFill:#PerpetuumSoft.Framework.Drawing","Color":{"knownColor":164,"name":null,"state":1,"value":0}},"JSBindingsText":null,"Name":"Ticks1","RecalculateAll":false,"Smooth":false,"Stroke":{"__type":"SimpleStroke:#PerpetuumSoft.Framework.Drawing","Width":1,"Color":{"knownColor":35,"name":null,"state":1,"value":0},"DashLenght":5,"DotLenght":1,"SpaceLenght":2,"Style":1},"Style":"Default","ToolTipValue":null,"Visible":true,"Colorizer":null,"Distance":-96.875,"Dock":1,"MaxLimitWrapper":{"__type":"SmartValueWrapper:#PerpetuumSoft.Instrumentation.Model","Kind":0,"Value":0},"MinLimitWrapper":{"__type":"SmartValueWrapper:#PerpetuumSoft.Instrumentation.Model","Kind":0,"Value":0},"OriginWrapper":{"__type":"SmartValueWrapper:#PerpetuumSoft.Instrumentation.Model","Kind":0,"Value":0},"Padding":71.875,"Divisions":10,"StepWrapper":{"__type":"SmartValueWrapper:#PerpetuumSoft.Instrumentation.Model","Kind":0,"Value":0},"SubDivisions":4,"SubTicksPosition":2,"UseDescreteValues":false,"UseRoundValues":false,"Length":15.625,"SubLength":9.375},{"__type":"NumericLabels:#PerpetuumSoft.Instrumentation.Model","Active":true,"BreakEventsBubbling":false,"CssClass":{},"Fill":null,"JSBindingsText":null,"Name":"NumericLabels1","RecalculateAll":false,"Smooth":false,"Stroke":null,"Style":"LabelsStyle","ToolTipValue":null,"Visible":true,"Colorizer":null,"Distance":-118.9356689453125,"Dock":1,"MaxLimitWrapper":{"__type":"SmartValueWrapper:#PerpetuumSoft.Instrumentation.Model","Kind":0,"Value":0},"MinLimitWrapper":{"__type":"SmartValueWrapper:#PerpetuumSoft.Instrumentation.Model","Kind":0,"Value":0},"OriginWrapper":{"__type":"SmartValueWrapper:#PerpetuumSoft.Instrumentation.Model","Kind":0,"Value":0},"Padding":0,"Font":{"Bold":1,"FamilyName":"Arial","Italic":2,"Size":9,"Strikeout":2,"Underline":2},"Format":{"CurrencyNegativePattern":0,"CurrencyPositivePattern":0,"CurrencySymbol":"$","DateSeparator":".","DecimalPlaces":2,"DecimalSeparator":".","FormatMask":"","FormatStyle":0,"GroupSeparator":" ","NumberNegativePattern":0,"PercentNegativePattern":0,"PercentPositivePattern":0,"UseCultureSettings":true,"UseGroupSeparator":true},"Formula":"","ItemMargins":{},"OddLabelsDistance":0,"Position":1,"ShowSuperposableLabels":true,"TextAlignment":1,"TextAngle":0,"TextRotationMode":0,"Divisions":10,"StepWrapper":{"__type":"SmartValueWrapper:#PerpetuumSoft.Instrumentation.Model","Kind":0,"Value":0},"UseRoundValues":false},{"__type":"Ticks:#PerpetuumSoft.Instrumentation.Model","Active":true,"BreakEventsBubbling":false,"CssClass":{},"Fill":{"__type":"SolidFill:#PerpetuumSoft.Framework.Drawing","Color":{"knownColor":164,"name":null,"state":1,"value":0}},"JSBindingsText":null,"Name":"Ticks2","RecalculateAll":false,"Smooth":false,"Stroke":{"__type":"SimpleStroke:#PerpetuumSoft.Framework.Drawing","Width":1,"Color":{"knownColor":35,"name":null,"state":1,"value":0},"DashLenght":5,"DotLenght":1,"SpaceLenght":2,"Style":1},"Style":"Default","ToolTipValue":null,"Visible":true,"Colorizer":null,"Distance":56.25,"Dock":2,"MaxLimitWrapper":{"__type":"SmartValueWrapper:#PerpetuumSoft.Instrumentation.Model","Kind":0,"Value":0},"MinLimitWrapper":{"__type":"SmartValueWrapper:#PerpetuumSoft.Instrumentation.Model","Kind":0,"Value":0},"OriginWrapper":{"__type":"SmartValueWrapper:#PerpetuumSoft.Instrumentation.Model","Kind":0,"Value":0},"Padding":46.875,"Divisions":10,"StepWrapper":{"__type":"SmartValueWrapper:#PerpetuumSoft.Instrumentation.Model","Kind":0,"Value":0},"SubDivisions":4,"SubTicksPosition":0,"UseDescreteValues":false,"UseRoundValues":false,"Length":15.625,"SubLength":9.375},{"__type":"NumericLabels:#PerpetuumSoft.Instrumentation.Model","Active":true,"BreakEventsBubbling":false,"CssClass":{},"Fill":null,"JSBindingsText":null,"Name":"NumericLabels2","RecalculateAll":false,"Smooth":false,"Stroke":null,"Style":"LabelsStyle","ToolTipValue":null,"Visible":true,"Colorizer":null,"Distance":93.9356689453125,"Dock":2,"MaxLimitWrapper":{"__type":"SmartValueWrapper:#PerpetuumSoft.Instrumentation.Model","Kind":0,"Value":0},"MinLimitWrapper":{"__type":"SmartValueWrapper:#PerpetuumSoft.Instrumentation.Model","Kind":0,"Value":0},"OriginWrapper":{"__type":"SmartValueWrapper:#PerpetuumSoft.Instrumentation.Model","Kind":0,"Value":0},"Padding":0,"Font":{"Bold":1,"FamilyName":"Arial","Italic":2,"Size":9,"Strikeout":2,"Underline":2},"Format":{"CurrencyNegativePattern":0,"CurrencyPositivePattern":0,"CurrencySymbol":"$","DateSeparator":".","DecimalPlaces":2,"DecimalSeparator":".","FormatMask":"","FormatStyle":0,"GroupSeparator":" ","NumberNegativePattern":0,"PercentNegativePattern":0,"PercentPositivePattern":0,"UseCultureSettings":true,"UseGroupSeparator":true},"Formula":"","ItemMargins":{},"OddLabelsDistance":0,"Position":1,"ShowSuperposableLabels":true,"TextAlignment":1,"TextAngle":0,"TextRotationMode":0,"Divisions":10,"StepWrapper":{"__type":"SmartValueWrapper:#PerpetuumSoft.Instrumentation.Model","Kind":0,"Value":0},"UseRoundValues":false},{"__type":"Slider:#PerpetuumSoft.Instrumentation.Model","Active":true,"BreakEventsBubbling":false,"CssClass":{},"Fill":null,"JSBindingsText":null,"Name":"Slider1","RecalculateAll":false,"Smooth":true,"Stroke":null,"Style":"","ToolTipValue":null,"Visible":true,"Elements":[{"__type":"LinearLevel:#PerpetuumSoft.Instrumentation.Model","Active":true,"BreakEventsBubbling":false,"CssClass":{},"Fill":{"__type":"SolidFill:#PerpetuumSoft.Framework.Drawing","Color":{"knownColor":150,"name":null,"state":1,"value":0}},"JSBindingsText":null,"Name":"LinearLevel1","RecalculateAll":false,"Smooth":true,"Stroke":null,"Style":"","ToolTipValue":null,"Visible":true,"Colorizer":null,"Distance":0,"Dock":3,"MaxLimitWrapper":{"__type":"SmartValueWrapper:#PerpetuumSoft.Instrumentation.Model","Kind":0,"Value":0},"MinLimitWrapper":{"__type":"SmartValueWrapper:#PerpetuumSoft.Instrumentation.Model","Kind":0,"Value":0},"OriginWrapper":{"__type":"SmartValueWrapper:#PerpetuumSoft.Instrumentation.Model","Kind":0,"Value":0},"Padding":0,"ValueWrapper":{"__type":"SmartValueWrapper:#PerpetuumSoft.Instrumentation.Model","Kind":0,"Value":0},"Colors":[],"Divisions":0,"DivisionsStroke":null,"EndColor":{"knownColor":164,"name":null,"state":1,"value":0},"StartColor":{"knownColor":35,"name":null,"state":1,"value":0},"Effect3D":0,"EndCap":1,"PocketRadius":37.5,"ShowAsThermometer":false,"StartCap":1,"Width":18.75},{"__type":"LinearLevel:#PerpetuumSoft.Instrumentation.Model","Active":true,"BreakEventsBubbling":false,"CssClass":{},"Fill":{"__type":"SolidFill:#PerpetuumSoft.Framework.Drawing","Color":{"knownColor":141,"name":null,"state":1,"value":0}},"JSBindingsText":"this.setValue(this.getInstrument().getByName('Slider1').getAnimationValue());\u000a","Name":"LinearLevel2","RecalculateAll":false,"Smooth":true,"Stroke":null,"Style":"","ToolTipValue":null,"Visible":true,"Colorizer":null,"Distance":0,"Dock":3,"MaxLimitWrapper":{"__type":"SmartValueWrapper:#PerpetuumSoft.Instrumentation.Model","Kind":0,"Value":0},"MinLimitWrapper":{"__type":"SmartValueWrapper:#PerpetuumSoft.Instrumentation.Model","Kind":0,"Value":0},"OriginWrapper":{"__type":"SmartValueWrapper:#PerpetuumSoft.Instrumentation.Model","Kind":0,"Value":0},"Padding":0,"ValueWrapper":{"__type":"SmartValueWrapper:#PerpetuumSoft.Instrumentation.Model","Kind":1,"Value":32.794036049217738},"Colors":[],"Divisions":0,"DivisionsStroke":null,"EndColor":{"knownColor":164,"name":null,"state":1,"value":0},"StartColor":{"knownColor":35,"name":null,"state":1,"value":0},"Effect3D":0,"EndCap":1,"PocketRadius":37.5,"ShowAsThermometer":false,"StartCap":1,"Width":18.75},{"__type":"Ellipse:#PerpetuumSoft.Instrumentation.Model","Active":true,"BreakEventsBubbling":false,"CssClass":{},"Fill":{"__type":"LinearGradientFill:#PerpetuumSoft.Framework.Drawing","Angle":210,"Colors":[{"__type":"GradientColor:#PerpetuumSoft.Framework.Drawing","Color":{"knownColor":52,"name":null,"state":1,"value":0},"Portion":0},{"__type":"GradientColor:#PerpetuumSoft.Framework.Drawing","Color":{"knownColor":74,"name":null,"state":1,"value":0},"Portion":1}],"EndColor":{"knownColor":74,"name":null,"state":1,"value":0},"StartColor":{"knownColor":52,"name":null,"state":1,"value":0}},"JSBindingsText":"this.setCenter(this.getInstrument().getByName('Slider1').getPosition(0));\u000athis.setStyle(this.getInstrument().getByName('Slider1').getHot()?\u000d\u000a                    \"SliderStyle1Hot\"           \u000d\u000a                   :\"SliderStyle1\"\u000d\u000a            );\u000a","Name":"Ellipse1","RecalculateAll":false,"Smooth":true,"Stroke":null,"Style":"SliderStyle1","ToolTipValue":null,"Visible":true,"Center":{"Height":250,"Length":536.51990810810219,"Rotation":0.48472599187945592,"Width":474.71424225140572,"X":474.71424225140572,"Y":250},"Size":{"Height":81.25,"Length":187.29155079714622,"Rotation":0.44872334401072111,"Width":168.75,"X":168.75,"Y":81.25},"Angle":0},{"__type":"Ellipse:#PerpetuumSoft.Instrumentation.Model","Active":true,"BreakEventsBubbling":false,"CssClass":{},"Fill":{"__type":"LinearGradientFill:#PerpetuumSoft.Framework.Drawing","Angle":30,"Colors":[{"__type":"GradientColor:#PerpetuumSoft.Framework.Drawing","Color":{"knownColor":52,"name":null,"state":1,"value":0},"Portion":0},{"__type":"GradientColor:#PerpetuumSoft.Framework.Drawing","Color":{"knownColor":74,"name":null,"state":1,"value":0},"Portion":1}],"EndColor":{"knownColor":74,"name":null,"state":1,"value":0},"StartColor":{"knownColor":52,"name":null,"state":1,"value":0}},"JSBindingsText":"this.setCenter(this.getInstrument().getByName('Slider1').getPosition(0));\u000a","Name":"Ellipse2","RecalculateAll":false,"Smooth":true,"Stroke":null,"Style":"SliderStyle","ToolTipValue":null,"Visible":true,"Center":{"Height":250,"Length":536.51990810810219,"Rotation":0.48472599187945592,"Width":474.71424225140572,"X":474.71424225140572,"Y":250},"Size":{"Height":62.5,"Length":123.26926827072512,"Rotation":0.53172406725880561,"Width":106.25,"X":106.25,"Y":62.5},"Angle":0},{"__type":"Needle:#PerpetuumSoft.Instrumentation.Model","Active":true,"BreakEventsBubbling":false,"CssClass":{},"Fill":{"__type":"SolidFill:#PerpetuumSoft.Framework.Drawing","Color":{"knownColor":35,"name":null,"state":1,"value":0}},"JSBindingsText":"this.setStartPoint(this.getInstrument().getByName(\"Slider1\").getPosition(-49.21875));\u000athis.setEndPoint(this.getInstrument().getByName(\"Slider1\").getPosition(-74.5625));\u000athis.setStyle(this.getInstrument().getByName('Slider1').getPressed()?\u000d\u000a                    \"NeedleStylePressed\"           \u000d\u000a                   :\"NeedleStyle\"\u000d\u000a            );\u000a","Name":"Needle1","RecalculateAll":false,"Smooth":false,"Stroke":null,"Style":"NeedleStyle","ToolTipValue":null,"Visible":true,"EndPoint":{"Height":175.4375,"Length":506.09478183693648,"Rotation":0.35399674711546691,"Width":474.71424225140572,"X":474.71424225140572,"Y":175.4375},"StartPoint":{"Height":200.78125,"Length":515.42867804177217,"Rotation":0.40013453736172555,"Width":474.71424225140572,"X":474.71424225140572,"Y":200.78125},"EndWidth":0,"NeedlePoints":[],"ShowMode":0,"StartWidth":25},{"__type":"Needle:#PerpetuumSoft.Instrumentation.Model","Active":true,"BreakEventsBubbling":false,"CssClass":{},"Fill":{"__type":"SolidFill:#PerpetuumSoft.Framework.Drawing","Color":{"knownColor":67,"name":null,"state":1,"value":0}},"JSBindingsText":"this.setStartPoint(this.getInstrument().getByName(\"Slider1\").getScale().valueToPoint(this.getInstrument().getByName('Scale1').getMinimum(),125));\u000athis.setEndPoint(this.getInstrument().getByName(\"Slider1\").getScale().valueToPoint(this.getInstrument().getByName('Slider1').getAnimationValue(),125));\u000a","Name":"Level","RecalculateAll":false,"Smooth":true,"Stroke":null,"Style":"LevelStyle","ToolTipValue":null,"Visible":true,"EndPoint":{"Height":375,"Length":604.96166142684308,"Rotation":0.66858211202199092,"Width":474.71424225140572,"X":474.71424225140572,"Y":375},"StartPoint":{"Height":375,"Length":400.50017556175925,"Rotation":1.2120256565243244,"Width":140.625,"X":140.625,"Y":375},"EndWidth":50,"NeedlePoints":[],"ShowMode":1,"StartWidth":0},{"__type":"Label:#PerpetuumSoft.Instrumentation.Model","Active":true,"BreakEventsBubbling":false,"CssClass":{},"Fill":{"__type":"SolidFill:#PerpetuumSoft.Framework.Drawing","Color":{"knownColor":143,"name":null,"state":1,"value":0}},"JSBindingsText":"this.setCenter(this.getInstrument().getByName(\"Slider1\").getPosition(181.25));\u000athis.setText(PerfectWidgets.Framework.Utilities.BuiltIn.oldFormat(this.getInstrument().getByName('Slider1').getAnimationValue(),\"##0.0\"));\u000a","Name":"Label1","RecalculateAll":false,"Smooth":false,"Stroke":null,"Style":"CurrentValueStyle","ToolTipValue":null,"Visible":true,"Center":{"Height":431.25,"Length":641.35027426229919,"Rotation":0.73745924981357414,"Width":474.71424225140572,"X":474.71424225140572,"Y":431.25},"Size":{"Height":62.500000000000114,"Length":306.44126680328162,"Rotation":0.20539538918976777,"Width":300,"X":300,"Y":62.500000000000114},"Angle":0,"Font":{"Bold":0,"FamilyName":"Microsoft Sans Serif","Italic":0,"Size":10,"Strikeout":0,"Underline":0},"Margins":{},"Text":"32.8","TextAlign":32}],"MaxLimit":{"Kind":0,"Value":0},"MinLimit":{"Kind":0,"Value":0},"Step":0,"Value":32.794036049217738}],"Colorizer":null,"Maximum":100,"Minimum":0,"Reverse":false}],"Margins":{},"Align":0,"EndPoint":{"Height":250,"Length":1186.0229300586898,"Rotation":0.21238151800891134,"Width":1159.375,"X":1159.375,"Y":250},"GuideDirection":3,"StartPoint":{"Height":250,"Length":286.8368711044659,"Rotation":1.0584068664841588,"Width":140.625,"X":140.625,"Y":250}}],"Enabled":true,"Focused":false,"GridStep":50,"IsFixed":false,"MeasureUnit":{},"Parameters":[],"ShowGrid":false,"Size":{"Height":500,"Length":1392.838827718412,"Rotation":0.36717383381821922,"Width":1300,"X":1300,"Y":500},"SnapToGrid":false,"Styles":[{"__type":"Style:#PerpetuumSoft.Instrumentation.Styles","Fill":{"__type":"SolidFill:#PerpetuumSoft.Framework.Drawing","Color":{"knownColor":164,"name":null,"state":1,"value":0}},"Font":{"Bold":0,"FamilyName":"Microsoft Sans Serif","Italic":0,"Size":10,"Strikeout":0,"Underline":0},"Image":null,"Name":"Default","Stroke":{"__type":"SimpleStroke:#PerpetuumSoft.Framework.Drawing","Width":1,"Color":{"knownColor":35,"name":null,"state":1,"value":0},"DashLenght":5,"DotLenght":1,"SpaceLenght":2,"Style":1}},{"__type":"Style:#PerpetuumSoft.Instrumentation.Styles","Fill":{"__type":"SolidFill:#PerpetuumSoft.Framework.Drawing","Color":{"knownColor":35,"name":null,"state":1,"value":0}},"Font":{"Bold":0,"FamilyName":"Microsoft Sans Serif","Italic":0,"Size":10,"Strikeout":0,"Underline":0},"Image":null,"Name":"NeedleStyle","Stroke":null},{"__type":"Style:#PerpetuumSoft.Instrumentation.Styles","Fill":{"__type":"LinearGradientFill:#PerpetuumSoft.Framework.Drawing","Angle":30,"Colors":[{"__type":"GradientColor:#PerpetuumSoft.Framework.Drawing","Color":{"knownColor":52,"name":null,"state":1,"value":0},"Portion":0},{"__type":"GradientColor:#PerpetuumSoft.Framework.Drawing","Color":{"knownColor":74,"name":null,"state":1,"value":0},"Portion":1}],"EndColor":{"knownColor":74,"name":null,"state":1,"value":0},"StartColor":{"knownColor":52,"name":null,"state":1,"value":0}},"Font":{"Bold":0,"FamilyName":"Microsoft Sans Serif","Italic":0,"Size":10,"Strikeout":0,"Underline":0},"Image":null,"Name":"SliderStyle","Stroke":null},{"__type":"Style:#PerpetuumSoft.Instrumentation.Styles","Fill":{"__type":"LinearGradientFill:#PerpetuumSoft.Framework.Drawing","Angle":210,"Colors":[{"__type":"GradientColor:#PerpetuumSoft.Framework.Drawing","Color":{"knownColor":52,"name":null,"state":1,"value":0},"Portion":0},{"__type":"GradientColor:#PerpetuumSoft.Framework.Drawing","Color":{"knownColor":74,"name":null,"state":1,"value":0},"Portion":1}],"EndColor":{"knownColor":74,"name":null,"state":1,"value":0},"StartColor":{"knownColor":52,"name":null,"state":1,"value":0}},"Font":{"Bold":0,"FamilyName":"Microsoft Sans Serif","Italic":0,"Size":10,"Strikeout":0,"Underline":0},"Image":null,"Name":"SliderStyle1","Stroke":null},{"__type":"Style:#PerpetuumSoft.Instrumentation.Styles","Fill":null,"Font":{"Bold":0,"FamilyName":"Microsoft Sans Serif","Italic":0,"Size":7,"Strikeout":0,"Underline":0},"Image":null,"Name":"LabelsStyle","Stroke":null},{"__type":"Style:#PerpetuumSoft.Instrumentation.Styles","Fill":{"__type":"LinearGradientFill:#PerpetuumSoft.Framework.Drawing","Angle":90,"Colors":[{"__type":"GradientColor:#PerpetuumSoft.Framework.Drawing","Color":{"knownColor":141,"name":null,"state":1,"value":0},"Portion":0},{"__type":"GradientColor:#PerpetuumSoft.Framework.Drawing","Color":{"knownColor":108,"name":null,"state":1,"value":0},"Portion":1}],"EndColor":{"knownColor":108,"name":null,"state":1,"value":0},"StartColor":{"knownColor":141,"name":null,"state":1,"value":0}},"Font":{"Bold":0,"FamilyName":"Microsoft Sans Serif","Italic":0,"Size":10,"Strikeout":0,"Underline":0},"Image":null,"Name":"ActiveStyle","Stroke":null},{"__type":"Style:#PerpetuumSoft.Instrumentation.Styles","Fill":{"__type":"LinearGradientFill:#PerpetuumSoft.Framework.Drawing","Angle":270,"Colors":[{"__type":"GradientColor:#PerpetuumSoft.Framework.Drawing","Color":{"knownColor":74,"name":null,"state":1,"value":0},"Portion":0},{"__type":"GradientColor:#PerpetuumSoft.Framework.Drawing","Color":{"knownColor":52,"name":null,"state":1,"value":0},"Portion":1}],"EndColor":{"knownColor":52,"name":null,"state":1,"value":0},"StartColor":{"knownColor":74,"name":null,"state":1,"value":0}},"Font":{"Bold":0,"FamilyName":"Microsoft Sans Serif","Italic":0,"Size":10,"Strikeout":0,"Underline":0},"Image":null,"Name":"InactiveStyle","Stroke":null},{"__type":"Style:#PerpetuumSoft.Instrumentation.Styles","Fill":{"__type":"SolidFill:#PerpetuumSoft.Framework.Drawing","Color":{"knownColor":67,"name":null,"state":1,"value":0}},"Font":{"Bold":0,"FamilyName":"Microsoft Sans Serif","Italic":0,"Size":10,"Strikeout":0,"Underline":0},"Image":null,"Name":"LevelStyle","Stroke":null},{"__type":"Style:#PerpetuumSoft.Instrumentation.Styles","Fill":{"__type":"SolidFill:#PerpetuumSoft.Framework.Drawing","Color":{"knownColor":143,"name":null,"state":1,"value":0}},"Font":{"Bold":0,"FamilyName":"Microsoft Sans Serif","Italic":0,"Size":10,"Strikeout":0,"Underline":0},"Image":null,"Name":"CurrentValueStyle","Stroke":null},{"__type":"Style:#PerpetuumSoft.Instrumentation.Styles","Fill":{"__type":"LinearGradientFill:#PerpetuumSoft.Framework.Drawing","Angle":210,"Colors":[{"__type":"GradientColor:#PerpetuumSoft.Framework.Drawing","Color":{"knownColor":52,"name":null,"state":1,"value":0},"Portion":0},{"__type":"GradientColor:#PerpetuumSoft.Framework.Drawing","Color":{"knownColor":74,"name":null,"state":1,"value":0},"Portion":1}],"EndColor":{"knownColor":74,"name":null,"state":1,"value":0},"StartColor":{"knownColor":52,"name":null,"state":1,"value":0}},"Font":{"Bold":0,"FamilyName":"Microsoft Sans Serif","Italic":0,"Size":10,"Strikeout":0,"Underline":0},"Image":null,"Name":"SliderStyle1Hot","Stroke":{"__type":"SimpleStroke:#PerpetuumSoft.Framework.Drawing","Width":1,"Color":{"knownColor":45,"name":null,"state":1,"value":0},"DashLenght":5,"DotLenght":1,"SpaceLenght":2,"Style":1}},{"__type":"Style:#PerpetuumSoft.Instrumentation.Styles","Fill":{"__type":"SolidFill:#PerpetuumSoft.Framework.Drawing","Color":{"knownColor":141,"name":null,"state":1,"value":0}},"Font":{"Bold":0,"FamilyName":"Microsoft Sans Serif","Italic":0,"Size":10,"Strikeout":0,"Underline":0},"Image":null,"Name":"NeedleStylePressed","Stroke":null}]}