{"Active":true,"BreakEventsBubbling":false,"CssClass":{},"Fill":null,"JSBindingsText":null,"Name":"Instrument","RecalculateAll":true,"Smooth":true,"Stroke":null,"Style":"","ToolTipValue":null,"Visible":true,"Elements":[{"__type":"Joint:#PerpetuumSoft.Instrumentation.Model","Active":true,"BreakEventsBubbling":false,"CssClass":{},"Fill":null,"JSBindingsText":null,"Name":"Joint1","RecalculateAll":false,"Smooth":true,"Stroke":null,"Style":"","ToolTipValue":null,"Visible":true,"Elements":[{"__type":"Scale:#PerpetuumSoft.Instrumentation.Model","Active":true,"BreakEventsBubbling":false,"CssClass":{},"Fill":null,"JSBindingsText":null,"Name":"Scale1","RecalculateAll":false,"Smooth":true,"Stroke":null,"Style":"","ToolTipValue":null,"Visible":true,"Elements":[{"__type":"Slider:#PerpetuumSoft.Instrumentation.Model","Active":true,"BreakEventsBubbling":false,"CssClass":{},"Fill":null,"JSBindingsText":null,"Name":"Slider1","RecalculateAll":false,"Smooth":true,"Stroke":null,"Style":"","ToolTipValue":null,"Visible":true,"Elements":[{"__type":"Circle:#PerpetuumSoft.Instrumentation.Model","Active":true,"BreakEventsBubbling":false,"CssClass":{},"Fill":{"__type":"SphericalFill:#PerpetuumSoft.Framework.Drawing","Angle":0,"Colors":[{"__type":"GradientColor:#PerpetuumSoft.Framework.Drawing","Color":{"knownColor":0,"name":null,"state":2,"value":4294080768},"Portion":0},{"__type":"GradientColor:#PerpetuumSoft.Framework.Drawing","Color":{"knownColor":0,"name":null,"state":2,"value":4294950784},"Portion":1}],"Delta":0,"EndColor":{"knownColor":0,"name":null,"state":2,"value":4294080768},"StartColor":{"knownColor":0,"name":null,"state":2,"value":4294950784}},"JSBindingsText":"this.setCenter(this.getInstrument().getByName('Slider1').getPosition(0));\u000athis.setRadius((this.getInstrument().getByName('Joint1').getRadius()-30));\u000a","Name":"Circle5","RecalculateAll":false,"Smooth":true,"Stroke":null,"Style":"UpEffectStyle","ToolTipValue":null,"Visible":true,"Center":{"Height":425,"Length":601.04076400856536,"Rotation":0.78539816339744828,"Width":425,"X":425,"Y":425},"Radius":395},{"__type":"Circle:#PerpetuumSoft.Instrumentation.Model","Active":true,"BreakEventsBubbling":false,"CssClass":{},"Fill":{"__type":"SphericalFill:#PerpetuumSoft.Framework.Drawing","Angle":48,"Colors":[{"__type":"GradientColor:#PerpetuumSoft.Framework.Drawing","Color":{"knownColor":0,"name":null,"state":2,"value":4294948977},"Portion":0},{"__type":"GradientColor:#PerpetuumSoft.Framework.Drawing","Color":{"knownColor":0,"name":null,"state":2,"value":4294942012},"Portion":1}],"Delta":0.2,"EndColor":{"knownColor":0,"name":null,"state":2,"value":4294948977},"StartColor":{"knownColor":0,"name":null,"state":2,"value":4294942012}},"JSBindingsText":"this.setCenter(this.getInstrument().getByName('Slider1').getPosition(0));\u000athis.setRadius((this.getInstrument().getByName('Joint1').getRadius()-70));\u000a","Name":"Circle1","RecalculateAll":false,"Smooth":true,"Stroke":null,"Style":"MainAreaStyle","ToolTipValue":null,"Visible":true,"Center":{"Height":425,"Length":601.04076400856536,"Rotation":0.78539816339744828,"Width":425,"X":425,"Y":425},"Radius":355},{"__type":"Circle:#PerpetuumSoft.Instrumentation.Model","Active":true,"BreakEventsBubbling":false,"CssClass":{},"Fill":{"__type":"SphericalFill:#PerpetuumSoft.Framework.Drawing","Angle":0,"Colors":[{"__type":"GradientColor:#PerpetuumSoft.Framework.Drawing","Color":{"knownColor":0,"name":null,"state":2,"value":4294950009},"Portion":0},{"__type":"GradientColor:#PerpetuumSoft.Framework.Drawing","Color":{"knownColor":0,"name":null,"state":2,"value":4294939947},"Portion":1}],"Delta":0,"EndColor":{"knownColor":0,"name":null,"state":2,"value":4294950009},"StartColor":{"knownColor":0,"name":null,"state":2,"value":4294939947}},"JSBindingsText":"this.setCenter(this.getInstrument().getByName('Slider1').getPosition(0));\u000athis.setRadius((this.getInstrument().getByName('Joint1').getRadius()-160));\u000a","Name":"Circle3","RecalculateAll":false,"Smooth":true,"Stroke":null,"Style":"DownEffectStyle","ToolTipValue":null,"Visible":true,"Center":{"Height":425,"Length":601.04076400856536,"Rotation":0.78539816339744828,"Width":425,"X":425,"Y":425},"Radius":265},{"__type":"Circle:#PerpetuumSoft.Instrumentation.Model","Active":true,"BreakEventsBubbling":false,"CssClass":{},"Fill":{"__type":"SphericalFill:#PerpetuumSoft.Framework.Drawing","Angle":36,"Colors":[{"__type":"GradientColor:#PerpetuumSoft.Framework.Drawing","Color":{"knownColor":0,"name":null,"state":2,"value":4294953105},"Portion":0},{"__type":"GradientColor:#PerpetuumSoft.Framework.Drawing","Color":{"knownColor":0,"name":null,"state":2,"value":4294942012},"Portion":1}],"Delta":0.4,"EndColor":{"knownColor":0,"name":null,"state":2,"value":4294953105},"StartColor":{"knownColor":0,"name":null,"state":2,"value":4294942012}},"JSBindingsText":"this.setCenter(this.getInstrument().getByName('Slider1').getPosition(0));\u000athis.setRadius((this.getInstrument().getByName('Joint1').getRadius()-200));\u000a","Name":"Circle6","RecalculateAll":false,"Smooth":true,"Stroke":null,"Style":"Back","ToolTipValue":null,"Visible":true,"Center":{"Height":425,"Length":601.04076400856536,"Rotation":0.78539816339744828,"Width":425,"X":425,"Y":425},"Radius":225},{"__type":"Circle:#PerpetuumSoft.Instrumentation.Model","Active":true,"BreakEventsBubbling":false,"CssClass":{},"Fill":{"__type":"SolidFill:#PerpetuumSoft.Framework.Drawing","Color":{"knownColor":35,"name":null,"state":1,"value":0}},"JSBindingsText":"this.setCenter(this.getInstrument().getByName('Slider1').getPosition(0));\u000athis.setRadius(((this.getInstrument().getByName('Joint1').getRadius()-30)*0.115));\u000a","Name":"Circle4","RecalculateAll":false,"Smooth":true,"Stroke":null,"Style":"NeedleCircleStyle","ToolTipValue":null,"Visible":true,"Center":{"Height":425,"Length":601.04076400856536,"Rotation":0.78539816339744828,"Width":425,"X":425,"Y":425},"Radius":45.425000000000004},{"__type":"Needle:#PerpetuumSoft.Instrumentation.Model","Active":true,"BreakEventsBubbling":false,"CssClass":{},"Fill":{"__type":"SolidFill:#PerpetuumSoft.Framework.Drawing","Color":{"knownColor":35,"name":null,"state":1,"value":0}},"JSBindingsText":"this.setStartPoint(this.getInstrument().getByName('Slider1').getPosition(0));\u000athis.setEndPoint(this.getInstrument().getByName(\"Slider1\").getPosition((this.getInstrument().getByName('Joint1').getRadius()-200)));\u000athis.setStartWidth(((this.getInstrument().getByName('Joint1').getRadius()-30)*0.23));\u000a","Name":"Needle1","RecalculateAll":false,"Smooth":true,"Stroke":null,"Style":"Needle","ToolTipValue":null,"Visible":true,"EndPoint":{"Height":442.52472514090454,"Length":785.77352074424834,"Rotation":0.598217999373926,"Width":649.31648180357979,"X":649.31648180357979,"Y":442.52472514090454},"StartPoint":{"Height":425,"Length":601.04076400856536,"Rotation":0.78539816339744828,"Width":425,"X":425,"Y":425},"EndWidth":0,"NeedlePoints":[],"ShowMode":0,"StartWidth":90.850000000000009},{"__type":"Circle:#PerpetuumSoft.Instrumentation.Model","Active":true,"BreakEventsBubbling":false,"CssClass":{},"Fill":{"__type":"SphericalFill:#PerpetuumSoft.Framework.Drawing","Angle":225,"Colors":[{"__type":"GradientColor:#PerpetuumSoft.Framework.Drawing","Color":{"knownColor":164,"name":null,"state":1,"value":0},"Portion":0},{"__type":"GradientColor:#PerpetuumSoft.Framework.Drawing","Color":{"knownColor":0,"name":null,"state":2,"value":4294934528},"Portion":1}],"Delta":0.4,"EndColor":{"knownColor":164,"name":null,"state":1,"value":0},"StartColor":{"knownColor":0,"name":null,"state":2,"value":4294934528}},"JSBindingsText":"this.setCenter(this.getInstrument().getByName('Slider1').getPosition(0));\u000athis.setRadius(((this.getInstrument().getByName('Joint1').getRadius()-30)*0.085));\u000a","Name":"Circle2","RecalculateAll":false,"Smooth":true,"Stroke":null,"Style":"CenterCircle","ToolTipValue":null,"Visible":true,"Center":{"Height":425,"Length":601.04076400856536,"Rotation":0.78539816339744828,"Width":425,"X":425,"Y":425},"Radius":33.575},{"__type":"ScaleLabels:#PerpetuumSoft.Instrumentation.Model","Active":true,"BreakEventsBubbling":false,"CssClass":{},"Fill":null,"JSBindingsText":"this.setDistance((this.getInstrument().getByName('Joint1').getRadius()-120));\u000a","Name":"ScaleLabels1","RecalculateAll":false,"Smooth":true,"Stroke":null,"Style":"","ToolTipValue":null,"Visible":true,"Colorizer":null,"Distance":305,"Dock":0,"MaxLimitWrapper":{"__type":"SmartValueWrapper:#PerpetuumSoft.Instrumentation.Model","Kind":0,"Value":0},"MinLimitWrapper":{"__type":"SmartValueWrapper:#PerpetuumSoft.Instrumentation.Model","Kind":0,"Value":0},"OriginWrapper":{"__type":"SmartValueWrapper:#PerpetuumSoft.Instrumentation.Model","Kind":0,"Value":0},"Padding":0,"Font":{"Bold":1,"FamilyName":"Microsoft Sans Serif","Italic":2,"Size":12,"Strikeout":2,"Underline":2},"Format":{"CurrencyNegativePattern":0,"CurrencyPositivePattern":0,"CurrencySymbol":"$","DateSeparator":".","DecimalPlaces":2,"DecimalSeparator":".","FormatMask":"","FormatStyle":0,"GroupSeparator":" ","NumberNegativePattern":0,"PercentNegativePattern":0,"PercentPositivePattern":0,"UseCultureSettings":true,"UseGroupSeparator":true},"Formula":"","ItemMargins":{},"OddLabelsDistance":0,"Position":1,"ShowSuperposableLabels":true,"TextAlignment":1,"TextAngle":0,"TextRotationMode":1,"Divisions":10,"StepWrapper":{"__type":"SmartValueWrapper:#PerpetuumSoft.Instrumentation.Model","Kind":0,"Value":0},"UseRoundValues":false},{"__type":"Highlight:#PerpetuumSoft.Instrumentation.Model","Active":true,"BreakEventsBubbling":false,"CssClass":{},"Fill":{"__type":"SolidFill:#PerpetuumSoft.Framework.Drawing","Color":{"knownColor":0,"name":null,"state":2,"value":1526726655}},"JSBindingsText":"this.setCenter(this.getInstrument().getByName('Slider1').getPosition(0));\u000athis.setRadius((this.getInstrument().getByName('Joint1').getRadius()-45));\u000a","Name":"Highlight1","RecalculateAll":false,"Smooth":true,"Stroke":{"__type":"EmptyStroke:#PerpetuumSoft.Framework.Drawing","Width":0},"Style":"","ToolTipValue":null,"Visible":true,"Angle":180,"Center":{"Height":425,"Length":601.04076400856536,"Rotation":0.78539816339744828,"Width":425,"X":425,"Y":425},"Radius":380,"K":0.15,"SweepAngle":90},{"__type":"Highlight:#PerpetuumSoft.Instrumentation.Model","Active":true,"BreakEventsBubbling":false,"CssClass":{},"Fill":{"__type":"SolidFill:#PerpetuumSoft.Framework.Drawing","Color":{"knownColor":0,"name":null,"state":2,"value":1526726655}},"JSBindingsText":"this.setCenter(this.getInstrument().getByName('Slider1').getPosition(0));\u000athis.setRadius((this.getInstrument().getByName('Joint1').getRadius()-45));\u000a","Name":"Highlight2","RecalculateAll":false,"Smooth":true,"Stroke":{"__type":"EmptyStroke:#PerpetuumSoft.Framework.Drawing","Width":0},"Style":"","ToolTipValue":null,"Visible":true,"Angle":0,"Center":{"Height":425,"Length":601.04076400856536,"Rotation":0.78539816339744828,"Width":425,"X":425,"Y":425},"Radius":380,"K":0.15,"SweepAngle":90}],"MaxLimit":{"Kind":0,"Value":0},"MinLimit":{"Kind":0,"Value":0},"Step":0,"Value":84.987836689403423},{"__type":"Ticks:#PerpetuumSoft.Instrumentation.Model","Active":true,"BreakEventsBubbling":false,"CssClass":{},"Fill":{"__type":"SolidFill:#PerpetuumSoft.Framework.Drawing","Color":{"knownColor":164,"name":null,"state":1,"value":0}},"JSBindingsText":"this.setDistance((this.getInstrument().getByName('Joint1').getRadius()-200));\u000a","Name":"Ticks1","RecalculateAll":false,"Smooth":true,"Stroke":{"__type":"SimpleStroke:#PerpetuumSoft.Framework.Drawing","Width":5,"Color":{"knownColor":35,"name":null,"state":1,"value":0},"DashLenght":5,"DotLenght":1,"SpaceLenght":2,"Style":1},"Style":"Default","ToolTipValue":null,"Visible":true,"Colorizer":null,"Distance":225,"Dock":0,"MaxLimitWrapper":{"__type":"SmartValueWrapper:#PerpetuumSoft.Instrumentation.Model","Kind":0,"Value":0},"MinLimitWrapper":{"__type":"SmartValueWrapper:#PerpetuumSoft.Instrumentation.Model","Kind":0,"Value":0},"OriginWrapper":{"__type":"SmartValueWrapper:#PerpetuumSoft.Instrumentation.Model","Kind":0,"Value":0},"Padding":0,"Divisions":10,"StepWrapper":{"__type":"SmartValueWrapper:#PerpetuumSoft.Instrumentation.Model","Kind":0,"Value":0},"SubDivisions":4,"SubTicksPosition":1,"UseDescreteValues":false,"UseRoundValues":false,"Length":31.25,"SubLength":25}],"Colorizer":null,"Maximum":100,"Minimum":0,"Reverse":false}],"Margins":{},"Center":{"Height":425,"Length":601.04076400856536,"Rotation":0.78539816339744828,"Width":425,"X":425,"Y":425},"Dock":1,"Radius":425,"StartAngle":135,"TotalAngle":270}],"Enabled":true,"Focused":false,"GridStep":50,"IsFixed":false,"MeasureUnit":{},"Parameters":[],"ShowGrid":false,"Size":{"Height":850,"Length":1202.0815280171307,"Rotation":0.78539816339744828,"Width":850,"X":850,"Y":850},"SnapToGrid":true,"Styles":[{"__type":"Style:#PerpetuumSoft.Instrumentation.Styles","Fill":{"__type":"SolidFill:#PerpetuumSoft.Framework.Drawing","Color":{"knownColor":164,"name":null,"state":1,"value":0}},"Font":{"Bold":0,"FamilyName":"Microsoft Sans Serif","Italic":0,"Size":10,"Strikeout":0,"Underline":0},"Image":null,"Name":"Default","Stroke":null},{"__type":"Style:#PerpetuumSoft.Instrumentation.Styles","Fill":{"__type":"SphericalFill:#PerpetuumSoft.Framework.Drawing","Angle":36,"Colors":[{"__type":"GradientColor:#PerpetuumSoft.Framework.Drawing","Color":{"knownColor":0,"name":null,"state":2,"value":4294953105},"Portion":0},{"__type":"GradientColor:#PerpetuumSoft.Framework.Drawing","Color":{"knownColor":0,"name":null,"state":2,"value":4294942012},"Portion":1}],"Delta":0.4,"EndColor":{"knownColor":0,"name":null,"state":2,"value":4294953105},"StartColor":{"knownColor":0,"name":null,"state":2,"value":4294942012}},"Font":{"Bold":0,"FamilyName":"Microsoft Sans Serif","Italic":0,"Size":10,"Strikeout":0,"Underline":0},"Image":null,"Name":"Back","Stroke":null},{"__type":"Style:#PerpetuumSoft.Instrumentation.Styles","Fill":{"__type":"SphericalFill:#PerpetuumSoft.Framework.Drawing","Angle":225,"Colors":[{"__type":"GradientColor:#PerpetuumSoft.Framework.Drawing","Color":{"knownColor":164,"name":null,"state":1,"value":0},"Portion":0},{"__type":"GradientColor:#PerpetuumSoft.Framework.Drawing","Color":{"knownColor":0,"name":null,"state":2,"value":4294934528},"Portion":1}],"Delta":0.4,"EndColor":{"knownColor":164,"name":null,"state":1,"value":0},"StartColor":{"knownColor":0,"name":null,"state":2,"value":4294934528}},"Font":{"Bold":0,"FamilyName":"Microsoft Sans Serif","Italic":0,"Size":10,"Strikeout":0,"Underline":0},"Image":null,"Name":"CenterCircle","Stroke":null},{"__type":"Style:#PerpetuumSoft.Instrumentation.Styles","Fill":{"__type":"SolidFill:#PerpetuumSoft.Framework.Drawing","Color":{"knownColor":35,"name":null,"state":1,"value":0}},"Font":{"Bold":0,"FamilyName":"Microsoft Sans Serif","Italic":0,"Size":10,"Strikeout":0,"Underline":0},"Image":null,"Name":"Needle","Stroke":null},{"__type":"Style:#PerpetuumSoft.Instrumentation.Styles","Fill":{"__type":"SphericalFill:#PerpetuumSoft.Framework.Drawing","Angle":0,"Colors":[{"__type":"GradientColor:#PerpetuumSoft.Framework.Drawing","Color":{"knownColor":0,"name":null,"state":2,"value":4294950009},"Portion":0},{"__type":"GradientColor:#PerpetuumSoft.Framework.Drawing","Color":{"knownColor":0,"name":null,"state":2,"value":4294939947},"Portion":1}],"Delta":0,"EndColor":{"knownColor":0,"name":null,"state":2,"value":4294950009},"StartColor":{"knownColor":0,"name":null,"state":2,"value":4294939947}},"Font":{"Bold":0,"FamilyName":"Microsoft Sans Serif","Italic":0,"Size":10,"Strikeout":0,"Underline":0},"Image":null,"Name":"DownEffectStyle","Stroke":null},{"__type":"Style:#PerpetuumSoft.Instrumentation.Styles","Fill":{"__type":"SphericalFill:#PerpetuumSoft.Framework.Drawing","Angle":48,"Colors":[{"__type":"GradientColor:#PerpetuumSoft.Framework.Drawing","Color":{"knownColor":0,"name":null,"state":2,"value":4294948977},"Portion":0},{"__type":"GradientColor:#PerpetuumSoft.Framework.Drawing","Color":{"knownColor":0,"name":null,"state":2,"value":4294942012},"Portion":1}],"Delta":0.2,"EndColor":{"knownColor":0,"name":null,"state":2,"value":4294948977},"StartColor":{"knownColor":0,"name":null,"state":2,"value":4294942012}},"Font":{"Bold":0,"FamilyName":"Microsoft Sans Serif","Italic":0,"Size":10,"Strikeout":0,"Underline":0},"Image":null,"Name":"MainAreaStyle","Stroke":null},{"__type":"Style:#PerpetuumSoft.Instrumentation.Styles","Fill":{"__type":"SphericalFill:#PerpetuumSoft.Framework.Drawing","Angle":0,"Colors":[{"__type":"GradientColor:#PerpetuumSoft.Framework.Drawing","Color":{"knownColor":0,"name":null,"state":2,"value":4294080768},"Portion":0},{"__type":"GradientColor:#PerpetuumSoft.Framework.Drawing","Color":{"knownColor":0,"name":null,"state":2,"value":4294950784},"Portion":1}],"Delta":0,"EndColor":{"knownColor":0,"name":null,"state":2,"value":4294080768},"StartColor":{"knownColor":0,"name":null,"state":2,"value":4294950784}},"Font":{"Bold":0,"FamilyName":"Microsoft Sans Serif","Italic":0,"Size":10,"Strikeout":0,"Underline":0},"Image":null,"Name":"UpEffectStyle","Stroke":null},{"__type":"Style:#PerpetuumSoft.Instrumentation.Styles","Fill":{"__type":"SolidFill:#PerpetuumSoft.Framework.Drawing","Color":{"knownColor":35,"name":null,"state":1,"value":0}},"Font":{"Bold":0,"FamilyName":"Microsoft Sans Serif","Italic":0,"Size":10,"Strikeout":0,"Underline":0},"Image":null,"Name":"NeedleCircleStyle","Stroke":null}]}