{"Active":true,"BreakEventsBubbling":false,"CssClass":{},"Fill":null,"JSBindingsText":null,"Name":"Instrument","RecalculateAll":false,"Smooth":true,"Stroke":{"__type":"SimpleStroke:#PerpetuumSoft.Framework.Drawing","Width":5,"Color":{"knownColor":35,"name":null,"state":1,"value":0},"DashLenght":5,"DotLenght":1,"SpaceLenght":2,"Style":1},"Style":"Default","ToolTipValue":null,"Visible":true,"Elements":[{"__type":"Circle:#PerpetuumSoft.Instrumentation.Model","Active":true,"BreakEventsBubbling":false,"CssClass":{},"Fill":{"__type":"SphericalFill:#PerpetuumSoft.Framework.Drawing","Angle":0,"Colors":[{"__type":"GradientColor:#PerpetuumSoft.Framework.Drawing","Color":{"knownColor":0,"name":null,"state":2,"value":4294934528},"Portion":0},{"__type":"GradientColor:#PerpetuumSoft.Framework.Drawing","Color":{"knownColor":0,"name":null,"state":2,"value":4294959373},"Portion":1}],"Delta":0,"EndColor":{"knownColor":0,"name":null,"state":2,"value":4294934528},"StartColor":{"knownColor":0,"name":null,"state":2,"value":4294959373}},"JSBindingsText":"this.setCenter(this.getInstrument().getByName('Joint1') .getCenter());\u000a","Name":"Circle5","RecalculateAll":false,"Smooth":true,"Stroke":{"__type":"EmptyStroke:#PerpetuumSoft.Framework.Drawing","Width":0},"Style":"Default","ToolTipValue":null,"Visible":true,"Center":{"Height":400,"Length":565.685424949238,"Rotation":0.78539816339744828,"Width":400,"X":400,"Y":400},"Radius":350},{"__type":"Joint:#PerpetuumSoft.Instrumentation.Model","Active":true,"BreakEventsBubbling":false,"CssClass":{},"Fill":null,"JSBindingsText":null,"Name":"Joint1","RecalculateAll":false,"Smooth":true,"Stroke":null,"Style":"","ToolTipValue":null,"Visible":true,"Elements":[{"__type":"Scale:#PerpetuumSoft.Instrumentation.Model","Active":true,"BreakEventsBubbling":false,"CssClass":{},"Fill":null,"JSBindingsText":null,"Name":"Scale1","RecalculateAll":false,"Smooth":true,"Stroke":null,"Style":"","ToolTipValue":null,"Visible":true,"Elements":[{"__type":"Slider:#PerpetuumSoft.Instrumentation.Model","Active":true,"BreakEventsBubbling":false,"CssClass":{},"Fill":null,"JSBindingsText":null,"Name":"Slider1","RecalculateAll":false,"Smooth":true,"Stroke":null,"Style":"","ToolTipValue":null,"Visible":true,"Elements":[{"__type":"Circle:#PerpetuumSoft.Instrumentation.Model","Active":true,"BreakEventsBubbling":false,"CssClass":{},"Fill":{"__type":"MultiGradientFill:#PerpetuumSoft.Framework.Drawing","Angle":45,"Colors":[{"__type":"GradientColor:#PerpetuumSoft.Framework.Drawing","Color":{"knownColor":0,"name":null,"state":2,"value":4294886657},"Portion":0},{"__type":"GradientColor:#PerpetuumSoft.Framework.Drawing","Color":{"knownColor":0,"name":null,"state":2,"value":4289299201},"Portion":0.75883838383838387},{"__type":"GradientColor:#PerpetuumSoft.Framework.Drawing","Color":{"knownColor":35,"name":null,"state":1,"value":0},"Portion":0.99242424242424243}]},"JSBindingsText":"this.setCenter(this.getInstrument().getByName('Joint1') .getCenter());\u000athis.setRadius(((this.getInstrument().getByName('Joint1') .getRadius()-53.125)*0.71));\u000a","Name":"Circle4","RecalculateAll":false,"Smooth":true,"Stroke":null,"Style":"BasicCircle","ToolTipValue":null,"Visible":true,"Center":{"Height":400,"Length":565.685424949238,"Rotation":0.78539816339744828,"Width":400,"X":400,"Y":400},"Radius":246.28125},{"__type":"Circle:#PerpetuumSoft.Instrumentation.Model","Active":true,"BreakEventsBubbling":false,"CssClass":{},"Fill":{"__type":"SphericalFill:#PerpetuumSoft.Framework.Drawing","Angle":225,"Colors":[{"__type":"GradientColor:#PerpetuumSoft.Framework.Drawing","Color":{"knownColor":0,"name":null,"state":2,"value":4282795590},"Portion":0},{"__type":"GradientColor:#PerpetuumSoft.Framework.Drawing","Color":{"knownColor":0,"name":null,"state":2,"value":4280163870},"Portion":1}],"Delta":0.4,"EndColor":{"knownColor":0,"name":null,"state":2,"value":4282795590},"StartColor":{"knownColor":0,"name":null,"state":2,"value":4280163870}},"JSBindingsText":"this.setCenter(this.getInstrument().getByName('Joint1') .getCenter());\u000athis.setRadius(((this.getInstrument().getByName('Joint1') .getRadius()-53.125)*0.348));\u000a","Name":"Circle3","RecalculateAll":false,"Smooth":true,"Stroke":null,"Style":"BackCircle","ToolTipValue":null,"Visible":true,"Center":{"Height":400,"Length":565.685424949238,"Rotation":0.78539816339744828,"Width":400,"X":400,"Y":400},"Radius":120.71249999999999},{"__type":"RingSector:#PerpetuumSoft.Instrumentation.Model","Active":true,"BreakEventsBubbling":false,"CssClass":{},"Fill":{"__type":"SphericalFill:#PerpetuumSoft.Framework.Drawing","Angle":0,"Colors":[{"__type":"GradientColor:#PerpetuumSoft.Framework.Drawing","Color":{"knownColor":0,"name":null,"state":2,"value":4287006342},"Portion":0},{"__type":"GradientColor:#PerpetuumSoft.Framework.Drawing","Color":{"knownColor":0,"name":null,"state":2,"value":4280163870},"Portion":1}],"Delta":0,"EndColor":{"knownColor":0,"name":null,"state":2,"value":4287006342},"StartColor":{"knownColor":0,"name":null,"state":2,"value":4280163870}},"JSBindingsText":"this.setCenter(this.getInstrument().getByName('Slider1').getPosition(0));\u000athis.setSize(new PerfectWidgets.Framework.DataObjects.Vector((((this.getInstrument().getByName('Joint1').getRadius()-53.125)*0.78)*2),(((this.getInstrument().getByName('Joint1').getRadius()-53.125)*0.78)*2)));\u000athis.setStartAngle(this.getInstrument().getByName('Joint1').getStartAngle());\u000athis.setSweepAngle(this.getInstrument().getByName('Joint1').getTotalAngle());\u000a","Name":"RingSector1","RecalculateAll":false,"Smooth":true,"Stroke":{"__type":"EmptyStroke:#PerpetuumSoft.Framework.Drawing","Width":0},"Style":"Pointer","ToolTipValue":null,"Visible":true,"Center":{"Height":400,"Length":565.685424949238,"Rotation":0.78539816339744828,"Width":400,"X":400,"Y":400},"Size":{"Height":541.125,"Length":765.266313939141,"Rotation":0.78539816339744828,"Width":541.125,"X":541.125,"Y":541.125},"Angle":0,"StartAngle":135,"SweepAngle":270,"InternalRadius":0.92238372093023258},{"__type":"Circle:#PerpetuumSoft.Instrumentation.Model","Active":true,"BreakEventsBubbling":false,"CssClass":{},"Fill":{"__type":"SphericalFill:#PerpetuumSoft.Framework.Drawing","Angle":45,"Colors":[{"__type":"GradientColor:#PerpetuumSoft.Framework.Drawing","Color":{"knownColor":0,"name":null,"state":2,"value":4281479730},"Portion":0},{"__type":"GradientColor:#PerpetuumSoft.Framework.Drawing","Color":{"knownColor":0,"name":null,"state":2,"value":4280163870},"Portion":1}],"Delta":0.5,"EndColor":{"knownColor":0,"name":null,"state":2,"value":4281479730},"StartColor":{"knownColor":0,"name":null,"state":2,"value":4280163870}},"JSBindingsText":"this.setCenter(this.getInstrument().getByName('Joint1') .getCenter());\u000athis.setRadius(((this.getInstrument().getByName('Joint1') .getRadius()-53.125)*0.262));\u000a","Name":"Circle2","RecalculateAll":false,"Smooth":true,"Stroke":null,"Style":"InvBackCircle","ToolTipValue":null,"Visible":true,"Center":{"Height":400,"Length":565.685424949238,"Rotation":0.78539816339744828,"Width":400,"X":400,"Y":400},"Radius":90.881250000000009},{"__type":"Circle:#PerpetuumSoft.Instrumentation.Model","Active":true,"BreakEventsBubbling":false,"CssClass":{},"Fill":{"__type":"SphericalFill:#PerpetuumSoft.Framework.Drawing","Angle":225,"Colors":[{"__type":"GradientColor:#PerpetuumSoft.Framework.Drawing","Color":{"knownColor":0,"name":null,"state":2,"value":4282795590},"Portion":0},{"__type":"GradientColor:#PerpetuumSoft.Framework.Drawing","Color":{"knownColor":0,"name":null,"state":2,"value":4280163870},"Portion":1}],"Delta":0.4,"EndColor":{"knownColor":0,"name":null,"state":2,"value":4282795590},"StartColor":{"knownColor":0,"name":null,"state":2,"value":4280163870}},"JSBindingsText":"this.setCenter(this.getInstrument().getByName('Joint1') .getCenter());\u000athis.setRadius(((this.getInstrument().getByName('Joint1') .getRadius()-53.125)*0.215));\u000a","Name":"Circle1","RecalculateAll":false,"Smooth":true,"Stroke":null,"Style":"BackCircle","ToolTipValue":null,"Visible":true,"Center":{"Height":400,"Length":565.685424949238,"Rotation":0.78539816339744828,"Width":400,"X":400,"Y":400},"Radius":74.578125},{"__type":"Highlight:#PerpetuumSoft.Instrumentation.Model","Active":true,"BreakEventsBubbling":false,"CssClass":{},"Fill":{"__type":"SolidFill:#PerpetuumSoft.Framework.Drawing","Color":{"knownColor":0,"name":null,"state":2,"value":1526529276}},"JSBindingsText":"this.setCenter(this.getInstrument().getByName('Joint1').getCenter());\u000athis.setRadius(((this.getInstrument().getByName('Joint1').getRadius()-53.125)*0.65));\u000a","Name":"Highlight2","RecalculateAll":false,"Smooth":true,"Stroke":{"__type":"EmptyStroke:#PerpetuumSoft.Framework.Drawing","Width":0},"Style":"","ToolTipValue":null,"Visible":true,"Angle":180,"Center":{"Height":400,"Length":565.685424949238,"Rotation":0.78539816339744828,"Width":400,"X":400,"Y":400},"Radius":225.46875,"K":1,"SweepAngle":90},{"__type":"Needle:#PerpetuumSoft.Instrumentation.Model","Active":true,"BreakEventsBubbling":false,"CssClass":{},"Fill":{"__type":"SolidFill:#PerpetuumSoft.Framework.Drawing","Color":{"knownColor":35,"name":null,"state":1,"value":0}},"JSBindingsText":"this.setStartPoint(this.getInstrument().getByName(\"Slider1\").getPosition((-(this.getInstrument().getByName('Joint1').getRadius()-53.125)*0.48)));\u000athis.setEndPoint(this.getInstrument().getByName(\"Slider1\").getPosition(((this.getInstrument().getByName('Joint1').getRadius()-53.125)*0.68)));\u000a","Name":"Needle1","RecalculateAll":false,"Smooth":true,"Stroke":null,"Style":"","ToolTipValue":null,"Visible":true,"EndPoint":{"Height":566.78881201237687,"Length":612.89233607951076,"Rotation":1.1804494461552428,"Width":233.21118798762311,"X":233.21118798762311,"Y":566.78881201237687},"StartPoint":{"Height":282.26672093243985,"Length":589.67978598558045,"Rotation":0.49914834432068944,"Width":517.73327906756015,"X":517.73327906756015,"Y":282.26672093243985},"EndWidth":0,"NeedlePoints":[{"__type":"NeedlePoint:#PerpetuumSoft.Instrumentation.Model","Portion":0.8,"Width":68.75}],"ShowMode":0,"StartWidth":68.75},{"__type":"Needle:#PerpetuumSoft.Instrumentation.Model","Active":true,"BreakEventsBubbling":false,"CssClass":{},"Fill":{"__type":"SolidFill:#PerpetuumSoft.Framework.Drawing","Color":{"knownColor":0,"name":null,"state":2,"value":4278210461}},"JSBindingsText":"this.setEndPoint(this.getInstrument().getByName(\"Slider1\").getPosition(((this.getInstrument().getByName('Joint1').getRadius()-53.125)*0.45)));\u000athis.setStartPoint(this.getInstrument().getByName(\"Slider1\").getPosition(0));\u000athis.setStyle(this.getInstrument().getByName('Slider1').getPressed()?\u000d\u000a                    \"LedPressed\"           \u000d\u000a                   :\"Led\"\u000d\u000a            );\u000a","Name":"Needle2","RecalculateAll":false,"Smooth":true,"Stroke":null,"Style":"Led","ToolTipValue":null,"Visible":true,"EndPoint":{"Height":510.37494912583765,"Length":586.82642986581857,"Rotation":1.0546356333261711,"Width":289.62505087416235,"X":289.62505087416235,"Y":510.37494912583765},"StartPoint":{"Height":400,"Length":565.685424949238,"Rotation":0.78539816339744828,"Width":400,"X":400,"Y":400},"EndWidth":25,"NeedlePoints":[],"ShowMode":0,"StartWidth":25},{"__type":"Highlight:#PerpetuumSoft.Instrumentation.Model","Active":true,"BreakEventsBubbling":false,"CssClass":{},"Fill":{"__type":"SolidFill:#PerpetuumSoft.Framework.Drawing","Color":{"knownColor":0,"name":null,"state":2,"value":1526529276}},"JSBindingsText":"this.setCenter(this.getInstrument().getByName('Joint1').getCenter());\u000athis.setRadius(((this.getInstrument().getByName('Joint1').getRadius()-53.125)*0.954));\u000a","Name":"Highlight1","RecalculateAll":true,"Smooth":true,"Stroke":{"__type":"EmptyStroke:#PerpetuumSoft.Framework.Drawing","Width":0},"Style":"","ToolTipValue":null,"Visible":true,"Angle":180,"Center":{"Height":400,"Length":565.685424949238,"Rotation":0.78539816339744828,"Width":400,"X":400,"Y":400},"Radius":330.91875,"K":0.3,"SweepAngle":90}],"MaxLimit":{"Kind":0,"Value":0},"MinLimit":{"Kind":0,"Value":0},"Step":1,"Value":1},{"__type":"Ticks:#PerpetuumSoft.Instrumentation.Model","Active":true,"BreakEventsBubbling":false,"CssClass":{},"Fill":null,"JSBindingsText":"this.setDistance(((this.getInstrument().getByName('Joint1').getRadius()-53.125)*0.71));\u000athis.setLength(((this.getInstrument().getByName('Joint1').getRadius()-53.125)*0.07));\u000a","Name":"Ticks1","RecalculateAll":false,"Smooth":true,"Stroke":{"__type":"SimpleStroke:#PerpetuumSoft.Framework.Drawing","Width":5,"Color":{"knownColor":0,"name":null,"state":2,"value":4278223103},"DashLenght":5,"DotLenght":1,"SpaceLenght":2,"Style":1},"Style":"Default","ToolTipValue":null,"Visible":true,"Colorizer":null,"Distance":246.28125,"Dock":0,"MaxLimitWrapper":{"__type":"SmartValueWrapper:#PerpetuumSoft.Instrumentation.Model","Kind":0,"Value":0},"MinLimitWrapper":{"__type":"SmartValueWrapper:#PerpetuumSoft.Instrumentation.Model","Kind":0,"Value":0},"OriginWrapper":{"__type":"SmartValueWrapper:#PerpetuumSoft.Instrumentation.Model","Kind":0,"Value":0},"Padding":0,"Divisions":4,"StepWrapper":{"__type":"SmartValueWrapper:#PerpetuumSoft.Instrumentation.Model","Kind":0,"Value":0},"SubDivisions":1,"SubTicksPosition":0,"UseDescreteValues":false,"UseRoundValues":false,"Length":24.281250000000004,"SubLength":5},{"__type":"NumericLabels:#PerpetuumSoft.Instrumentation.Model","Active":true,"BreakEventsBubbling":false,"CssClass":{},"Fill":null,"JSBindingsText":"this.setDistance(((this.getInstrument().getByName('Joint1').getRadius()-53.125)*0.86));\u000a","Name":"NumericLabels1","RecalculateAll":false,"Smooth":true,"Stroke":null,"Style":"","ToolTipValue":null,"Visible":true,"Colorizer":{"__type":"SingleColorColorizer:#PerpetuumSoft.Instrumentation.Model.Drawing","Color":{"knownColor":164,"name":null,"state":1,"value":0}},"Distance":298.3125,"Dock":0,"MaxLimitWrapper":{"__type":"SmartValueWrapper:#PerpetuumSoft.Instrumentation.Model","Kind":0,"Value":0},"MinLimitWrapper":{"__type":"SmartValueWrapper:#PerpetuumSoft.Instrumentation.Model","Kind":0,"Value":0},"OriginWrapper":{"__type":"SmartValueWrapper:#PerpetuumSoft.Instrumentation.Model","Kind":0,"Value":0},"Padding":0,"Font":{"Bold":0,"FamilyName":"Microsoft Sans Serif","Italic":0,"Size":10,"Strikeout":0,"Underline":0},"Format":{"CurrencyNegativePattern":0,"CurrencyPositivePattern":0,"CurrencySymbol":"$","DateSeparator":".","DecimalPlaces":2,"DecimalSeparator":".","FormatMask":"","FormatStyle":0,"GroupSeparator":" ","NumberNegativePattern":0,"PercentNegativePattern":0,"PercentPositivePattern":0,"UseCultureSettings":true,"UseGroupSeparator":true},"Formula":"","ItemMargins":{},"OddLabelsDistance":0,"Position":1,"ShowSuperposableLabels":true,"TextAlignment":1,"TextAngle":90,"TextRotationMode":1,"Divisions":4,"StepWrapper":{"__type":"SmartValueWrapper:#PerpetuumSoft.Instrumentation.Model","Kind":0,"Value":0},"UseRoundValues":false}],"Colorizer":null,"Maximum":50,"Minimum":1,"Reverse":false}],"Margins":{},"Center":{"Height":400,"Length":565.685424949238,"Rotation":0.78539816339744828,"Width":400,"X":400,"Y":400},"Dock":1,"Radius":400,"StartAngle":135,"TotalAngle":270}],"Enabled":true,"Focused":false,"GridStep":50,"IsFixed":false,"MeasureUnit":{},"Parameters":[],"ShowGrid":false,"Size":{"Height":800,"Length":1131.3708498984761,"Rotation":0.78539816339744828,"Width":800,"X":800,"Y":800},"SnapToGrid":true,"Styles":[{"__type":"Style:#PerpetuumSoft.Instrumentation.Styles","Fill":null,"Font":{"Bold":0,"FamilyName":"Microsoft Sans Serif","Italic":0,"Size":10,"Strikeout":0,"Underline":0},"Image":null,"Name":"Default","Stroke":{"__type":"SimpleStroke:#PerpetuumSoft.Framework.Drawing","Width":5,"Color":{"knownColor":35,"name":null,"state":1,"value":0},"DashLenght":5,"DotLenght":1,"SpaceLenght":2,"Style":1}},{"__type":"Style:#PerpetuumSoft.Instrumentation.Styles","Fill":{"__type":"SphericalFill:#PerpetuumSoft.Framework.Drawing","Angle":225,"Colors":[{"__type":"GradientColor:#PerpetuumSoft.Framework.Drawing","Color":{"knownColor":0,"name":null,"state":2,"value":4282795590},"Portion":0},{"__type":"GradientColor:#PerpetuumSoft.Framework.Drawing","Color":{"knownColor":0,"name":null,"state":2,"value":4280163870},"Portion":1}],"Delta":0.4,"EndColor":{"knownColor":0,"name":null,"state":2,"value":4282795590},"StartColor":{"knownColor":0,"name":null,"state":2,"value":4280163870}},"Font":{"Bold":0,"FamilyName":"Microsoft Sans Serif","Italic":0,"Size":10,"Strikeout":0,"Underline":0},"Image":null,"Name":"BackCircle","Stroke":null},{"__type":"Style:#PerpetuumSoft.Instrumentation.Styles","Fill":{"__type":"SolidFill:#PerpetuumSoft.Framework.Drawing","Color":{"knownColor":35,"name":null,"state":1,"value":0}},"Font":{"Bold":0,"FamilyName":"Microsoft Sans Serif","Italic":0,"Size":10,"Strikeout":0,"Underline":0},"Image":null,"Name":"Pointer","Stroke":{"__type":"SimpleStroke:#PerpetuumSoft.Framework.Drawing","Width":1,"Color":{"knownColor":68,"name":null,"state":1,"value":0},"DashLenght":5,"DotLenght":1,"SpaceLenght":2,"Style":1}},{"__type":"Style:#PerpetuumSoft.Instrumentation.Styles","Fill":{"__type":"SolidFill:#PerpetuumSoft.Framework.Drawing","Color":{"knownColor":0,"name":null,"state":2,"value":4278210461}},"Font":{"Bold":0,"FamilyName":"Microsoft Sans Serif","Italic":0,"Size":10,"Strikeout":0,"Underline":0},"Image":null,"Name":"Led","Stroke":null},{"__type":"Style:#PerpetuumSoft.Instrumentation.Styles","Fill":{"__type":"SolidFill:#PerpetuumSoft.Framework.Drawing","Color":{"knownColor":0,"name":null,"state":2,"value":4278223103}},"Font":{"Bold":0,"FamilyName":"Microsoft Sans Serif","Italic":0,"Size":10,"Strikeout":0,"Underline":0},"Image":null,"Name":"LedPressed","Stroke":null},{"__type":"Style:#PerpetuumSoft.Instrumentation.Styles","Fill":{"__type":"SolidFill:#PerpetuumSoft.Framework.Drawing","Color":{"knownColor":35,"name":null,"state":1,"value":0}},"Font":{"Bold":0,"FamilyName":"Microsoft Sans Serif","Italic":0,"Size":10,"Strikeout":0,"Underline":0},"Image":null,"Name":"PointerHot","Stroke":{"__type":"SimpleStroke:#PerpetuumSoft.Framework.Drawing","Width":3,"Color":{"knownColor":0,"name":null,"state":2,"value":4278223103},"DashLenght":5,"DotLenght":1,"SpaceLenght":2,"Style":1}},{"__type":"Style:#PerpetuumSoft.Instrumentation.Styles","Fill":{"__type":"SphericalFill:#PerpetuumSoft.Framework.Drawing","Angle":45,"Colors":[{"__type":"GradientColor:#PerpetuumSoft.Framework.Drawing","Color":{"knownColor":0,"name":null,"state":2,"value":4281479730},"Portion":0},{"__type":"GradientColor:#PerpetuumSoft.Framework.Drawing","Color":{"knownColor":0,"name":null,"state":2,"value":4280163870},"Portion":1}],"Delta":0.5,"EndColor":{"knownColor":0,"name":null,"state":2,"value":4281479730},"StartColor":{"knownColor":0,"name":null,"state":2,"value":4280163870}},"Font":{"Bold":0,"FamilyName":"Microsoft Sans Serif","Italic":0,"Size":10,"Strikeout":0,"Underline":0},"Image":null,"Name":"InvBackCircle","Stroke":null},{"__type":"Style:#PerpetuumSoft.Instrumentation.Styles","Fill":{"__type":"MultiGradientFill:#PerpetuumSoft.Framework.Drawing","Angle":45,"Colors":[{"__type":"GradientColor:#PerpetuumSoft.Framework.Drawing","Color":{"knownColor":0,"name":null,"state":2,"value":4294886657},"Portion":0},{"__type":"GradientColor:#PerpetuumSoft.Framework.Drawing","Color":{"knownColor":0,"name":null,"state":2,"value":4289299201},"Portion":0.63888888888888884},{"__type":"GradientColor:#PerpetuumSoft.Framework.Drawing","Color":{"knownColor":35,"name":null,"state":1,"value":0},"Portion":1}]},"Font":{"Bold":0,"FamilyName":"Microsoft Sans Serif","Italic":0,"Size":10,"Strikeout":0,"Underline":0},"Image":null,"Name":"BasicCircle","Stroke":null}]}