{"Active":true,"BreakEventsBubbling":false,"CssClass":{},"Fill":null,"JSBindingsText":null,"Name":"Instrument","RecalculateAll":false,"Smooth":true,"Stroke":null,"Style":"","ToolTipValue":null,"Visible":true,"Elements":[{"__type":"Joint:#PerpetuumSoft.Instrumentation.Model","Active":true,"BreakEventsBubbling":false,"CssClass":{},"Fill":null,"JSBindingsText":null,"Name":"Joint1","RecalculateAll":false,"Smooth":true,"Stroke":null,"Style":"","ToolTipValue":null,"Visible":true,"Elements":[{"__type":"Scale:#PerpetuumSoft.Instrumentation.Model","Active":true,"BreakEventsBubbling":false,"CssClass":{},"Fill":null,"JSBindingsText":null,"Name":"Scale1","RecalculateAll":false,"Smooth":true,"Stroke":null,"Style":"","ToolTipValue":null,"Visible":true,"Elements":[{"__type":"Slider:#PerpetuumSoft.Instrumentation.Model","Active":true,"BreakEventsBubbling":false,"CssClass":{},"Fill":null,"JSBindingsText":null,"Name":"Slider1","RecalculateAll":false,"Smooth":true,"Stroke":null,"Style":"","ToolTipValue":null,"Visible":true,"Elements":[{"__type":"RingSector:#PerpetuumSoft.Instrumentation.Model","Active":true,"BreakEventsBubbling":false,"CssClass":{},"Fill":{"__type":"LinearGradientFill:#PerpetuumSoft.Framework.Drawing","Angle":0,"Colors":[{"__type":"GradientColor:#PerpetuumSoft.Framework.Drawing","Color":{"knownColor":35,"name":null,"state":1,"value":0},"Portion":0},{"__type":"GradientColor:#PerpetuumSoft.Framework.Drawing","Color":{"knownColor":164,"name":null,"state":1,"value":0},"Portion":1}],"EndColor":{"knownColor":164,"name":null,"state":1,"value":0},"StartColor":{"knownColor":35,"name":null,"state":1,"value":0}},"JSBindingsText":null,"Name":"RingSector1","RecalculateAll":false,"Smooth":true,"Stroke":null,"Style":"Inactive","ToolTipValue":null,"Visible":true,"Center":{"Height":250,"Length":371.65171868296261,"Rotation":0.73781506012046494,"Width":275,"X":275,"Y":250},"Size":{"Height":500,"Length":707.10678118654755,"Rotation":0.78539816339744828,"Width":500,"X":500,"Y":500},"Angle":0,"StartAngle":90,"SweepAngle":359.9,"InternalRadius":0.5},{"__type":"RingSector:#PerpetuumSoft.Instrumentation.Model","Active":true,"BreakEventsBubbling":false,"CssClass":{},"Fill":{"__type":"SphericalFill:#PerpetuumSoft.Framework.Drawing","Angle":225,"Colors":[{"__type":"GradientColor:#PerpetuumSoft.Framework.Drawing","Color":{"knownColor":141,"name":null,"state":1,"value":0},"Portion":0},{"__type":"GradientColor:#PerpetuumSoft.Framework.Drawing","Color":{"knownColor":59,"name":null,"state":1,"value":0},"Portion":1}],"Delta":0.6,"EndColor":{"knownColor":141,"name":null,"state":1,"value":0},"StartColor":{"knownColor":59,"name":null,"state":1,"value":0}},"JSBindingsText":"this.setCenter(this.getInstrument().getByName('Slider1').getPosition(0));\u000athis.setSize(new PerfectWidgets.Framework.DataObjects.Vector((this.getInstrument().getByName('Joint1').getRadius()*2),(this.getInstrument().getByName('Joint1').getRadius()*2)));\u000athis.setSweepAngle((this.getInstrument().getByName('Scale1').valueToPercent(this.getInstrument().getByName('Slider1').getAnimationValue())*360));\u000athis.setVisible((this.getInstrument().getByName('Slider1').getAnimationValue()>=0));\u000a","Name":"RingSector2","RecalculateAll":false,"Smooth":true,"Stroke":null,"Style":"Active","ToolTipValue":null,"Visible":true,"Center":{"Height":250,"Length":371.65171868296261,"Rotation":0.73781506012046494,"Width":275,"X":275,"Y":250},"Size":{"Height":500,"Length":707.10678118654755,"Rotation":0.78539816339744828,"Width":500,"X":500,"Y":500},"Angle":0,"StartAngle":90,"SweepAngle":187.2,"InternalRadius":0.5},{"__type":"Label:#PerpetuumSoft.Instrumentation.Model","Active":true,"BreakEventsBubbling":false,"CssClass":{},"Fill":{"__type":"SolidFill:#PerpetuumSoft.Framework.Drawing","Color":{"knownColor":35,"name":null,"state":1,"value":0}},"JSBindingsText":"this.setText(((\"\"+this.getInstrument().getByName('Slider1').getAnimationValue())+\"%\"));\u000athis.setCenter(this.getInstrument().getByName('Joint1').getCenter());\u000a","Name":"Label1","RecalculateAll":false,"Smooth":false,"Stroke":null,"Style":"","ToolTipValue":null,"Visible":true,"Center":{"Height":250,"Length":371.65171868296261,"Rotation":0.73781506012046494,"Width":275,"X":275,"Y":250},"Size":{"Height":150,"Length":335.41019662496848,"Rotation":0.46364760900080609,"Width":300,"X":300,"Y":150},"Angle":0,"Font":{"Bold":0,"FamilyName":"Microsoft Sans Serif","Italic":0,"Size":16,"Strikeout":0,"Underline":0},"Margins":{},"Text":"52%","TextAlign":32},{"__type":"Highlight:#PerpetuumSoft.Instrumentation.Model","Active":true,"BreakEventsBubbling":false,"CssClass":{},"Fill":{"__type":"SolidFill:#PerpetuumSoft.Framework.Drawing","Color":{"knownColor":0,"name":null,"state":2,"value":1526726655}},"JSBindingsText":"this.setCenter(this.getInstrument().getByName('Joint1').getCenter());\u000athis.setRadius((this.getInstrument().getByName('Joint1').getRadius()*0.95));\u000a","Name":"Highlight1","RecalculateAll":false,"Smooth":true,"Stroke":{"__type":"EmptyStroke:#PerpetuumSoft.Framework.Drawing","Width":0},"Style":"","ToolTipValue":null,"Visible":true,"Angle":180,"Center":{"Height":250,"Length":371.65171868296261,"Rotation":0.73781506012046494,"Width":275,"X":275,"Y":250},"Radius":237.5,"K":0.5,"SweepAngle":90}],"MaxLimit":{"Kind":0,"Value":0},"MinLimit":{"Kind":0,"Value":0},"Step":1,"Value":52}],"Colorizer":null,"Maximum":100,"Minimum":0,"Reverse":false}],"Margins":{},"Center":{"Height":250,"Length":371.65171868296261,"Rotation":0.73781506012046494,"Width":275,"X":275,"Y":250},"Dock":1,"Radius":250,"StartAngle":90,"TotalAngle":360}],"Enabled":true,"Focused":false,"GridStep":50,"IsFixed":false,"MeasureUnit":{},"Parameters":[],"ShowGrid":true,"Size":{"Height":500,"Length":743.30343736592522,"Rotation":0.73781506012046494,"Width":550,"X":550,"Y":500},"SnapToGrid":true,"Styles":[{"__type":"Style:#PerpetuumSoft.Instrumentation.Styles","Fill":null,"Font":{"Bold":0,"FamilyName":"Microsoft Sans Serif","Italic":0,"Size":10,"Strikeout":0,"Underline":0},"Image":null,"Name":"Default","Stroke":{"__type":"SimpleStroke:#PerpetuumSoft.Framework.Drawing","Width":1,"Color":{"knownColor":35,"name":null,"state":1,"value":0},"DashLenght":5,"DotLenght":1,"SpaceLenght":2,"Style":1}},{"__type":"Style:#PerpetuumSoft.Instrumentation.Styles","Fill":{"__type":"SphericalFill:#PerpetuumSoft.Framework.Drawing","Angle":225,"Colors":[{"__type":"GradientColor:#PerpetuumSoft.Framework.Drawing","Color":{"knownColor":164,"name":null,"state":1,"value":0},"Portion":0},{"__type":"GradientColor:#PerpetuumSoft.Framework.Drawing","Color":{"knownColor":52,"name":null,"state":1,"value":0},"Portion":1}],"Delta":0.6,"EndColor":{"knownColor":164,"name":null,"state":1,"value":0},"StartColor":{"knownColor":52,"name":null,"state":1,"value":0}},"Font":{"Bold":0,"FamilyName":"Microsoft Sans Serif","Italic":0,"Size":10,"Strikeout":0,"Underline":0},"Image":null,"Name":"Inactive","Stroke":null},{"__type":"Style:#PerpetuumSoft.Instrumentation.Styles","Fill":{"__type":"SphericalFill:#PerpetuumSoft.Framework.Drawing","Angle":225,"Colors":[{"__type":"GradientColor:#PerpetuumSoft.Framework.Drawing","Color":{"knownColor":141,"name":null,"state":1,"value":0},"Portion":0},{"__type":"GradientColor:#PerpetuumSoft.Framework.Drawing","Color":{"knownColor":59,"name":null,"state":1,"value":0},"Portion":1}],"Delta":0.6,"EndColor":{"knownColor":141,"name":null,"state":1,"value":0},"StartColor":{"knownColor":59,"name":null,"state":1,"value":0}},"Font":{"Bold":0,"FamilyName":"Microsoft Sans Serif","Italic":0,"Size":10,"Strikeout":0,"Underline":0},"Image":null,"Name":"Active","Stroke":null}]}