{"Active":true,"BreakEventsBubbling":false,"CssClass":{},"Fill":null,"JSBindingsText":null,"Name":"Instrument","RecalculateAll":false,"Smooth":true,"Stroke":null,"Style":"","ToolTipValue":null,"Visible":true,"Elements":[{"__type":"RoundedRectangle:#PerpetuumSoft.Instrumentation.Model","Active":true,"BreakEventsBubbling":false,"CssClass":{},"Fill":{"__type":"SolidFill:#PerpetuumSoft.Framework.Drawing","Color":{"knownColor":0,"name":null,"state":2,"value":4293256677}},"JSBindingsText":null,"Name":"RoundedRectangle1","RecalculateAll":false,"Smooth":true,"Stroke":{"__type":"SimpleStroke:#PerpetuumSoft.Framework.Drawing","Width":9,"Color":{"knownColor":0,"name":null,"state":2,"value":4287927444},"DashLenght":5,"DotLenght":1,"SpaceLenght":2,"Style":1},"Style":"Default","ToolTipValue":null,"Visible":true,"Center":{"Height":778.125,"Length":830.62711625012582,"Rotation":1.2133466597189304,"Width":290.625,"X":290.625,"Y":778.125},"Size":{"Height":1500,"Length":1581.1388300841898,"Rotation":1.2490457723982544,"Width":500,"X":500,"Y":1500},"Angle":0,"Radius":50},{"__type":"Rectangle:#PerpetuumSoft.Instrumentation.Model","Active":true,"BreakEventsBubbling":false,"CssClass":{},"Fill":{"__type":"SolidFill:#PerpetuumSoft.Framework.Drawing","Color":{"knownColor":0,"name":null,"state":2,"value":4286282619}},"JSBindingsText":null,"Name":"Rectangle1","RecalculateAll":false,"Smooth":true,"Stroke":{"__type":"SimpleStroke:#PerpetuumSoft.Framework.Drawing","Width":10,"Color":{"knownColor":0,"name":null,"state":2,"value":4286874756},"DashLenght":5,"DotLenght":1,"SpaceLenght":2,"Style":1},"Style":"Default","ToolTipValue":null,"Visible":true,"Center":{"Height":778.125,"Length":801.13444954639169,"Rotation":1.3305479973544245,"Width":190.625,"X":190.625,"Y":778.125},"Size":{"Height":1356.25,"Length":1357.689328417956,"Rotation":1.5247459571545157,"Width":62.5,"X":62.5,"Y":1356.25},"Angle":0},{"__type":"Guide:#PerpetuumSoft.Instrumentation.Model","Active":true,"BreakEventsBubbling":false,"CssClass":{},"Fill":null,"JSBindingsText":null,"Name":"Guide1","RecalculateAll":false,"Smooth":true,"Stroke":null,"Style":"","ToolTipValue":null,"Visible":true,"Elements":[{"__type":"Scale:#PerpetuumSoft.Instrumentation.Model","Active":true,"BreakEventsBubbling":false,"CssClass":{},"Fill":null,"JSBindingsText":null,"Name":"Scale1","RecalculateAll":false,"Smooth":true,"Stroke":null,"Style":"","ToolTipValue":null,"Visible":true,"Elements":[{"__type":"Slider:#PerpetuumSoft.Instrumentation.Model","Active":true,"BreakEventsBubbling":false,"CssClass":{},"Fill":null,"JSBindingsText":null,"Name":"Slider1","RecalculateAll":false,"Smooth":true,"Stroke":null,"Style":"","ToolTipValue":null,"Visible":true,"Elements":[{"__type":"LinearLevel:#PerpetuumSoft.Instrumentation.Model","Active":true,"BreakEventsBubbling":false,"CssClass":{},"Fill":{"__type":"SolidFill:#PerpetuumSoft.Framework.Drawing","Color":{"knownColor":0,"name":null,"state":2,"value":4288269823}},"JSBindingsText":"this.setValue(this.getInstrument().getByName('Slider1').getAnimationValue());\u000a","Name":"LinearLevel1","RecalculateAll":false,"Smooth":true,"Stroke":{"__type":"SimpleStroke:#PerpetuumSoft.Framework.Drawing","Width":10,"Color":{"knownColor":0,"name":null,"state":2,"value":4286874756},"DashLenght":5,"DotLenght":1,"SpaceLenght":2,"Style":1},"Style":"Default","ToolTipValue":null,"Visible":true,"Colorizer":null,"Distance":5.6843418860808015E-14,"Dock":0,"MaxLimitWrapper":{"__type":"SmartValueWrapper:#PerpetuumSoft.Instrumentation.Model","Kind":0,"Value":0},"MinLimitWrapper":{"__type":"SmartValueWrapper:#PerpetuumSoft.Instrumentation.Model","Kind":1,"Value":-2},"OriginWrapper":{"__type":"SmartValueWrapper:#PerpetuumSoft.Instrumentation.Model","Kind":0,"Value":0},"Padding":0,"ValueWrapper":{"__type":"SmartValueWrapper:#PerpetuumSoft.Instrumentation.Model","Kind":1,"Value":69.230769230769226},"Colors":[],"Divisions":0,"DivisionsStroke":null,"EndColor":{"knownColor":164,"name":null,"state":1,"value":0},"StartColor":{"knownColor":35,"name":null,"state":1,"value":0},"Effect3D":2,"EndCap":0,"PocketRadius":37.5,"ShowAsThermometer":false,"StartCap":0,"Width":62.5},{"__type":"Rectangle:#PerpetuumSoft.Instrumentation.Model","Active":true,"BreakEventsBubbling":false,"CssClass":{},"Fill":{"__type":"SolidFill:#PerpetuumSoft.Framework.Drawing","Color":{"knownColor":0,"name":null,"state":2,"value":4293256677}},"JSBindingsText":"this.setCenter(this.getInstrument().getByName(\"Slider1\").getPosition(0));\u000a","Name":"Rectangle2","RecalculateAll":false,"Smooth":true,"Stroke":{"__type":"SimpleStroke:#PerpetuumSoft.Framework.Drawing","Width":10,"Color":{"knownColor":0,"name":null,"state":2,"value":4287927444},"DashLenght":5,"DotLenght":1,"SpaceLenght":2,"Style":1},"Style":"Default","ToolTipValue":null,"Visible":true,"Center":{"Height":528.125,"Length":561.47476011838671,"Rotation":1.2244028746036411,"Width":190.62499999999983,"X":190.62499999999983,"Y":528.125},"Size":{"Height":59.375,"Length":144.05538214520138,"Rotation":0.42483216291934245,"Width":131.25,"X":131.25,"Y":59.375},"Angle":0},{"__type":"Label:#PerpetuumSoft.Instrumentation.Model","Active":true,"BreakEventsBubbling":false,"CssClass":{},"Fill":{"__type":"SolidFill:#PerpetuumSoft.Framework.Drawing","Color":{"knownColor":68,"name":null,"state":1,"value":0}},"JSBindingsText":"this.setText(PerfectWidgets.Framework.Utilities.BuiltIn.oldFormat(this.getInstrument().getByName('Slider1').getAnimationValue(),\"0.0\"));\u000athis.setCenter(this.getInstrument().getByName(\"Slider1\").getPosition(0).add(new PerfectWidgets.Framework.DataObjects.Vector(0,5)));\u000a","Name":"Label1","RecalculateAll":false,"Smooth":true,"Stroke":{"__type":"SimpleStroke:#PerpetuumSoft.Framework.Drawing","Width":1,"Color":{"knownColor":35,"name":null,"state":1,"value":0},"DashLenght":5,"DotLenght":1,"SpaceLenght":2,"Style":0},"Style":"Default","ToolTipValue":null,"Visible":true,"Center":{"Height":533.125,"Length":566.1803213199837,"Rotation":1.2274011084525884,"Width":190.62499999999983,"X":190.62499999999983,"Y":533.125},"Size":{"Height":59.375,"Length":144.05538214520138,"Rotation":0.42483216291934245,"Width":131.25,"X":131.25,"Y":59.375},"Angle":0,"Font":{"Bold":1,"FamilyName":"Microsoft Sans Serif","Italic":2,"Size":11.25,"Strikeout":2,"Underline":2},"Margins":{},"Text":"69.2","TextAlign":32}],"MaxLimit":{"Kind":0,"Value":0},"MinLimit":{"Kind":0,"Value":0},"Step":0,"Value":69.230769230769226},{"__type":"Ticks:#PerpetuumSoft.Instrumentation.Model","Active":true,"BreakEventsBubbling":false,"CssClass":{},"Fill":null,"JSBindingsText":null,"Name":"Ticks1","RecalculateAll":false,"Smooth":true,"Stroke":{"__type":"SimpleStroke:#PerpetuumSoft.Framework.Drawing","Width":5,"Color":{"knownColor":35,"name":null,"state":1,"value":0},"DashLenght":5,"DotLenght":1,"SpaceLenght":2,"Style":0},"Style":"Default","ToolTipValue":null,"Visible":true,"Colorizer":{"__type":"SingleColorColorizer:#PerpetuumSoft.Instrumentation.Model.Drawing","Color":{"knownColor":0,"name":null,"state":2,"value":4287927444}},"Distance":62.5,"Dock":0,"MaxLimitWrapper":{"__type":"SmartValueWrapper:#PerpetuumSoft.Instrumentation.Model","Kind":0,"Value":0},"MinLimitWrapper":{"__type":"SmartValueWrapper:#PerpetuumSoft.Instrumentation.Model","Kind":0,"Value":0},"OriginWrapper":{"__type":"SmartValueWrapper:#PerpetuumSoft.Instrumentation.Model","Kind":0,"Value":0},"Padding":0,"Divisions":10,"StepWrapper":{"__type":"SmartValueWrapper:#PerpetuumSoft.Instrumentation.Model","Kind":0,"Value":0},"SubDivisions":5,"SubTicksPosition":0,"UseDescreteValues":false,"UseRoundValues":false,"Length":62.5,"SubLength":46.875},{"__type":"ScaleLabels:#PerpetuumSoft.Instrumentation.Model","Active":true,"BreakEventsBubbling":false,"CssClass":{},"Fill":null,"JSBindingsText":null,"Name":"ScaleLabels1","RecalculateAll":false,"Smooth":true,"Stroke":{"__type":"SimpleStroke:#PerpetuumSoft.Framework.Drawing","Width":1,"Color":{"knownColor":35,"name":null,"state":1,"value":0},"DashLenght":5,"DotLenght":1,"SpaceLenght":2,"Style":0},"Style":"Default","ToolTipValue":null,"Visible":true,"Colorizer":null,"Distance":184.375,"Dock":0,"MaxLimitWrapper":{"__type":"SmartValueWrapper:#PerpetuumSoft.Instrumentation.Model","Kind":0,"Value":0},"MinLimitWrapper":{"__type":"SmartValueWrapper:#PerpetuumSoft.Instrumentation.Model","Kind":0,"Value":0},"OriginWrapper":{"__type":"SmartValueWrapper:#PerpetuumSoft.Instrumentation.Model","Kind":0,"Value":0},"Padding":0,"Font":{"Bold":1,"FamilyName":"Microsoft Sans Serif","Italic":2,"Size":12,"Strikeout":2,"Underline":2},"Format":{"CurrencyNegativePattern":0,"CurrencyPositivePattern":0,"CurrencySymbol":"$","DateSeparator":".","DecimalPlaces":2,"DecimalSeparator":".","FormatMask":"","FormatStyle":0,"GroupSeparator":" ","NumberNegativePattern":0,"PercentNegativePattern":0,"PercentPositivePattern":0,"UseCultureSettings":true,"UseGroupSeparator":true},"Formula":"","ItemMargins":{},"OddLabelsDistance":0,"Position":1,"ShowSuperposableLabels":true,"TextAlignment":1,"TextAngle":0,"TextRotationMode":1,"Divisions":10,"StepWrapper":{"__type":"SmartValueWrapper:#PerpetuumSoft.Instrumentation.Model","Kind":0,"Value":0},"UseRoundValues":false}],"Colorizer":null,"Maximum":100,"Minimum":0,"Reverse":false}],"Margins":{},"Align":0,"EndPoint":{"Height":128.125,"Length":229.68218531266197,"Rotation":0.59177617054150289,"Width":190.625,"X":190.625,"Y":128.125},"GuideDirection":0,"StartPoint":{"Height":1428.125,"Length":1440.7910696037784,"Rotation":1.4381014664212335,"Width":190.625,"X":190.625,"Y":1428.125}}],"Enabled":true,"Focused":false,"GridStep":50,"IsFixed":false,"MeasureUnit":{},"Parameters":[],"ShowGrid":true,"Size":{"Height":1562.5,"Length":1669.3000029952675,"Rotation":1.2111492325594162,"Width":587.5,"X":587.5,"Y":1562.5},"SnapToGrid":false,"Styles":[{"__type":"Style:#PerpetuumSoft.Instrumentation.Styles","Fill":null,"Font":{"Bold":0,"FamilyName":"Microsoft Sans Serif","Italic":0,"Size":10,"Strikeout":0,"Underline":0},"Image":null,"Name":"Default","Stroke":{"__type":"SimpleStroke:#PerpetuumSoft.Framework.Drawing","Width":1,"Color":{"knownColor":35,"name":null,"state":1,"value":0},"DashLenght":5,"DotLenght":1,"SpaceLenght":2,"Style":0}}]}