{"Active":true,"BreakEventsBubbling":false,"CssClass":{},"Fill":null,"JSBindingsText":null,"Name":"Instrument","RecalculateAll":false,"Smooth":true,"Stroke":null,"Style":"","ToolTipValue":null,"Visible":true,"Elements":[{"__type":"RoundedRectangle:#PerpetuumSoft.Instrumentation.Model","Active":true,"BreakEventsBubbling":false,"CssClass":{},"Fill":{"__type":"SolidFill:#PerpetuumSoft.Framework.Drawing","Color":{"knownColor":0,"name":null,"state":2,"value":4293256677}},"JSBindingsText":"this.setCenter(new PerfectWidgets.Framework.DataObjects.Vector((this.getInstrument().getByName('Instrument') .getSize() .getWidth()\/2),(this.getInstrument().getByName('Instrument') .getSize() .getHeight()\/2)));\u000a","Name":"RoundedRectangle1","RecalculateAll":false,"Smooth":true,"Stroke":{"__type":"SimpleStroke:#PerpetuumSoft.Framework.Drawing","Width":6,"Color":{"knownColor":0,"name":null,"state":2,"value":4287795858},"DashLenght":5,"DotLenght":1,"SpaceLenght":2,"Style":1},"Style":"Style1","ToolTipValue":null,"Visible":true,"Center":{"Height":500,"Length":707.10678118654755,"Rotation":0.78539816339744828,"Width":500,"X":500,"Y":500},"Size":{"Height":1000,"Length":1414.2135623730951,"Rotation":0.78539816339744828,"Width":1000,"X":1000,"Y":1000},"Angle":0,"Radius":156.25},{"__type":"Circle:#PerpetuumSoft.Instrumentation.Model","Active":true,"BreakEventsBubbling":false,"CssClass":{},"Fill":null,"JSBindingsText":"this.setCenter(this.getInstrument().getByName('RoundedRectangle1') .getCenter());\u000a","Name":"Circle2","RecalculateAll":false,"Smooth":true,"Stroke":{"__type":"SimpleStroke:#PerpetuumSoft.Framework.Drawing","Width":6,"Color":{"knownColor":0,"name":null,"state":2,"value":4287795858},"DashLenght":5,"DotLenght":1,"SpaceLenght":2,"Style":1},"Style":"Style3","ToolTipValue":null,"Visible":true,"Center":{"Height":500,"Length":707.10678118654755,"Rotation":0.78539816339744828,"Width":500,"X":500,"Y":500},"Radius":462.5},{"__type":"Circle:#PerpetuumSoft.Instrumentation.Model","Active":true,"BreakEventsBubbling":false,"CssClass":{},"Fill":null,"JSBindingsText":"this.setCenter(this.getInstrument().getByName('RoundedRectangle1') .getCenter());\u000a","Name":"Circle1","RecalculateAll":false,"Smooth":true,"Stroke":{"__type":"SimpleStroke:#PerpetuumSoft.Framework.Drawing","Width":6,"Color":{"knownColor":0,"name":null,"state":2,"value":4287795858},"DashLenght":5,"DotLenght":1,"SpaceLenght":2,"Style":1},"Style":"Style3","ToolTipValue":null,"Visible":true,"Center":{"Height":500,"Length":707.10678118654755,"Rotation":0.78539816339744828,"Width":500,"X":500,"Y":500},"Radius":425},{"__type":"Circle:#PerpetuumSoft.Instrumentation.Model","Active":true,"BreakEventsBubbling":false,"CssClass":{},"Fill":{"__type":"SolidFill:#PerpetuumSoft.Framework.Drawing","Color":{"knownColor":0,"name":null,"state":2,"value":4288269823}},"JSBindingsText":"this.setCenter(this.getInstrument().getByName('RoundedRectangle1') .getCenter());\u000athis.setRadius(((this.getInstrument().getByName('Ticks1') .getLength()+this.getInstrument().getByName('Joint1') .getRadius())+6.25));\u000a","Name":"Circle3","RecalculateAll":false,"Smooth":true,"Stroke":null,"Style":"Style2","ToolTipValue":null,"Visible":true,"Center":{"Height":500,"Length":707.10678118654755,"Rotation":0.78539816339744828,"Width":500,"X":500,"Y":500},"Radius":312.5},{"__type":"Circle:#PerpetuumSoft.Instrumentation.Model","Active":true,"BreakEventsBubbling":false,"CssClass":{},"Fill":{"__type":"SolidFill:#PerpetuumSoft.Framework.Drawing","Color":{"knownColor":0,"name":null,"state":2,"value":4293256677}},"JSBindingsText":"this.setCenter(this.getInstrument().getByName('RoundedRectangle1') .getCenter());\u000athis.setRadius((this.getInstrument().getByName('Joint1') .getRadius()-12.5));\u000a","Name":"Circle4","RecalculateAll":false,"Smooth":true,"Stroke":null,"Style":"Style4","ToolTipValue":null,"Visible":true,"Center":{"Height":500,"Length":707.10678118654755,"Rotation":0.78539816339744828,"Width":500,"X":500,"Y":500},"Radius":250},{"__type":"Joint:#PerpetuumSoft.Instrumentation.Model","Active":true,"BreakEventsBubbling":false,"CssClass":{},"Fill":null,"JSBindingsText":"this.setCenter(this.getInstrument().getByName('RoundedRectangle1') .getCenter());\u000a","Name":"Joint1","RecalculateAll":false,"Smooth":true,"Stroke":null,"Style":"","ToolTipValue":null,"Visible":true,"Elements":[{"__type":"Scale:#PerpetuumSoft.Instrumentation.Model","Active":true,"BreakEventsBubbling":false,"CssClass":{},"Fill":null,"JSBindingsText":null,"Name":"Scale1","RecalculateAll":false,"Smooth":true,"Stroke":null,"Style":"","ToolTipValue":null,"Visible":true,"Elements":[{"__type":"Slider:#PerpetuumSoft.Instrumentation.Model","Active":true,"BreakEventsBubbling":false,"CssClass":{},"Fill":null,"JSBindingsText":null,"Name":"Slider1","RecalculateAll":false,"Smooth":true,"Stroke":null,"Style":"","ToolTipValue":null,"Visible":true,"Elements":[{"__type":"Needle:#PerpetuumSoft.Instrumentation.Model","Active":true,"BreakEventsBubbling":false,"CssClass":{},"Fill":{"__type":"SolidFill:#PerpetuumSoft.Framework.Drawing","Color":{"knownColor":0,"name":null,"state":2,"value":4286545791}},"JSBindingsText":"this.setStartPoint(this.getInstrument().getByName(\"Slider1\").getPosition(12.5));\u000athis.setEndPoint(this.getInstrument().getByName(\"Slider1\").getPosition(this.getInstrument().getByName('Joint1') .getRadius()));\u000athis.setStartWidth(((this.getInstrument().getByName('Circle5') .getRadius()*2)-3.125));\u000a","Name":"Needle1","RecalculateAll":false,"Smooth":true,"Stroke":null,"Style":"Style5","ToolTipValue":null,"Visible":true,"EndPoint":{"Height":704.97806247879544,"Length":968.43521335287664,"Rotation":0.815335742920847,"Width":663.98244998303642,"X":663.98244998303642,"Y":704.97806247879544},"StartPoint":{"Height":509.7608601180379,"Length":719.531651987922,"Rotation":0.78731662649615852,"Width":507.80868809443029,"X":507.80868809443029,"Y":509.7608601180379},"EndWidth":0,"NeedlePoints":[],"ShowMode":0,"StartWidth":159.375}],"MaxLimit":{"Kind":0,"Value":0},"MinLimit":{"Kind":0,"Value":0},"Step":0,"Value":97.113397248636645},{"__type":"Ticks:#PerpetuumSoft.Instrumentation.Model","Active":true,"BreakEventsBubbling":false,"CssClass":{},"Fill":null,"JSBindingsText":"this.setDistance(this.getInstrument().getByName('Joint1') .getRadius());\u000a","Name":"Ticks1","RecalculateAll":false,"Smooth":true,"Stroke":{"__type":"SimpleStroke:#PerpetuumSoft.Framework.Drawing","Width":6,"Color":{"knownColor":35,"name":null,"state":1,"value":0},"DashLenght":5,"DotLenght":1,"SpaceLenght":2,"Style":1},"Style":"Default","ToolTipValue":null,"Visible":true,"Colorizer":null,"Distance":262.5,"Dock":0,"MaxLimitWrapper":{"__type":"SmartValueWrapper:#PerpetuumSoft.Instrumentation.Model","Kind":0,"Value":0},"MinLimitWrapper":{"__type":"SmartValueWrapper:#PerpetuumSoft.Instrumentation.Model","Kind":0,"Value":0},"OriginWrapper":{"__type":"SmartValueWrapper:#PerpetuumSoft.Instrumentation.Model","Kind":0,"Value":0},"Padding":0,"Divisions":10,"StepWrapper":{"__type":"SmartValueWrapper:#PerpetuumSoft.Instrumentation.Model","Kind":0,"Value":0},"SubDivisions":5,"SubTicksPosition":0,"UseDescreteValues":false,"UseRoundValues":false,"Length":43.75,"SubLength":31.25},{"__type":"ScaleLabels:#PerpetuumSoft.Instrumentation.Model","Active":true,"BreakEventsBubbling":false,"CssClass":{},"Fill":null,"JSBindingsText":"this.setDistance(((this.getInstrument().getByName('Ticks1') .getLength()+this.getInstrument().getByName('Joint1') .getRadius())+37.5));\u000a","Name":"ScaleLabels1","RecalculateAll":false,"Smooth":true,"Stroke":null,"Style":"Default","ToolTipValue":null,"Visible":true,"Colorizer":null,"Distance":343.75,"Dock":0,"MaxLimitWrapper":{"__type":"SmartValueWrapper:#PerpetuumSoft.Instrumentation.Model","Kind":0,"Value":0},"MinLimitWrapper":{"__type":"SmartValueWrapper:#PerpetuumSoft.Instrumentation.Model","Kind":0,"Value":0},"OriginWrapper":{"__type":"SmartValueWrapper:#PerpetuumSoft.Instrumentation.Model","Kind":0,"Value":0},"Padding":0,"Font":{"Bold":2,"FamilyName":"Arial","Italic":2,"Size":14.25,"Strikeout":2,"Underline":2},"Format":{"CurrencyNegativePattern":0,"CurrencyPositivePattern":0,"CurrencySymbol":"$","DateSeparator":".","DecimalPlaces":2,"DecimalSeparator":".","FormatMask":"","FormatStyle":0,"GroupSeparator":" ","NumberNegativePattern":0,"PercentNegativePattern":0,"PercentPositivePattern":0,"UseCultureSettings":true,"UseGroupSeparator":true},"Formula":"","ItemMargins":{},"OddLabelsDistance":0,"Position":1,"ShowSuperposableLabels":true,"TextAlignment":1,"TextAngle":90,"TextRotationMode":1,"Divisions":10,"StepWrapper":{"__type":"SmartValueWrapper:#PerpetuumSoft.Instrumentation.Model","Kind":0,"Value":0},"UseRoundValues":false}],"Colorizer":null,"Maximum":100,"Minimum":0,"Reverse":false}],"Margins":{},"Center":{"Height":500,"Length":707.10678118654755,"Rotation":0.78539816339744828,"Width":500,"X":500,"Y":500},"Dock":0,"Radius":262.5,"StartAngle":120,"TotalAngle":300},{"__type":"Circle:#PerpetuumSoft.Instrumentation.Model","Active":true,"BreakEventsBubbling":false,"CssClass":{},"Fill":{"__type":"SolidFill:#PerpetuumSoft.Framework.Drawing","Color":{"knownColor":0,"name":null,"state":2,"value":4286545791}},"JSBindingsText":"this.setCenter(this.getInstrument().getByName('RoundedRectangle1') .getCenter());\u000a","Name":"Circle5","RecalculateAll":false,"Smooth":true,"Stroke":null,"Style":"Style5","ToolTipValue":null,"Visible":true,"Center":{"Height":500,"Length":707.10678118654755,"Rotation":0.78539816339744828,"Width":500,"X":500,"Y":500},"Radius":81.25},{"__type":"Circle:#PerpetuumSoft.Instrumentation.Model","Active":true,"BreakEventsBubbling":false,"CssClass":{},"Fill":{"__type":"SolidFill:#PerpetuumSoft.Framework.Drawing","Color":{"knownColor":0,"name":null,"state":2,"value":4293256677}},"JSBindingsText":"this.setCenter(this.getInstrument().getByName('RoundedRectangle1') .getCenter());\u000a","Name":"Circle6","RecalculateAll":false,"Smooth":true,"Stroke":null,"Style":"Style4","ToolTipValue":null,"Visible":true,"Center":{"Height":500,"Length":707.10678118654755,"Rotation":0.78539816339744828,"Width":500,"X":500,"Y":500},"Radius":62.5}],"Enabled":true,"Focused":false,"GridStep":50,"IsFixed":false,"MeasureUnit":{},"Parameters":[],"ShowGrid":true,"Size":{"Height":1000,"Length":1414.2135623730951,"Rotation":0.78539816339744828,"Width":1000,"X":1000,"Y":1000},"SnapToGrid":true,"Styles":[{"__type":"Style:#PerpetuumSoft.Instrumentation.Styles","Fill":null,"Font":{"Bold":2,"FamilyName":"Arial","Italic":2,"Size":14.25,"Strikeout":2,"Underline":2},"Image":null,"Name":"Default","Stroke":null},{"__type":"Style:#PerpetuumSoft.Instrumentation.Styles","Fill":{"__type":"SolidFill:#PerpetuumSoft.Framework.Drawing","Color":{"knownColor":0,"name":null,"state":2,"value":4293256677}},"Font":null,"Image":null,"Name":"Style1","Stroke":{"__type":"SimpleStroke:#PerpetuumSoft.Framework.Drawing","Width":6,"Color":{"knownColor":0,"name":null,"state":2,"value":4287795858},"DashLenght":5,"DotLenght":1,"SpaceLenght":2,"Style":1}},{"__type":"Style:#PerpetuumSoft.Instrumentation.Styles","Fill":{"__type":"SolidFill:#PerpetuumSoft.Framework.Drawing","Color":{"knownColor":0,"name":null,"state":2,"value":4288269823}},"Font":null,"Image":null,"Name":"Style2","Stroke":null},{"__type":"Style:#PerpetuumSoft.Instrumentation.Styles","Fill":null,"Font":null,"Image":null,"Name":"Style3","Stroke":{"__type":"SimpleStroke:#PerpetuumSoft.Framework.Drawing","Width":6,"Color":{"knownColor":0,"name":null,"state":2,"value":4287795858},"DashLenght":5,"DotLenght":1,"SpaceLenght":2,"Style":1}},{"__type":"Style:#PerpetuumSoft.Instrumentation.Styles","Fill":{"__type":"SolidFill:#PerpetuumSoft.Framework.Drawing","Color":{"knownColor":0,"name":null,"state":2,"value":4293256677}},"Font":null,"Image":null,"Name":"Style4","Stroke":null},{"__type":"Style:#PerpetuumSoft.Instrumentation.Styles","Fill":{"__type":"SolidFill:#PerpetuumSoft.Framework.Drawing","Color":{"knownColor":0,"name":null,"state":2,"value":4286545791}},"Font":null,"Image":null,"Name":"Style5","Stroke":null}]}