{"Active":true,"BreakEventsBubbling":false,"CssClass":{},"Fill":null,"JSBindingsText":null,"Name":"Instrument","RecalculateAll":false,"Smooth":true,"Stroke":null,"Style":"","ToolTipValue":null,"Visible":true,"Elements":[{"__type":"Circle:#PerpetuumSoft.Instrumentation.Model","Active":true,"BreakEventsBubbling":false,"CssClass":{},"Fill":{"__type":"SolidFill:#PerpetuumSoft.Framework.Drawing","Color":{"knownColor":0,"name":null,"state":2,"value":4293256677}},"JSBindingsText":null,"Name":"Circle2","RecalculateAll":false,"Smooth":true,"Stroke":{"__type":"SimpleStroke:#PerpetuumSoft.Framework.Drawing","Width":5,"Color":{"knownColor":0,"name":null,"state":2,"value":4286545791},"DashLenght":5,"DotLenght":1,"SpaceLenght":2,"Style":1},"Style":"Default","ToolTipValue":null,"Visible":true,"Center":{"Height":696.875,"Length":987.74225667681139,"Rotation":0.7831610306642377,"Width":700,"X":700,"Y":696.875},"Radius":656.48016656458174},{"__type":"Circle:#PerpetuumSoft.Instrumentation.Model","Active":true,"BreakEventsBubbling":false,"CssClass":{},"Fill":null,"JSBindingsText":null,"Name":"Circle1","RecalculateAll":false,"Smooth":true,"Stroke":{"__type":"SimpleStroke:#PerpetuumSoft.Framework.Drawing","Width":5,"Color":{"knownColor":0,"name":null,"state":2,"value":4287730065},"DashLenght":5,"DotLenght":1,"SpaceLenght":2,"Style":1},"Style":"Default","ToolTipValue":null,"Visible":true,"Center":{"Height":696.875,"Length":987.74225667681139,"Rotation":0.7831610306642377,"Width":700,"X":700,"Y":696.875},"Radius":300},{"__type":"Joint:#PerpetuumSoft.Instrumentation.Model","Active":true,"BreakEventsBubbling":false,"CssClass":{},"Fill":null,"JSBindingsText":null,"Name":"Joint1","RecalculateAll":false,"Smooth":true,"Stroke":null,"Style":"","ToolTipValue":null,"Visible":true,"Elements":[{"__type":"Scale:#PerpetuumSoft.Instrumentation.Model","Active":true,"BreakEventsBubbling":false,"CssClass":{},"Fill":null,"JSBindingsText":null,"Name":"Scale1","RecalculateAll":false,"Smooth":true,"Stroke":null,"Style":"","ToolTipValue":null,"Visible":true,"Elements":[{"__type":"Ticks:#PerpetuumSoft.Instrumentation.Model","Active":true,"BreakEventsBubbling":false,"CssClass":{},"Fill":null,"JSBindingsText":null,"Name":"Ticks1","RecalculateAll":false,"Smooth":true,"Stroke":{"__type":"SimpleStroke:#PerpetuumSoft.Framework.Drawing","Width":10,"Color":{"knownColor":0,"name":null,"state":2,"value":4286545791},"DashLenght":5,"DotLenght":1,"SpaceLenght":2,"Style":1},"Style":"Default","ToolTipValue":null,"Visible":true,"Colorizer":null,"Distance":478.125,"Dock":0,"MaxLimitWrapper":{"__type":"SmartValueWrapper:#PerpetuumSoft.Instrumentation.Model","Kind":0,"Value":0},"MinLimitWrapper":{"__type":"SmartValueWrapper:#PerpetuumSoft.Instrumentation.Model","Kind":0,"Value":0},"OriginWrapper":{"__type":"SmartValueWrapper:#PerpetuumSoft.Instrumentation.Model","Kind":0,"Value":0},"Padding":0,"Divisions":10,"StepWrapper":{"__type":"SmartValueWrapper:#PerpetuumSoft.Instrumentation.Model","Kind":0,"Value":0},"SubDivisions":5,"SubTicksPosition":0,"UseDescreteValues":false,"UseRoundValues":false,"Length":46.875,"SubLength":37.5},{"__type":"ScaleLabels:#PerpetuumSoft.Instrumentation.Model","Active":true,"BreakEventsBubbling":false,"CssClass":{},"Fill":null,"JSBindingsText":null,"Name":"ScaleLabels1","RecalculateAll":false,"Smooth":true,"Stroke":{"__type":"SimpleStroke:#PerpetuumSoft.Framework.Drawing","Width":1,"Color":{"knownColor":35,"name":null,"state":1,"value":0},"DashLenght":5,"DotLenght":1,"SpaceLenght":2,"Style":0},"Style":"Default","ToolTipValue":null,"Visible":true,"Colorizer":null,"Distance":578.125,"Dock":0,"MaxLimitWrapper":{"__type":"SmartValueWrapper:#PerpetuumSoft.Instrumentation.Model","Kind":0,"Value":0},"MinLimitWrapper":{"__type":"SmartValueWrapper:#PerpetuumSoft.Instrumentation.Model","Kind":0,"Value":0},"OriginWrapper":{"__type":"SmartValueWrapper:#PerpetuumSoft.Instrumentation.Model","Kind":0,"Value":0},"Padding":0,"Font":{"Bold":1,"FamilyName":"Microsoft Sans Serif","Italic":2,"Size":15.75,"Strikeout":2,"Underline":2},"Format":{"CurrencyNegativePattern":0,"CurrencyPositivePattern":0,"CurrencySymbol":"$","DateSeparator":".","DecimalPlaces":2,"DecimalSeparator":".","FormatMask":"","FormatStyle":0,"GroupSeparator":" ","NumberNegativePattern":0,"PercentNegativePattern":0,"PercentPositivePattern":0,"UseCultureSettings":true,"UseGroupSeparator":true},"Formula":"","ItemMargins":{},"OddLabelsDistance":0,"Position":1,"ShowSuperposableLabels":true,"TextAlignment":1,"TextAngle":0,"TextRotationMode":0,"Divisions":10,"StepWrapper":{"__type":"SmartValueWrapper:#PerpetuumSoft.Instrumentation.Model","Kind":0,"Value":0},"UseRoundValues":false},{"__type":"Slider:#PerpetuumSoft.Instrumentation.Model","Active":true,"BreakEventsBubbling":false,"CssClass":{},"Fill":null,"JSBindingsText":null,"Name":"Slider1","RecalculateAll":false,"Smooth":true,"Stroke":null,"Style":"","ToolTipValue":null,"Visible":true,"Elements":[{"__type":"RangedLevel:#PerpetuumSoft.Instrumentation.Model","Active":true,"BreakEventsBubbling":false,"CssClass":{},"Fill":{"__type":"SolidFill:#PerpetuumSoft.Framework.Drawing","Color":{"knownColor":0,"name":null,"state":2,"value":4286545791}},"JSBindingsText":null,"Name":"RangedLevel1","RecalculateAll":false,"Smooth":true,"Stroke":{"__type":"SimpleStroke:#PerpetuumSoft.Framework.Drawing","Width":1,"Color":{"knownColor":35,"name":null,"state":1,"value":0},"DashLenght":5,"DotLenght":1,"SpaceLenght":2,"Style":0},"Style":"Default","ToolTipValue":null,"Visible":true,"Colorizer":null,"Distance":390.625,"Dock":0,"MaxLimitWrapper":{"__type":"SmartValueWrapper:#PerpetuumSoft.Instrumentation.Model","Kind":0,"Value":0},"MinLimitWrapper":{"__type":"SmartValueWrapper:#PerpetuumSoft.Instrumentation.Model","Kind":0,"Value":0},"OriginWrapper":{"__type":"SmartValueWrapper:#PerpetuumSoft.Instrumentation.Model","Kind":0,"Value":0},"Padding":0,"ValueWrapper":{"__type":"SmartValueWrapper:#PerpetuumSoft.Instrumentation.Model","Kind":0,"Value":0},"Colors":[],"Divisions":0,"DivisionsStroke":null,"EndColor":{"knownColor":164,"name":null,"state":1,"value":0},"StartColor":{"knownColor":35,"name":null,"state":1,"value":0},"AlignmentMode":0,"EndWidth":62.5,"StartWidth":62.5},{"__type":"RangedLevel:#PerpetuumSoft.Instrumentation.Model","Active":true,"BreakEventsBubbling":false,"CssClass":{},"Fill":{"__type":"SolidFill:#PerpetuumSoft.Framework.Drawing","Color":{"knownColor":0,"name":null,"state":2,"value":4288269823}},"JSBindingsText":"this.setValue(this.getInstrument().getByName('Slider1').getAnimationValue());\u000a","Name":"RangedLevel2","RecalculateAll":false,"Smooth":true,"Stroke":{"__type":"SimpleStroke:#PerpetuumSoft.Framework.Drawing","Width":5,"Color":{"knownColor":0,"name":null,"state":2,"value":4286545791},"DashLenght":5,"DotLenght":1,"SpaceLenght":2,"Style":1},"Style":"Default","ToolTipValue":null,"Visible":true,"Colorizer":null,"Distance":393.75,"Dock":0,"MaxLimitWrapper":{"__type":"SmartValueWrapper:#PerpetuumSoft.Instrumentation.Model","Kind":0,"Value":0},"MinLimitWrapper":{"__type":"SmartValueWrapper:#PerpetuumSoft.Instrumentation.Model","Kind":0,"Value":0},"OriginWrapper":{"__type":"SmartValueWrapper:#PerpetuumSoft.Instrumentation.Model","Kind":0,"Value":0},"Padding":0,"ValueWrapper":{"__type":"SmartValueWrapper:#PerpetuumSoft.Instrumentation.Model","Kind":1,"Value":58.54700194143507},"Colors":[],"Divisions":0,"DivisionsStroke":null,"EndColor":{"knownColor":164,"name":null,"state":1,"value":0},"StartColor":{"knownColor":35,"name":null,"state":1,"value":0},"AlignmentMode":0,"EndWidth":56.25,"StartWidth":56.25},{"__type":"Needle:#PerpetuumSoft.Instrumentation.Model","Active":true,"BreakEventsBubbling":false,"CssClass":{},"Fill":{"__type":"SolidFill:#PerpetuumSoft.Framework.Drawing","Color":{"knownColor":0,"name":null,"state":2,"value":4288269823}},"JSBindingsText":"this.setStartPoint(this.getInstrument().getByName(\"Slider1\").getPosition(299.71875));\u000athis.setEndPoint(this.getInstrument().getByName(\"Slider1\").getPosition(377.84375));\u000a","Name":"Needle1","RecalculateAll":false,"Smooth":true,"Stroke":{"__type":"SimpleStroke:#PerpetuumSoft.Framework.Drawing","Width":5,"Color":{"knownColor":0,"name":null,"state":2,"value":4286545791},"DashLenght":5,"DotLenght":1,"SpaceLenght":2,"Style":1},"Style":"Default","ToolTipValue":null,"Visible":true,"EndPoint":{"Height":356.24014725472188,"Length":934.102489061108,"Rotation":0.39127956571178152,"Width":863.50472931773311,"X":863.50472931773311,"Y":356.24014725472188},"StartPoint":{"Height":426.67163611943073,"Length":932.97739353414192,"Rotation":0.47498216656269732,"Width":829.69761466267289,"X":829.69761466267289,"Y":426.67163611943073},"EndWidth":0,"NeedlePoints":[],"ShowMode":0,"StartWidth":78.125},{"__type":"Label:#PerpetuumSoft.Instrumentation.Model","Active":true,"BreakEventsBubbling":false,"CssClass":{},"Fill":{"__type":"SolidFill:#PerpetuumSoft.Framework.Drawing","Color":{"knownColor":0,"name":null,"state":2,"value":4286545791}},"JSBindingsText":"this.setText(PerfectWidgets.Framework.Utilities.BuiltIn.oldFormat(this.getInstrument().getByName('Slider1').getAnimationValue(),\"0.0\"));\u000a","Name":"Label1","RecalculateAll":false,"Smooth":true,"Stroke":{"__type":"SimpleStroke:#PerpetuumSoft.Framework.Drawing","Width":1,"Color":{"knownColor":35,"name":null,"state":1,"value":0},"DashLenght":5,"DotLenght":1,"SpaceLenght":2,"Style":0},"Style":"Default","ToolTipValue":null,"Visible":true,"Center":{"Height":1203.125,"Length":1392.7310246530915,"Rotation":1.0428833901171124,"Width":701.5625,"X":701.5625,"Y":1203.125},"Size":{"Height":106.25,"Length":234.79129695327296,"Rotation":0.46959991965539777,"Width":209.375,"X":209.375,"Y":106.25},"Angle":0,"Font":{"Bold":1,"FamilyName":"Microsoft Sans Serif","Italic":2,"Size":20.25,"Strikeout":2,"Underline":2},"Margins":{},"Text":"58.5","TextAlign":32}],"MaxLimit":{"Kind":0,"Value":0},"MinLimit":{"Kind":0,"Value":0},"Step":0,"Value":58.54700194143507}],"Colorizer":null,"Maximum":100,"Minimum":0,"Reverse":false}],"Margins":{},"Center":{"Height":696.875,"Length":987.74225667681139,"Rotation":0.7831610306642377,"Width":700,"X":700,"Y":696.875},"Dock":0,"Radius":300,"StartAngle":120,"TotalAngle":300}],"Enabled":true,"Focused":false,"GridStep":50,"IsFixed":false,"MeasureUnit":{},"Parameters":[],"ShowGrid":true,"Size":{"Height":1393.75,"Length":1971.0601525575012,"Rotation":0.78539816339744828,"Width":1393.75,"X":1393.75,"Y":1393.75},"SnapToGrid":false,"Styles":[{"__type":"Style:#PerpetuumSoft.Instrumentation.Styles","Fill":null,"Font":{"Bold":0,"FamilyName":"Microsoft Sans Serif","Italic":0,"Size":10,"Strikeout":0,"Underline":0},"Image":null,"Name":"Default","Stroke":{"__type":"SimpleStroke:#PerpetuumSoft.Framework.Drawing","Width":1,"Color":{"knownColor":35,"name":null,"state":1,"value":0},"DashLenght":5,"DotLenght":1,"SpaceLenght":2,"Style":1}}]}