{"Active":true,"BreakEventsBubbling":false,"CssClass":{},"Fill":null,"JSBindingsText":null,"Name":"Instrument","RecalculateAll":false,"Smooth":true,"Stroke":null,"Style":"","ToolTipValue":null,"Visible":true,"Elements":[{"__type":"Rectangle:#PerpetuumSoft.Instrumentation.Model","Active":true,"BreakEventsBubbling":false,"CssClass":{},"Fill":{"__type":"SolidFill:#PerpetuumSoft.Framework.Drawing","Color":{"knownColor":0,"name":null,"state":2,"value":4293256677}},"JSBindingsText":null,"Name":"Rectangle2","RecalculateAll":false,"Smooth":true,"Stroke":{"__type":"SimpleStroke:#PerpetuumSoft.Framework.Drawing","Width":9,"Color":{"knownColor":0,"name":null,"state":2,"value":4287137928},"DashLenght":5,"DotLenght":1,"SpaceLenght":2,"Style":1},"Style":"Default","ToolTipValue":null,"Visible":true,"Center":{"Height":350,"Length":694.62219947249025,"Rotation":0.52807444842635964,"Width":600,"X":600,"Y":350},"Size":{"Height":600,"Length":1252.9964086141667,"Rotation":0.49934672168013011,"Width":1100,"X":1100,"Y":600},"Angle":0},{"__type":"Rectangle:#PerpetuumSoft.Instrumentation.Model","Active":true,"BreakEventsBubbling":false,"CssClass":{},"Fill":{"__type":"SolidFill:#PerpetuumSoft.Framework.Drawing","Color":{"knownColor":0,"name":null,"state":2,"value":4286545791}},"JSBindingsText":null,"Name":"Rectangle1","RecalculateAll":false,"Smooth":true,"Stroke":{"__type":"SimpleStroke:#PerpetuumSoft.Framework.Drawing","Width":1,"Color":{"knownColor":35,"name":null,"state":1,"value":0},"DashLenght":5,"DotLenght":1,"SpaceLenght":2,"Style":0},"Style":"Default","ToolTipValue":null,"Visible":true,"Center":{"Height":350,"Length":694.62219947249025,"Rotation":0.52807444842635964,"Width":600,"X":600,"Y":350},"Size":{"Height":400,"Length":984.88578017961049,"Rotation":0.41822432957922911,"Width":900,"X":900,"Y":400},"Angle":0},{"__type":"Digits:#PerpetuumSoft.Instrumentation.Model.Specialized","Active":true,"BreakEventsBubbling":false,"CssClass":{},"Fill":{"__type":"EmptyFill:#PerpetuumSoft.Framework.Drawing"},"JSBindingsText":null,"Name":"Digits1","RecalculateAll":false,"Smooth":true,"Stroke":{"__type":"SimpleStroke:#PerpetuumSoft.Framework.Drawing","Width":1,"Color":{"knownColor":35,"name":null,"state":1,"value":0},"DashLenght":5,"DotLenght":1,"SpaceLenght":2,"Style":0},"Style":"Default","ToolTipValue":null,"Visible":true,"Center":{"Height":346.875,"Length":701.18482317431824,"Rotation":0.51748774097410855,"Width":609.375,"X":609.375,"Y":346.875},"Size":{"Height":400,"Length":850,"Rotation":0.48995732625372829,"Width":750,"X":750,"Y":400},"Angle":0,"ActiveColor":{"knownColor":0,"name":null,"state":2,"value":4288269823},"DigitHeight":300,"DigitSpace":30,"DigitWidth":140,"DrawDigitSegment":{"__type":"SimpleDigitStyle:#PerpetuumSoft.Instrumentation.Model.Specialized"},"InactiveColor":{"knownColor":0,"name":null,"state":2,"value":4288256409},"Overhang":0.1,"SegmentSpace":12,"SegmentThickness":35,"Skew":0.25,"StyleID":0,"Text":"02:02"}],"Enabled":true,"Focused":false,"GridStep":50,"IsFixed":false,"MeasureUnit":{},"Parameters":[],"ShowGrid":true,"Size":{"Height":687.5,"Length":1382.9881597468577,"Rotation":0.52026719001004651,"Width":1200,"X":1200,"Y":687.5},"SnapToGrid":false,"Styles":[{"__type":"Style:#PerpetuumSoft.Instrumentation.Styles","Fill":null,"Font":{"Bold":0,"FamilyName":"Microsoft Sans Serif","Italic":0,"Size":10,"Strikeout":0,"Underline":0},"Image":null,"Name":"Default","Stroke":{"__type":"SimpleStroke:#PerpetuumSoft.Framework.Drawing","Width":1,"Color":{"knownColor":35,"name":null,"state":1,"value":0},"DashLenght":5,"DotLenght":1,"SpaceLenght":2,"Style":0}}]}