{"Active":true,"BreakEventsBubbling":false,"CssClass":{},"Fill":null,"JSBindingsText":null,"Name":"Instrument","RecalculateAll":false,"Smooth":true,"Stroke":{"__type":"SimpleStroke:#PerpetuumSoft.Framework.Drawing","Width":1,"Color":{"knownColor":35,"name":null,"state":1,"value":0},"DashLenght":5,"DotLenght":1,"SpaceLenght":2,"Style":1},"Style":"Default","ToolTipValue":null,"Visible":true,"Elements":[{"__type":"Guide:#PerpetuumSoft.Instrumentation.Model","Active":true,"BreakEventsBubbling":false,"CssClass":{},"Fill":null,"JSBindingsText":"this.setEndPoint((new PerfectWidgets.Framework.DataObjects.Vector((this.getInstrument().getByName('Instrument') .getSize() .getWidth()\/2),(this.getInstrument().getByName('Instrument') .getSize() .getHeight()\/2)).minus(new PerfectWidgets.Framework.DataObjects.Vector(156.25,468.75))));\u000athis.setStartPoint(this.getInstrument().getByName('Guide1') .getEndPoint().add(new PerfectWidgets.Framework.DataObjects.Vector(0,937.5)));\u000a","Name":"Guide1","RecalculateAll":false,"Smooth":true,"Stroke":null,"Style":"","ToolTipValue":null,"Visible":true,"Elements":[{"__type":"Scale:#PerpetuumSoft.Instrumentation.Model","Active":true,"BreakEventsBubbling":false,"CssClass":{},"Fill":null,"JSBindingsText":null,"Name":"Scale1","RecalculateAll":false,"Smooth":true,"Stroke":null,"Style":"","ToolTipValue":null,"Visible":true,"Elements":[{"__type":"Tank:#PerpetuumSoft.Instrumentation.Model","Active":true,"BreakEventsBubbling":false,"CssClass":{},"Fill":null,"JSBindingsText":null,"Name":"Tank1","RecalculateAll":false,"Smooth":true,"Stroke":{"__type":"SimpleStroke:#PerpetuumSoft.Framework.Drawing","Width":1,"Color":{"knownColor":35,"name":null,"state":1,"value":0},"DashLenght":5,"DotLenght":1,"SpaceLenght":2,"Style":1},"Style":"Default","ToolTipValue":null,"Visible":true,"Colorizer":null,"Distance":1.1368683772161603E-13,"Dock":0,"MaxLimitWrapper":{"__type":"SmartValueWrapper:#PerpetuumSoft.Instrumentation.Model","Kind":1,"Value":110},"MinLimitWrapper":{"__type":"SmartValueWrapper:#PerpetuumSoft.Instrumentation.Model","Kind":0,"Value":0},"OriginWrapper":{"__type":"SmartValueWrapper:#PerpetuumSoft.Instrumentation.Model","Kind":0,"Value":0},"Padding":0,"ValueWrapper":{"__type":"SmartValueWrapper:#PerpetuumSoft.Instrumentation.Model","Kind":1,"Value":0},"Depth":75,"Effect3D":2,"LiquidColor":{"knownColor":104,"name":null,"state":1,"value":0},"TankColor":{"knownColor":74,"name":null,"state":1,"value":0},"TankWidth":37.5,"Width":262.5},{"__type":"TruncatedEllipse:#PerpetuumSoft.Instrumentation.Model","Active":true,"BreakEventsBubbling":false,"CssClass":{},"Fill":{"__type":"SolidFill:#PerpetuumSoft.Framework.Drawing","Color":{"knownColor":0,"name":null,"state":2,"value":4286546431}},"JSBindingsText":"this.setCenter((this.getInstrument().getByName('Guide1') .getStartPoint().minus(new PerfectWidgets.Framework.DataObjects.Vector(0,3.125))));\u000a","Name":"TruncatedEllipse1","RecalculateAll":false,"Smooth":true,"Stroke":null,"Style":"TruncatedEllipse1","ToolTipValue":null,"Visible":true,"Center":{"Height":1078.125,"Length":1087.6661151865494,"Rotation":1.4382447944982226,"Width":143.75,"X":143.75,"Y":1078.125},"Size":{"Height":218.75,"Length":309.35921676911454,"Rotation":0.78539816339744828,"Width":218.75,"X":218.75,"Y":218.75},"Angle":0,"StartAngle":0,"SweepAngle":180},{"__type":"Ticks:#PerpetuumSoft.Instrumentation.Model","Active":true,"BreakEventsBubbling":false,"CssClass":{},"Fill":null,"JSBindingsText":null,"Name":"Ticks1","RecalculateAll":false,"Smooth":true,"Stroke":{"__type":"SimpleStroke:#PerpetuumSoft.Framework.Drawing","Width":6,"Color":{"knownColor":35,"name":null,"state":1,"value":0},"DashLenght":5,"DotLenght":1,"SpaceLenght":2,"Style":1},"Style":"Ticks1","ToolTipValue":null,"Visible":true,"Colorizer":{"__type":"SectionsColorizer:#PerpetuumSoft.Instrumentation.Model.Drawing","ColorSections":[{"__type":"ColorSection:#PerpetuumSoft.Instrumentation.Model.Drawing","Color":{"knownColor":166,"name":null,"state":1,"value":0},"Portion":0.69767441860465107},{"__type":"ColorSection:#PerpetuumSoft.Instrumentation.Model.Drawing","Color":{"knownColor":141,"name":null,"state":1,"value":0},"Portion":1},{"__type":"ColorSection:#PerpetuumSoft.Instrumentation.Model.Drawing","Color":{"knownColor":0,"name":null,"state":2,"value":4294934528},"Portion":0.89534883720930236},{"__type":"ColorSection:#PerpetuumSoft.Instrumentation.Model.Drawing","Color":{"knownColor":79,"name":null,"state":1,"value":0},"Portion":0.496124031007752},{"__type":"ColorSection:#PerpetuumSoft.Instrumentation.Model.Drawing","Color":{"knownColor":0,"name":null,"state":2,"value":4278223103},"Portion":0.29844961240310075},{"__type":"ColorSection:#PerpetuumSoft.Instrumentation.Model.Drawing","Color":{"knownColor":0,"name":null,"state":2,"value":4286611711},"Portion":0.098837209302325577}]},"Distance":150.00000000000011,"Dock":0,"MaxLimitWrapper":{"__type":"SmartValueWrapper:#PerpetuumSoft.Instrumentation.Model","Kind":0,"Value":0},"MinLimitWrapper":{"__type":"SmartValueWrapper:#PerpetuumSoft.Instrumentation.Model","Kind":0,"Value":0},"OriginWrapper":{"__type":"SmartValueWrapper:#PerpetuumSoft.Instrumentation.Model","Kind":0,"Value":0},"Padding":0,"Divisions":10,"StepWrapper":{"__type":"SmartValueWrapper:#PerpetuumSoft.Instrumentation.Model","Kind":0,"Value":0},"SubDivisions":4,"SubTicksPosition":0,"UseDescreteValues":false,"UseRoundValues":false,"Length":37.5,"SubLength":25},{"__type":"CustomLabels:#PerpetuumSoft.Instrumentation.Model","Active":true,"BreakEventsBubbling":false,"CssClass":{},"Fill":null,"JSBindingsText":null,"Name":"CustomLabels1","RecalculateAll":false,"Smooth":true,"Stroke":null,"Style":"CustomLabels1","ToolTipValue":null,"Visible":true,"Colorizer":{"__type":"SectionsColorizer:#PerpetuumSoft.Instrumentation.Model.Drawing","ColorSections":[{"__type":"ColorSection:#PerpetuumSoft.Instrumentation.Model.Drawing","Color":{"knownColor":0,"name":null,"state":2,"value":4286546431},"Portion":0},{"__type":"ColorSection:#PerpetuumSoft.Instrumentation.Model.Drawing","Color":{"knownColor":0,"name":null,"state":2,"value":4281565145},"Portion":0.20348837209302326},{"__type":"ColorSection:#PerpetuumSoft.Instrumentation.Model.Drawing","Color":{"knownColor":0,"name":null,"state":2,"value":4282834248},"Portion":0.40310077519379844},{"__type":"ColorSection:#PerpetuumSoft.Instrumentation.Model.Drawing","Color":{"knownColor":0,"name":null,"state":2,"value":4294966272},"Portion":0.60852713178294571},{"__type":"ColorSection:#PerpetuumSoft.Instrumentation.Model.Drawing","Color":{"knownColor":0,"name":null,"state":2,"value":4294749699},"Portion":0.80620155038759689},{"__type":"ColorSection:#PerpetuumSoft.Instrumentation.Model.Drawing","Color":{"knownColor":141,"name":null,"state":1,"value":0},"Portion":1}]},"Distance":325.00000000000011,"Dock":0,"MaxLimitWrapper":{"__type":"SmartValueWrapper:#PerpetuumSoft.Instrumentation.Model","Kind":0,"Value":0},"MinLimitWrapper":{"__type":"SmartValueWrapper:#PerpetuumSoft.Instrumentation.Model","Kind":0,"Value":0},"OriginWrapper":{"__type":"SmartValueWrapper:#PerpetuumSoft.Instrumentation.Model","Kind":0,"Value":0},"Padding":0,"Font":{"Bold":1,"FamilyName":"Arial","Italic":2,"Size":14.25,"Strikeout":2,"Underline":2},"Format":{"CurrencyNegativePattern":0,"CurrencyPositivePattern":0,"CurrencySymbol":"$","DateSeparator":".","DecimalPlaces":2,"DecimalSeparator":".","FormatMask":"","FormatStyle":0,"GroupSeparator":" ","NumberNegativePattern":0,"PercentNegativePattern":0,"PercentPositivePattern":0,"UseCultureSettings":true,"UseGroupSeparator":true},"Formula":"","ItemMargins":{},"OddLabelsDistance":0,"Position":0,"ShowSuperposableLabels":true,"TextAlignment":1,"TextAngle":0,"TextRotationMode":1,"Labels":[{"__type":"TextItem:#PerpetuumSoft.Instrumentation.Model","Text":"Violet","ValueWrapper":{"__type":"SmartValueWrapper:#PerpetuumSoft.Instrumentation.Model","Kind":1,"Value":0}},{"__type":"TextItem:#PerpetuumSoft.Instrumentation.Model","Text":"Blue","ValueWrapper":{"__type":"SmartValueWrapper:#PerpetuumSoft.Instrumentation.Model","Kind":1,"Value":20}},{"__type":"TextItem:#PerpetuumSoft.Instrumentation.Model","Text":"Green","ValueWrapper":{"__type":"SmartValueWrapper:#PerpetuumSoft.Instrumentation.Model","Kind":1,"Value":40}},{"__type":"TextItem:#PerpetuumSoft.Instrumentation.Model","Text":"Yellow","ValueWrapper":{"__type":"SmartValueWrapper:#PerpetuumSoft.Instrumentation.Model","Kind":1,"Value":60}},{"__type":"TextItem:#PerpetuumSoft.Instrumentation.Model","Text":"Orange","ValueWrapper":{"__type":"SmartValueWrapper:#PerpetuumSoft.Instrumentation.Model","Kind":1,"Value":80}},{"__type":"TextItem:#PerpetuumSoft.Instrumentation.Model","Text":"Red","ValueWrapper":{"__type":"SmartValueWrapper:#PerpetuumSoft.Instrumentation.Model","Kind":1,"Value":100}}]},{"__type":"Slider:#PerpetuumSoft.Instrumentation.Model","Active":true,"BreakEventsBubbling":false,"CssClass":{},"Fill":null,"JSBindingsText":null,"Name":"Slider1","RecalculateAll":false,"Smooth":true,"Stroke":null,"Style":"","ToolTipValue":null,"Visible":true,"Elements":[{"__type":"LinearLevel:#PerpetuumSoft.Instrumentation.Model","Active":true,"BreakEventsBubbling":false,"CssClass":{},"Fill":null,"JSBindingsText":"this.setValue(this.getInstrument().getByName('Slider1').getAnimationValue());\u000a","Name":"LinearLevel1","RecalculateAll":false,"Smooth":true,"Stroke":null,"Style":"NoFillNoStroke","ToolTipValue":null,"Visible":true,"Colorizer":null,"Distance":1.1368683772161603E-13,"Dock":0,"MaxLimitWrapper":{"__type":"SmartValueWrapper:#PerpetuumSoft.Instrumentation.Model","Kind":0,"Value":0},"MinLimitWrapper":{"__type":"SmartValueWrapper:#PerpetuumSoft.Instrumentation.Model","Kind":0,"Value":0},"OriginWrapper":{"__type":"SmartValueWrapper:#PerpetuumSoft.Instrumentation.Model","Kind":0,"Value":0},"Padding":0,"ValueWrapper":{"__type":"SmartValueWrapper:#PerpetuumSoft.Instrumentation.Model","Kind":1,"Value":100},"Colors":[{"__type":"ColorSection:#PerpetuumSoft.Instrumentation.Model.Drawing","Color":{"knownColor":0,"name":null,"state":2,"value":4281565145},"Portion":0.2},{"__type":"ColorSection:#PerpetuumSoft.Instrumentation.Model.Drawing","Color":{"knownColor":0,"name":null,"state":2,"value":4282834248},"Portion":0.4},{"__type":"ColorSection:#PerpetuumSoft.Instrumentation.Model.Drawing","Color":{"knownColor":0,"name":null,"state":2,"value":4294966272},"Portion":0.6},{"__type":"ColorSection:#PerpetuumSoft.Instrumentation.Model.Drawing","Color":{"knownColor":0,"name":null,"state":2,"value":4294749699},"Portion":0.8}],"Divisions":0,"DivisionsStroke":null,"EndColor":{"knownColor":141,"name":null,"state":1,"value":0},"StartColor":{"knownColor":0,"name":null,"state":2,"value":4286546431},"Effect3D":2,"EndCap":0,"PocketRadius":37.5,"ShowAsThermometer":false,"StartCap":0,"Width":218.75},{"__type":"Ellipse:#PerpetuumSoft.Instrumentation.Model","Active":true,"BreakEventsBubbling":false,"CssClass":{},"Fill":{"__type":"SolidFill:#PerpetuumSoft.Framework.Drawing","Color":{"knownColor":141,"name":null,"state":1,"value":0}},"JSBindingsText":"this.setCenter(this.getInstrument().getByName(\"Slider1\").getPosition(0));\u000athis.setStyle((function (var0,var1,var2,var3,var4,var5,var6,var7,var8,var9,var10){\u000aif (var0) {return var1;}\u000aif (var2) {return var3;}\u000aif (var4) {return var5;}\u000aif (var6) {return var7;}\u000aif (var8) {return var9;}\u000areturn var10;\u000a})(((this.getInstrument().getByName('Slider1').getAnimationValue()>=0)&&(this.getInstrument().getByName('Slider1').getAnimationValue()<10)),\"Violet\",((this.getInstrument().getByName('Slider1').getAnimationValue()>=10)&&(this.getInstrument().getByName('Slider1').getAnimationValue()<30)),\"Blue\",((this.getInstrument().getByName('Slider1').getAnimationValue()>=30)&&(this.getInstrument().getByName('Slider1').getAnimationValue()<50)),\"Green\",((this.getInstrument().getByName('Slider1').getAnimationValue()>=50)&&(this.getInstrument().getByName('Slider1').getAnimationValue()<70)),\"Yellow\",((this.getInstrument().getByName('Slider1').getAnimationValue()>=70)&&(this.getInstrument().getByName('Slider1').getAnimationValue()<90)),\"Orange\",\"Red\"));\u000a","Name":"Ellipse1","RecalculateAll":false,"Smooth":true,"Stroke":{"__type":"SimpleStroke:#PerpetuumSoft.Framework.Drawing","Width":5,"Color":{"knownColor":0,"name":null,"state":2,"value":4292149248},"DashLenght":5,"DotLenght":1,"SpaceLenght":2,"Style":1},"Style":"Red","ToolTipValue":null,"Visible":true,"Center":{"Height":143.75,"Length":203.29319959113229,"Rotation":0.785398163397449,"Width":143.74999999999983,"X":143.74999999999983,"Y":143.75},"Size":{"Height":75,"Length":231.25,"Rotation":0.33029735482925365,"Width":218.75,"X":218.75,"Y":75},"Angle":0}],"MaxLimit":{"Kind":0,"Value":0},"MinLimit":{"Kind":0,"Value":0},"Step":0,"Value":100}],"Colorizer":null,"Maximum":100,"Minimum":0,"Reverse":false}],"Margins":{},"Align":0,"EndPoint":{"Height":143.75,"Length":203.29319959113241,"Rotation":0.78539816339744828,"Width":143.75,"X":143.75,"Y":143.75},"GuideDirection":0,"StartPoint":{"Height":1081.25,"Length":1090.76378056846,"Rotation":1.4386234389329857,"Width":143.75,"X":143.75,"Y":1081.25}}],"Enabled":true,"Focused":false,"GridStep":25,"IsFixed":false,"MeasureUnit":{},"Parameters":[],"ShowGrid":true,"Size":{"Height":1225,"Length":1364.0472865703739,"Rotation":1.1153452555440031,"Width":600,"X":600,"Y":1225},"SnapToGrid":true,"Styles":[{"__type":"Style:#PerpetuumSoft.Instrumentation.Styles","Fill":null,"Font":{"Bold":0,"FamilyName":"Microsoft Sans Serif","Italic":0,"Size":10,"Strikeout":0,"Underline":0},"Image":null,"Name":"Default","Stroke":{"__type":"SimpleStroke:#PerpetuumSoft.Framework.Drawing","Width":1,"Color":{"knownColor":35,"name":null,"state":1,"value":0},"DashLenght":5,"DotLenght":1,"SpaceLenght":2,"Style":1}},{"__type":"Style:#PerpetuumSoft.Instrumentation.Styles","Fill":{"__type":"SolidFill:#PerpetuumSoft.Framework.Drawing","Color":{"knownColor":0,"name":null,"state":2,"value":4286546431}},"Font":null,"Image":null,"Name":"TruncatedEllipse1","Stroke":null},{"__type":"Style:#PerpetuumSoft.Instrumentation.Styles","Fill":null,"Font":null,"Image":null,"Name":"NoFillNoStroke","Stroke":null},{"__type":"Style:#PerpetuumSoft.Instrumentation.Styles","Fill":null,"Font":null,"Image":null,"Name":"Ticks1","Stroke":{"__type":"SimpleStroke:#PerpetuumSoft.Framework.Drawing","Width":6,"Color":{"knownColor":35,"name":null,"state":1,"value":0},"DashLenght":5,"DotLenght":1,"SpaceLenght":2,"Style":1}},{"__type":"Style:#PerpetuumSoft.Instrumentation.Styles","Fill":null,"Font":{"Bold":1,"FamilyName":"Arial","Italic":2,"Size":14.25,"Strikeout":2,"Underline":2},"Image":null,"Name":"CustomLabels1","Stroke":null},{"__type":"Style:#PerpetuumSoft.Instrumentation.Styles","Fill":{"__type":"SolidFill:#PerpetuumSoft.Framework.Drawing","Color":{"knownColor":0,"name":null,"state":2,"value":4286546431}},"Font":null,"Image":null,"Name":"Violet","Stroke":{"__type":"SimpleStroke:#PerpetuumSoft.Framework.Drawing","Width":5,"Color":{"knownColor":0,"name":null,"state":2,"value":4283783679},"DashLenght":5,"DotLenght":1,"SpaceLenght":2,"Style":1}},{"__type":"Style:#PerpetuumSoft.Instrumentation.Styles","Fill":{"__type":"SolidFill:#PerpetuumSoft.Framework.Drawing","Color":{"knownColor":0,"name":null,"state":2,"value":4281565145}},"Font":null,"Image":null,"Name":"Blue","Stroke":{"__type":"SimpleStroke:#PerpetuumSoft.Framework.Drawing","Width":5,"Color":{"knownColor":0,"name":null,"state":2,"value":4280378292},"DashLenght":5,"DotLenght":1,"SpaceLenght":2,"Style":1}},{"__type":"Style:#PerpetuumSoft.Instrumentation.Styles","Fill":{"__type":"SolidFill:#PerpetuumSoft.Framework.Drawing","Color":{"knownColor":0,"name":null,"state":2,"value":4282834248}},"Font":null,"Image":null,"Name":"Green","Stroke":{"__type":"SimpleStroke:#PerpetuumSoft.Framework.Drawing","Width":5,"Color":{"knownColor":0,"name":null,"state":2,"value":4280398884},"DashLenght":5,"DotLenght":1,"SpaceLenght":2,"Style":1}},{"__type":"Style:#PerpetuumSoft.Instrumentation.Styles","Fill":{"__type":"SolidFill:#PerpetuumSoft.Framework.Drawing","Color":{"knownColor":0,"name":null,"state":2,"value":4294966272}},"Font":null,"Image":null,"Name":"Yellow","Stroke":{"__type":"SimpleStroke:#PerpetuumSoft.Framework.Drawing","Width":5,"Color":{"knownColor":0,"name":null,"state":2,"value":4292203776},"DashLenght":5,"DotLenght":1,"SpaceLenght":2,"Style":1}},{"__type":"Style:#PerpetuumSoft.Instrumentation.Styles","Fill":{"__type":"SolidFill:#PerpetuumSoft.Framework.Drawing","Color":{"knownColor":0,"name":null,"state":2,"value":4294749699}},"Font":null,"Image":null,"Name":"Orange","Stroke":{"__type":"SimpleStroke:#PerpetuumSoft.Framework.Drawing","Width":5,"Color":{"knownColor":0,"name":null,"state":2,"value":4291988994},"DashLenght":5,"DotLenght":1,"SpaceLenght":2,"Style":1}},{"__type":"Style:#PerpetuumSoft.Instrumentation.Styles","Fill":{"__type":"SolidFill:#PerpetuumSoft.Framework.Drawing","Color":{"knownColor":141,"name":null,"state":1,"value":0}},"Font":null,"Image":null,"Name":"Red","Stroke":{"__type":"SimpleStroke:#PerpetuumSoft.Framework.Drawing","Width":5,"Color":{"knownColor":0,"name":null,"state":2,"value":4292149248},"DashLenght":5,"DotLenght":1,"SpaceLenght":2,"Style":1}}]}