{"Active":true,"BreakEventsBubbling":false,"CssClass":{},"Fill":null,"JSBindingsText":null,"Name":"Instrument","RecalculateAll":false,"Smooth":true,"Stroke":null,"Style":"","ToolTipValue":null,"Visible":true,"Elements":[{"__type":"RoundedRectangle:#PerpetuumSoft.Instrumentation.Model","Active":true,"BreakEventsBubbling":false,"CssClass":{},"Fill":{"__type":"LinearGradientFill:#PerpetuumSoft.Framework.Drawing","Angle":90,"Colors":[{"__type":"GradientColor:#PerpetuumSoft.Framework.Drawing","Color":{"knownColor":35,"name":null,"state":1,"value":0},"Portion":0},{"__type":"GradientColor:#PerpetuumSoft.Framework.Drawing","Color":{"knownColor":0,"name":null,"state":2,"value":4288256409},"Portion":1}],"EndColor":{"knownColor":0,"name":null,"state":2,"value":4288256409},"StartColor":{"knownColor":35,"name":null,"state":1,"value":0}},"JSBindingsText":null,"Name":"RoundedRectangle2","RecalculateAll":false,"Smooth":true,"Stroke":{"__type":"SimpleStroke:#PerpetuumSoft.Framework.Drawing","Width":10,"Color":{"knownColor":35,"name":null,"state":1,"value":0},"DashLenght":5,"DotLenght":1,"SpaceLenght":2,"Style":1},"Style":"Default","ToolTipValue":null,"Visible":true,"Center":{"Height":296.875,"Length":1089.6586424340653,"Rotation":0.2759360628550927,"Width":1048.4375,"X":1048.4375,"Y":296.875},"Size":{"Height":550,"Length":2119.4804235059592,"Rotation":0.26250190508627674,"Width":2046.875,"X":2046.875,"Y":550},"Angle":0,"Radius":50},{"__type":"RoundedRectangle:#PerpetuumSoft.Instrumentation.Model","Active":true,"BreakEventsBubbling":false,"CssClass":{},"Fill":{"__type":"MultiGradientFill:#PerpetuumSoft.Framework.Drawing","Angle":270,"Colors":[{"__type":"GradientColor:#PerpetuumSoft.Framework.Drawing","Color":{"knownColor":0,"name":null,"state":2,"value":4283565697},"Portion":0},{"__type":"GradientColor:#PerpetuumSoft.Framework.Drawing","Color":{"knownColor":35,"name":null,"state":1,"value":0},"Portion":0.5},{"__type":"GradientColor:#PerpetuumSoft.Framework.Drawing","Color":{"knownColor":0,"name":null,"state":2,"value":4287335307},"Portion":0.5},{"__type":"GradientColor:#PerpetuumSoft.Framework.Drawing","Color":{"knownColor":0,"name":null,"state":2,"value":4284900966},"Portion":1}]},"JSBindingsText":null,"Name":"RoundedRectangle1","RecalculateAll":false,"Smooth":true,"Stroke":{"__type":"SimpleStroke:#PerpetuumSoft.Framework.Drawing","Width":1,"Color":{"knownColor":35,"name":null,"state":1,"value":0},"DashLenght":5,"DotLenght":1,"SpaceLenght":2,"Style":0},"Style":"Default","ToolTipValue":null,"Visible":true,"Center":{"Height":296.875,"Length":1089.6586424340653,"Rotation":0.2759360628550927,"Width":1048.4375,"X":1048.4375,"Y":296.875},"Size":{"Height":518.75,"Length":2069.2054823349467,"Rotation":0.25340337222950593,"Width":2003.125,"X":2003.125,"Y":518.75},"Angle":0,"Radius":50},{"__type":"Rectangle:#PerpetuumSoft.Instrumentation.Model","Active":true,"BreakEventsBubbling":false,"CssClass":{},"Fill":{"__type":"MultiGradientFill:#PerpetuumSoft.Framework.Drawing","Angle":270,"Colors":[{"__type":"GradientColor:#PerpetuumSoft.Framework.Drawing","Color":{"knownColor":0,"name":null,"state":2,"value":4283105402},"Portion":0},{"__type":"GradientColor:#PerpetuumSoft.Framework.Drawing","Color":{"knownColor":0,"name":null,"state":2,"value":4281992794},"Portion":0.5},{"__type":"GradientColor:#PerpetuumSoft.Framework.Drawing","Color":{"knownColor":0,"name":null,"state":2,"value":4286927525},"Portion":0.5},{"__type":"GradientColor:#PerpetuumSoft.Framework.Drawing","Color":{"knownColor":0,"name":null,"state":2,"value":4287717040},"Portion":1}]},"JSBindingsText":"this.setCenter(this.getInstrument().getByName('RoundedRectangle1') .getCenter());\u000a","Name":"Rectangle1","RecalculateAll":false,"Smooth":true,"Stroke":{"__type":"SimpleStroke:#PerpetuumSoft.Framework.Drawing","Width":1,"Color":{"knownColor":35,"name":null,"state":1,"value":0},"DashLenght":5,"DotLenght":1,"SpaceLenght":2,"Style":0},"Style":"Default","ToolTipValue":null,"Visible":true,"Center":{"Height":296.875,"Length":1089.6586424340653,"Rotation":0.2759360628550927,"Width":1048.4375,"X":1048.4375,"Y":296.875},"Size":{"Height":200,"Length":1891.8513584581638,"Rotation":0.10591446213453792,"Width":1881.25,"X":1881.25,"Y":200},"Angle":0},{"__type":"Guide:#PerpetuumSoft.Instrumentation.Model","Active":true,"BreakEventsBubbling":false,"CssClass":{},"Fill":null,"JSBindingsText":"this.setEndPoint(this.getInstrument().getByName('RoundedRectangle1') .getCenter().add(new PerfectWidgets.Framework.DataObjects.Vector(906.25,0)));\u000athis.setStartPoint((this.getInstrument().getByName('Guide1') .getEndPoint().minus(new PerfectWidgets.Framework.DataObjects.Vector(1812.5,0))));\u000a","Name":"Guide1","RecalculateAll":false,"Smooth":true,"Stroke":null,"Style":"","ToolTipValue":null,"Visible":true,"Elements":[{"__type":"Scale:#PerpetuumSoft.Instrumentation.Model","Active":true,"BreakEventsBubbling":false,"CssClass":{},"Fill":null,"JSBindingsText":null,"Name":"Scale1","RecalculateAll":false,"Smooth":true,"Stroke":null,"Style":"","ToolTipValue":null,"Visible":true,"Elements":[{"__type":"Ticks:#PerpetuumSoft.Instrumentation.Model","Active":true,"BreakEventsBubbling":false,"CssClass":{},"Fill":null,"JSBindingsText":null,"Name":"Ticks1","RecalculateAll":false,"Smooth":true,"Stroke":{"__type":"SimpleStroke:#PerpetuumSoft.Framework.Drawing","Width":10,"Color":{"knownColor":35,"name":null,"state":1,"value":0},"DashLenght":5,"DotLenght":1,"SpaceLenght":2,"Style":0},"Style":"Default","ToolTipValue":null,"Visible":true,"Colorizer":{"__type":"SingleColorColorizer:#PerpetuumSoft.Instrumentation.Model.Drawing","Color":{"knownColor":164,"name":null,"state":1,"value":0}},"Distance":-100,"Dock":0,"MaxLimitWrapper":{"__type":"SmartValueWrapper:#PerpetuumSoft.Instrumentation.Model","Kind":0,"Value":0},"MinLimitWrapper":{"__type":"SmartValueWrapper:#PerpetuumSoft.Instrumentation.Model","Kind":0,"Value":0},"OriginWrapper":{"__type":"SmartValueWrapper:#PerpetuumSoft.Instrumentation.Model","Kind":0,"Value":0},"Padding":0,"Divisions":10,"StepWrapper":{"__type":"SmartValueWrapper:#PerpetuumSoft.Instrumentation.Model","Kind":0,"Value":0},"SubDivisions":5,"SubTicksPosition":1,"UseDescreteValues":false,"UseRoundValues":false,"Length":200,"SubLength":62.5},{"__type":"Needle:#PerpetuumSoft.Instrumentation.Model","Active":true,"BreakEventsBubbling":false,"CssClass":{},"Fill":{"__type":"MultiGradientFill:#PerpetuumSoft.Framework.Drawing","Angle":270,"Colors":[{"__type":"GradientColor:#PerpetuumSoft.Framework.Drawing","Color":{"knownColor":0,"name":null,"state":2,"value":889192447},"Portion":0},{"__type":"GradientColor:#PerpetuumSoft.Framework.Drawing","Color":{"knownColor":0,"name":null,"state":2,"value":1056964607},"Portion":0.5},{"__type":"GradientColor:#PerpetuumSoft.Framework.Drawing","Color":{"knownColor":0,"name":null,"state":2,"value":2566914047},"Portion":0.5},{"__type":"GradientColor:#PerpetuumSoft.Framework.Drawing","Color":{"knownColor":0,"name":null,"state":2,"value":150994943},"Portion":1}]},"JSBindingsText":"this.setStartPoint(this.getInstrument().getByName('Slider1').getPosition(0));\u000athis.setEndPoint(this.getInstrument().getByName('Slider2').getPosition(0));\u000a","Name":"Needle3","RecalculateAll":false,"Smooth":true,"Stroke":{"__type":"SimpleStroke:#PerpetuumSoft.Framework.Drawing","Width":1,"Color":{"knownColor":35,"name":null,"state":1,"value":0},"DashLenght":5,"DotLenght":1,"SpaceLenght":2,"Style":0},"Style":"Default","ToolTipValue":null,"Visible":true,"EndPoint":{"Height":296.875,"Length":1367.403368546896,"Rotation":0.21885141411641745,"Width":1334.7873263888889,"X":1334.7873263888889,"Y":296.875},"StartPoint":{"Height":296.875,"Length":962.5507291826234,"Rotation":0.31353718672987096,"Width":915.625,"X":915.625,"Y":296.875},"EndWidth":200,"NeedlePoints":[],"ShowMode":0,"StartWidth":200},{"__type":"Ticks:#PerpetuumSoft.Instrumentation.Model","Active":true,"BreakEventsBubbling":false,"CssClass":{},"Fill":null,"JSBindingsText":"this.setMinLimit((this.getInstrument().getByName('Slider1').getAnimationValue()<this.getInstrument().getByName('Slider2').getAnimationValue())?\u000d\u000a                    this.getInstrument().getByName('Slider1').getAnimationValue()           \u000d\u000a                   :this.getInstrument().getByName('Slider2').getAnimationValue()\u000d\u000a            );\u000athis.setMaxLimit((this.getInstrument().getByName('Slider1').getAnimationValue()>=this.getInstrument().getByName('Slider2').getAnimationValue())?\u000d\u000a                    this.getInstrument().getByName('Slider1').getAnimationValue()           \u000d\u000a                   :this.getInstrument().getByName('Slider2').getAnimationValue()\u000d\u000a            );\u000a","Name":"Ticks2","RecalculateAll":false,"Smooth":true,"Stroke":{"__type":"SimpleStroke:#PerpetuumSoft.Framework.Drawing","Width":10,"Color":{"knownColor":35,"name":null,"state":1,"value":0},"DashLenght":5,"DotLenght":1,"SpaceLenght":2,"Style":0},"Style":"Default","ToolTipValue":null,"Visible":true,"Colorizer":{"__type":"SingleColorColorizer:#PerpetuumSoft.Instrumentation.Model.Drawing","Color":{"knownColor":0,"name":null,"state":2,"value":4281598036}},"Distance":-100,"Dock":0,"MaxLimitWrapper":{"__type":"SmartValueWrapper:#PerpetuumSoft.Instrumentation.Model","Kind":1,"Value":65.798611111111114},"MinLimitWrapper":{"__type":"SmartValueWrapper:#PerpetuumSoft.Instrumentation.Model","Kind":1,"Value":42.672413793103445},"OriginWrapper":{"__type":"SmartValueWrapper:#PerpetuumSoft.Instrumentation.Model","Kind":0,"Value":0},"Padding":0,"Divisions":10,"StepWrapper":{"__type":"SmartValueWrapper:#PerpetuumSoft.Instrumentation.Model","Kind":0,"Value":0},"SubDivisions":5,"SubTicksPosition":1,"UseDescreteValues":false,"UseRoundValues":false,"Length":200,"SubLength":62.5},{"__type":"Slider:#PerpetuumSoft.Instrumentation.Model","Active":true,"BreakEventsBubbling":false,"CssClass":{},"Fill":null,"JSBindingsText":null,"Name":"Slider1","RecalculateAll":true,"Smooth":true,"Stroke":null,"Style":"","ToolTipValue":null,"Visible":true,"Elements":[{"__type":"PictureSet:#PerpetuumSoft.Instrumentation.Model","Active":true,"BreakEventsBubbling":false,"CssClass":{},"Fill":null,"JSBindingsText":"this.setCenter(this.getInstrument().getByName(\"Slider1\").getPosition(0).add(new PerfectWidgets.Framework.DataObjects.Vector(-12,-160)));\u000athis.setImageIndex(this.getInstrument().getByName('Slider1').getPressed()?\u000d\u000a                    1           \u000d\u000a                   :0\u000d\u000a            );\u000a","Name":"PictureSet1","RecalculateAll":false,"Smooth":true,"Stroke":null,"Style":"","ToolTipValue":null,"Visible":true,"Center":{"Height":136.875,"Length":913.93265958165648,"Rotation":0.15033044977479451,"Width":903.625,"X":903.625,"Y":136.875},"Size":{"Height":100,"Length":106.80004681646913,"Rotation":1.2120256565243244,"Width":37.5,"X":37.5,"Y":100},"Angle":0,"ImageIndex":0,"ImagesList":["data:image\/png;base64,iVBORw0KGgoAAAANSUhEUgAAAAwAAAAgCAYAAAAmG5mqAAAABGdBTUEAALGPC\/xhBQAAACBjSFJNAAB6JgAAgIQAAPoAAACA6AAAdTAAAOpgAAA6mAAAF3CculE8AAAACXBIWXMAAA3hAAAN4QEZF+69AAABZklEQVQ4T2MAgv8kYob\/YVwt\/zPVJuHFIDVwDUVGM\/5fOfgALwapgWvI15v2\/+TGG2B8YsN1rBikBq4hW3PK\/70LzmPH8yEYpAauIVN10v9N\/cfxYpAauIY0xQn\/l9Xtw4tBauAakmR6\/8\/O24aCZ+Wi4hS5PoSGBInu\/\/2x6\/DiBMkehIZYkc7\/TV5L\/lfZzftfYjbrf4HBdDAuNZ\/9v8Zxwf9m76X\/Y0W7EBoCmRv\/BzA1\/PdnqMeKQfIgDNeATRE2PKqBGDxYNTAxML83Zgj8jU0BOobZIMfKwH5flcHmBzZFyBimAQR4WBk4DksyaHz1ZajBqhiEgergGkCAiZmBbT4\/g\/hnT4ZSojSAARMDSzE7A+9nZ4Yc4jSAADMDsx8LA\/tnK4Y44jRAgQFQ0ysDBh94CALF8GoAAQlgYNxUZrD84cdQR5QGEACF4C5xBrUvQDZRGkCAiZWBcwqQJloDFDCkAgDw71ULYUJVsQAAAABJRU5ErkJggg==","data:image\/png;base64,iVBORw0KGgoAAAANSUhEUgAAAAwAAAAgCAYAAAAmG5mqAAAABGdBTUEAALGPC\/xhBQAAACBjSFJNAAB6JgAAgIQAAPoAAACA6AAAdTAAAOpgAAA6mAAAF3CculE8AAAACXBIWXMAAA3hAAAN4QEZF+69AAABZElEQVQ4T2MAgv8kYob\/U1M2\/19YtgcvBqmBa1het\/\/\/kxtv8GKQGriGpdX7\/t899xyCz2LHIDVwDYsr9v6\/dvgRdnzoIRiD1MA1LCzd\/f\/8jjt4MUgNXMP84l3\/j6+7jheD1MA1zC3Y+f\/A4kt48bzCnQgNs3O3\/9858yxePCdvB0LDrOxt\/zf2Hv+\/pvXw\/xUNB\/8vq9kPxisbD\/5f234ELDcreztCw6SEjf8nxW\/8PzFuA1YMlgdiuAZsirDhUQ3E4MGqgYWJ5X2MTeFvbArQMcwGOXZWzvuuOsE\/sClCxjANIMDDwcp1WE\/W\/GtfzBqsikEYqA6uAQSY2Fi55ksJKn5uC19ElAYwAPqpmI9T8HN1wFTiNIAAMzOzHwcr5+ds1ybiNECBAdBfr8Its+AhCBTDqwEEJDjZuG86aPr+mBC7nigNIMDDxcqzS1vG5AuQTZQGEGDiZOWaAqSJ1gAFDKkATYn\/C5\/3cHYAAAAASUVORK5CYII="]},{"__type":"Needle:#PerpetuumSoft.Instrumentation.Model","Active":true,"BreakEventsBubbling":false,"CssClass":{},"Fill":{"__type":"SolidFill:#PerpetuumSoft.Framework.Drawing","Color":{"knownColor":35,"name":null,"state":1,"value":0}},"JSBindingsText":"this.setEndPoint(this.getInstrument().getByName(\"Slider1\").getPosition(0).add(new PerfectWidgets.Framework.DataObjects.Vector(0,-100)));\u000athis.setStartPoint(this.getInstrument().getByName(\"Slider1\").getPosition(0).add(new PerfectWidgets.Framework.DataObjects.Vector(70,-100)));\u000a","Name":"Needle1","RecalculateAll":false,"Smooth":true,"Stroke":{"__type":"SimpleStroke:#PerpetuumSoft.Framework.Drawing","Width":1,"Color":{"knownColor":35,"name":null,"state":1,"value":0},"DashLenght":5,"DotLenght":1,"SpaceLenght":2,"Style":0},"Style":"Default","ToolTipValue":null,"Visible":true,"EndPoint":{"Height":196.875,"Length":936.55160362363381,"Rotation":0.21179247083896807,"Width":915.625,"X":915.625,"Y":196.875},"StartPoint":{"Height":196.875,"Length":1005.0952224789451,"Rotation":0.19715165741569282,"Width":985.625,"X":985.625,"Y":196.875},"EndWidth":0,"NeedlePoints":[],"ShowMode":0,"StartWidth":62.5},{"__type":"Line:#PerpetuumSoft.Instrumentation.Model","Active":true,"BreakEventsBubbling":false,"CssClass":{},"Fill":null,"JSBindingsText":"this.setStartPoint(this.getInstrument().getByName(\"Slider1\").getPosition(-100).add(new PerfectWidgets.Framework.DataObjects.Vector(50,0)));\u000athis.setEndPoint(this.getInstrument().getByName('Slider2').getPosition(-100).add(new PerfectWidgets.Framework.DataObjects.Vector(-50,0)));\u000a","Name":"Line1","RecalculateAll":false,"Smooth":true,"Stroke":{"__type":"SimpleStroke:#PerpetuumSoft.Framework.Drawing","Width":10,"Color":{"knownColor":35,"name":null,"state":1,"value":0},"DashLenght":5,"DotLenght":1,"SpaceLenght":2,"Style":1},"Style":"Default","ToolTipValue":null,"Visible":true,"EndPoint":{"Height":196.875,"Length":1299.7839203785024,"Rotation":0.1520527174703844,"Width":1284.7873263888889,"X":1284.7873263888889,"Y":196.875},"StartPoint":{"Height":196.875,"Length":985.49043945134247,"Rotation":0.20112688581653948,"Width":965.625,"X":965.625,"Y":196.875}}],"MaxLimit":{"Kind":0,"Value":0},"MinLimit":{"Kind":0,"Value":0},"Step":0,"Value":42.672413793103445},{"__type":"Slider:#PerpetuumSoft.Instrumentation.Model","Active":true,"BreakEventsBubbling":false,"CssClass":{},"Fill":null,"JSBindingsText":null,"Name":"Slider2","RecalculateAll":true,"Smooth":true,"Stroke":null,"Style":"","ToolTipValue":null,"Visible":true,"Elements":[{"__type":"PictureSet:#PerpetuumSoft.Instrumentation.Model","Active":true,"BreakEventsBubbling":false,"CssClass":{},"Fill":null,"JSBindingsText":"this.setCenter(this.getInstrument().getByName(\"Slider2\").getPosition(0).add(new PerfectWidgets.Framework.DataObjects.Vector(12,-160)));\u000athis.setImageIndex(this.getInstrument().getByName('Slider2').getPressed()?\u000d\u000a                    1           \u000d\u000a                   :0\u000d\u000a            );\u000a","Name":"PictureSet2","RecalculateAll":false,"Smooth":true,"Stroke":null,"Style":"","ToolTipValue":null,"Visible":true,"Center":{"Height":136.875,"Length":1353.7248125622621,"Rotation":0.10128298993469531,"Width":1346.7873263888889,"X":1346.7873263888889,"Y":136.875},"Size":{"Height":100,"Length":106.80004681646913,"Rotation":1.2120256565243244,"Width":37.5,"X":37.5,"Y":100},"Angle":0,"ImageIndex":0,"ImagesList":["data:image\/png;base64,iVBORw0KGgoAAAANSUhEUgAAAAwAAAAgCAYAAAAmG5mqAAAABGdBTUEAALGPC\/xhBQAAACBjSFJNAAB6JgAAgIQAAPoAAACA6AAAdTAAAOpgAAA6mAAAF3CculE8AAAACXBIWXMAAA3hAAAN4QEZF+69AAABb0lEQVQ4T2MAgv8kYob\/YVwt\/zPVJuHFIDVwDUVGM\/5fOfgALwapgWvI15v2\/8SG61jxyY03wBikBq4hW3PK\/73zz0PwAuwYpAauIVN10v9N\/cfxYpAauIY0xQn\/l9Xtw4tBauAaUuT6\/s\/K3YaCZ+eh4iSZXoSGBMme\/\/2x6\/DiBIluhIZY0a7\/zd5L\/9c4Lvhfaj77f4HBdDAuMZv1v8pu3v8mryX\/Y0U6ERoCmRvB2J+hHisOYGoAy8M1YFOEDY9qIAYPdQ3GDIG\/mRiY3xOlQZXB5gcrA\/t9oFo5vBp8GWr+SzJofGVl4DgMVMcDUgwCWBV7MpT+52cQ\/8zMwDYfqIYJohQCMBQ7M+T8Z2fg\/czEwFICVYMCUBRbMcT9Z2FgB5rM7AeVxwBwxQYMPr+Bil8BxQwgUtjBfz+Guv\/KDBbAkOC4CeRLQIRxg\/\/iDGpf2Bg4dgLZ8JDAB\/6zMnBOAdIoIYEPpEJpIgADAwCBmlULuBU7iwAAAABJRU5ErkJggg==","data:image\/png;base64,iVBORw0KGgoAAAANSUhEUgAAAAwAAAAgCAYAAAAmG5mqAAAABGdBTUEAALGPC\/xhBQAAACBjSFJNAAB6JgAAgIQAAPoAAACA6AAAdTAAAOpgAAA6mAAAF3CculE8AAAACXBIWXMAAA3hAAAN4QEZF+69AAABbUlEQVQ4T2MAgv8kYob\/U1M2\/19YtgcvBqmBa1het\/\/\/kxtv8GKQGriGpdX7\/t89+xw7PgfBIDVwDYsr9v6\/dughBB9+hBWD1MA1LCzd\/f\/8jjt4MUgNXMP84l3\/j6+7jheD1MA1zCvc+f\/A4kt48dyCnQgNc\/J2\/N858yxePDt3O0LDrOzt\/zf2Hv+\/tv3I\/5WNB\/8vq9kPxisaDv5f03oYLDcrextCw6SEjWA8MW4DVjwpHiIP14BNETY8qoEYPNQ1xNgU\/mZhYnlPlAZXneAf7Kyc94Fq5fBq6ItZ819P1vwrByvXYaA6HpBiEMCquC180X8pQcXPbKxc84FqmCBKIQBDcXXA1P98nIKf2VnYS6BqUACK4mzXpv8crJyfmZmZ\/aDyGACuONwy6zfQva+AYgYQKezg\/4TY9f8dNH1\/cLJx3wTyJSDCuMF\/bRmTL1zsPDuBbHhI4AP\/OVm5pgBplJDAB1KhNBGAgQEAtDT\/FSKpBkIAAAAASUVORK5CYII="]},{"__type":"Needle:#PerpetuumSoft.Instrumentation.Model","Active":true,"BreakEventsBubbling":false,"CssClass":{},"Fill":{"__type":"SolidFill:#PerpetuumSoft.Framework.Drawing","Color":{"knownColor":35,"name":null,"state":1,"value":0}},"JSBindingsText":"this.setEndPoint(this.getInstrument().getByName(\"Slider2\").getPosition(0).add(new PerfectWidgets.Framework.DataObjects.Vector(0,-100)));\u000athis.setStartPoint(this.getInstrument().getByName(\"Slider2\").getPosition(0).add(new PerfectWidgets.Framework.DataObjects.Vector(-70,-100)));\u000a","Name":"Needle2","RecalculateAll":false,"Smooth":true,"Stroke":{"__type":"SimpleStroke:#PerpetuumSoft.Framework.Drawing","Width":1,"Color":{"knownColor":35,"name":null,"state":1,"value":0},"DashLenght":5,"DotLenght":1,"SpaceLenght":2,"Style":0},"Style":"Default","ToolTipValue":null,"Visible":true,"EndPoint":{"Height":196.875,"Length":1349.2282876938943,"Rotation":0.14643957251004866,"Width":1334.7873263888889,"X":1334.7873263888889,"Y":196.875},"StartPoint":{"Height":196.875,"Length":1280.0182602677799,"Rotation":0.15441936535301939,"Width":1264.7873263888889,"X":1264.7873263888889,"Y":196.875},"EndWidth":0,"NeedlePoints":[],"ShowMode":0,"StartWidth":62.5}],"MaxLimit":{"Kind":0,"Value":0},"MinLimit":{"Kind":0,"Value":0},"Step":0,"Value":65.798611111111114},{"__type":"ScaleLabels:#PerpetuumSoft.Instrumentation.Model","Active":true,"BreakEventsBubbling":false,"CssClass":{},"Fill":null,"JSBindingsText":null,"Name":"ScaleLabels1","RecalculateAll":false,"Smooth":true,"Stroke":{"__type":"SimpleStroke:#PerpetuumSoft.Framework.Drawing","Width":1,"Color":{"knownColor":35,"name":null,"state":1,"value":0},"DashLenght":5,"DotLenght":1,"SpaceLenght":2,"Style":0},"Style":"Default","ToolTipValue":null,"Visible":true,"Colorizer":{"__type":"SingleColorColorizer:#PerpetuumSoft.Instrumentation.Model.Drawing","Color":{"knownColor":164,"name":null,"state":1,"value":0}},"Distance":153.125,"Dock":0,"MaxLimitWrapper":{"__type":"SmartValueWrapper:#PerpetuumSoft.Instrumentation.Model","Kind":0,"Value":0},"MinLimitWrapper":{"__type":"SmartValueWrapper:#PerpetuumSoft.Instrumentation.Model","Kind":0,"Value":0},"OriginWrapper":{"__type":"SmartValueWrapper:#PerpetuumSoft.Instrumentation.Model","Kind":0,"Value":0},"Padding":0,"Font":{"Bold":1,"FamilyName":"Microsoft Sans Serif","Italic":2,"Size":11.25,"Strikeout":2,"Underline":2},"Format":{"CurrencyNegativePattern":0,"CurrencyPositivePattern":0,"CurrencySymbol":"$","DateSeparator":".","DecimalPlaces":2,"DecimalSeparator":".","FormatMask":"","FormatStyle":0,"GroupSeparator":" ","NumberNegativePattern":0,"PercentNegativePattern":0,"PercentPositivePattern":0,"UseCultureSettings":true,"UseGroupSeparator":true},"Formula":"","ItemMargins":{},"OddLabelsDistance":0,"Position":1,"ShowSuperposableLabels":true,"TextAlignment":1,"TextAngle":270,"TextRotationMode":1,"Divisions":10,"StepWrapper":{"__type":"SmartValueWrapper:#PerpetuumSoft.Instrumentation.Model","Kind":0,"Value":0},"UseRoundValues":false}],"Colorizer":null,"Maximum":100,"Minimum":0,"Reverse":false}],"Margins":{},"Align":0,"EndPoint":{"Height":296.875,"Length":1977.1034338853519,"Rotation":0.15072660048764178,"Width":1954.6875,"X":1954.6875,"Y":296.875},"GuideDirection":0,"StartPoint":{"Height":296.875,"Length":329.16872691865791,"Rotation":1.1241322227057071,"Width":142.1875,"X":142.1875,"Y":296.875}},{"__type":"Label:#PerpetuumSoft.Instrumentation.Model","Active":true,"BreakEventsBubbling":false,"CssClass":{},"Fill":{"__type":"SolidFill:#PerpetuumSoft.Framework.Drawing","Color":{"knownColor":0,"name":null,"state":2,"value":4283500925}},"JSBindingsText":"this.setCenter((this.getInstrument().getByName('Slider1').getPosition(-150).add(this.getInstrument().getByName('Slider2').getPosition(-150)).divideByNumber(2)));\u000athis.setText(PerfectWidgets.Framework.Utilities.BuiltIn.oldFormat((this.getInstrument().getByName('Slider2').getAnimationValue()-this.getInstrument().getByName('Slider1').getAnimationValue()),\"0.00\"));\u000a","Name":"Label1","RecalculateAll":false,"Smooth":true,"Stroke":{"__type":"SimpleStroke:#PerpetuumSoft.Framework.Drawing","Width":1,"Color":{"knownColor":35,"name":null,"state":1,"value":0},"DashLenght":5,"DotLenght":1,"SpaceLenght":2,"Style":0},"Style":"Default","ToolTipValue":null,"Visible":true,"Center":{"Height":146.875,"Length":1134.7515918983161,"Rotation":0.12979776798732745,"Width":1125.2061631944443,"X":1125.2061631944443,"Y":146.875},"Size":{"Height":96.875,"Length":208.27603378689543,"Rotation":0.48377911713120864,"Width":184.375,"X":184.375,"Y":96.875},"Angle":0,"Font":{"Bold":1,"FamilyName":"Microsoft Sans Serif","Italic":2,"Size":12,"Strikeout":2,"Underline":2},"Margins":{},"Text":"23.13","TextAlign":32}],"Enabled":true,"Focused":false,"GridStep":50,"IsFixed":false,"MeasureUnit":{},"Parameters":[],"ShowGrid":true,"Size":{"Height":596.875,"Length":2180.1707573605331,"Rotation":0.27731521356609212,"Width":2096.875,"X":2096.875,"Y":596.875},"SnapToGrid":false,"Styles":[{"__type":"Style:#PerpetuumSoft.Instrumentation.Styles","Fill":null,"Font":{"Bold":0,"FamilyName":"Microsoft Sans Serif","Italic":0,"Size":10,"Strikeout":0,"Underline":0},"Image":null,"Name":"Default","Stroke":{"__type":"SimpleStroke:#PerpetuumSoft.Framework.Drawing","Width":1,"Color":{"knownColor":35,"name":null,"state":1,"value":0},"DashLenght":5,"DotLenght":1,"SpaceLenght":2,"Style":0}}]}