{"Active":true,"BreakEventsBubbling":false,"CssClass":{},"Fill":null,"JSBindingsText":null,"Name":"Instrument","RecalculateAll":false,"Smooth":true,"Stroke":null,"Style":"Default","ToolTipValue":null,"Visible":true,"Elements":[{"__type":"Gear:#PerpetuumSoft.Instrumentation.Model","Active":true,"BreakEventsBubbling":false,"CssClass":{},"Fill":{"__type":"ConicalFill:#PerpetuumSoft.Framework.Drawing","Angle":0,"Colors":[{"__type":"GradientColor:#PerpetuumSoft.Framework.Drawing","Color":{"knownColor":35,"name":null,"state":1,"value":0},"Portion":0.26543209876543211},{"__type":"GradientColor:#PerpetuumSoft.Framework.Drawing","Color":{"knownColor":164,"name":null,"state":1,"value":0},"Portion":0.11111111111111111},{"__type":"GradientColor:#PerpetuumSoft.Framework.Drawing","Color":{"knownColor":0,"name":null,"state":2,"value":4279189098},"Portion":0.13580246913580246},{"__type":"GradientColor:#PerpetuumSoft.Framework.Drawing","Color":{"knownColor":164,"name":null,"state":1,"value":0},"Portion":0.375},{"__type":"GradientColor:#PerpetuumSoft.Framework.Drawing","Color":{"knownColor":0,"name":null,"state":2,"value":4279189098},"Portion":0.35185185185185186},{"__type":"GradientColor:#PerpetuumSoft.Framework.Drawing","Color":{"knownColor":35,"name":null,"state":1,"value":0},"Portion":0.42592592592592593},{"__type":"GradientColor:#PerpetuumSoft.Framework.Drawing","Color":{"knownColor":164,"name":null,"state":1,"value":0},"Portion":0.62345679012345678},{"__type":"GradientColor:#PerpetuumSoft.Framework.Drawing","Color":{"knownColor":0,"name":null,"state":2,"value":4279189098},"Portion":0.59876543209876543},{"__type":"GradientColor:#PerpetuumSoft.Framework.Drawing","Color":{"knownColor":35,"name":null,"state":1,"value":0},"Portion":0.66666666666666663},{"__type":"GradientColor:#PerpetuumSoft.Framework.Drawing","Color":{"knownColor":164,"name":null,"state":1,"value":0},"Portion":0.87654320987654322},{"__type":"GradientColor:#PerpetuumSoft.Framework.Drawing","Color":{"knownColor":35,"name":null,"state":1,"value":0},"Portion":0.8271604938271605},{"__type":"GradientColor:#PerpetuumSoft.Framework.Drawing","Color":{"knownColor":0,"name":null,"state":2,"value":4279189098},"Portion":0.90740740740740744},{"__type":"GradientColor:#PerpetuumSoft.Framework.Drawing","Color":{"knownColor":35,"name":null,"state":1,"value":0},"Portion":0.07407407407407407},{"__type":"GradientColor:#PerpetuumSoft.Framework.Drawing","Color":{"knownColor":35,"name":null,"state":1,"value":0},"Portion":1}],"CenterColor":{"knownColor":78,"name":null,"state":1,"value":0},"Delta":0,"StartAngle":0,"TotalAngle":359},"JSBindingsText":"this.setCenter(new PerfectWidgets.Framework.DataObjects.Vector((this.getInstrument().getByName('Instrument') .getSize() .getWidth()\/2),(this.getInstrument().getByName('Instrument') .getSize() .getHeight()\/2)));\u000a","Name":"Gear1","RecalculateAll":false,"Smooth":true,"Stroke":{"__type":"SimpleStroke:#PerpetuumSoft.Framework.Drawing","Width":4,"Color":{"knownColor":35,"name":null,"state":1,"value":0},"DashLenght":5,"DotLenght":1,"SpaceLenght":2,"Style":1},"Style":"Gear","ToolTipValue":null,"Visible":true,"Angle":22.32,"Center":{"Height":650,"Length":919.23881554251182,"Rotation":0.78539816339744828,"Width":650,"X":650,"Y":650},"Radius":687.5,"Count":4,"Depth":125,"DimensionsRatio":1},{"__type":"Circle:#PerpetuumSoft.Instrumentation.Model","Active":true,"BreakEventsBubbling":false,"CssClass":{},"Fill":{"__type":"LinearGradientFill:#PerpetuumSoft.Framework.Drawing","Angle":90,"Colors":[{"__type":"GradientColor:#PerpetuumSoft.Framework.Drawing","Color":{"knownColor":35,"name":null,"state":1,"value":0},"Portion":0},{"__type":"GradientColor:#PerpetuumSoft.Framework.Drawing","Color":{"knownColor":0,"name":null,"state":2,"value":4288190616},"Portion":1}],"EndColor":{"knownColor":0,"name":null,"state":2,"value":4288190616},"StartColor":{"knownColor":35,"name":null,"state":1,"value":0}},"JSBindingsText":"this.setCenter(new PerfectWidgets.Framework.DataObjects.Vector((this.getInstrument().getByName('Instrument') .getSize() .getWidth()\/2),(this.getInstrument().getByName('Instrument') .getSize() .getHeight()\/2)));\u000a","Name":"Circle1","RecalculateAll":false,"Smooth":true,"Stroke":{"__type":"SimpleStroke:#PerpetuumSoft.Framework.Drawing","Width":4,"Color":{"knownColor":35,"name":null,"state":1,"value":0},"DashLenght":5,"DotLenght":1,"SpaceLenght":2,"Style":1},"Style":"Circle1","ToolTipValue":null,"Visible":true,"Center":{"Height":650,"Length":919.23881554251182,"Rotation":0.78539816339744828,"Width":650,"X":650,"Y":650},"Radius":637.5},{"__type":"Circle:#PerpetuumSoft.Instrumentation.Model","Active":true,"BreakEventsBubbling":false,"CssClass":{},"Fill":{"__type":"LinearGradientFill:#PerpetuumSoft.Framework.Drawing","Angle":90,"Colors":[{"__type":"GradientColor:#PerpetuumSoft.Framework.Drawing","Color":{"knownColor":0,"name":null,"state":2,"value":4284900966},"Portion":0},{"__type":"GradientColor:#PerpetuumSoft.Framework.Drawing","Color":{"knownColor":0,"name":null,"state":2,"value":4279389571},"Portion":1}],"EndColor":{"knownColor":0,"name":null,"state":2,"value":4279389571},"StartColor":{"knownColor":0,"name":null,"state":2,"value":4284900966}},"JSBindingsText":"this.setCenter(this.getInstrument().getByName('Circle1') .getCenter());\u000a","Name":"Circle2","RecalculateAll":false,"Smooth":true,"Stroke":null,"Style":"Circle2","ToolTipValue":null,"Visible":true,"Center":{"Height":650,"Length":919.23881554251182,"Rotation":0.78539816339744828,"Width":650,"X":650,"Y":650},"Radius":618.75},{"__type":"Circle:#PerpetuumSoft.Instrumentation.Model","Active":true,"BreakEventsBubbling":false,"CssClass":{},"Fill":{"__type":"SphericalFill:#PerpetuumSoft.Framework.Drawing","Angle":205,"Colors":[{"__type":"GradientColor:#PerpetuumSoft.Framework.Drawing","Color":{"knownColor":0,"name":null,"state":2,"value":4292865789},"Portion":0},{"__type":"GradientColor:#PerpetuumSoft.Framework.Drawing","Color":{"knownColor":0,"name":null,"state":2,"value":4278224383},"Portion":1}],"Delta":0.3,"EndColor":{"knownColor":0,"name":null,"state":2,"value":4292865789},"StartColor":{"knownColor":0,"name":null,"state":2,"value":4278224383}},"JSBindingsText":"this.setCenter(this.getInstrument().getByName('Circle1') .getCenter());\u000a","Name":"Circle3","RecalculateAll":false,"Smooth":true,"Stroke":null,"Style":"Circle3","ToolTipValue":null,"Visible":true,"Center":{"Height":650,"Length":919.23881554251182,"Rotation":0.78539816339744828,"Width":650,"X":650,"Y":650},"Radius":546.875},{"__type":"Circle:#PerpetuumSoft.Instrumentation.Model","Active":true,"BreakEventsBubbling":false,"CssClass":{},"Fill":{"__type":"SolidFill:#PerpetuumSoft.Framework.Drawing","Color":{"knownColor":164,"name":null,"state":1,"value":0}},"JSBindingsText":"this.setCenter(this.getInstrument().getByName('Circle1') .getCenter());\u000a","Name":"Circle4","RecalculateAll":false,"Smooth":true,"Stroke":null,"Style":"Circle4","ToolTipValue":null,"Visible":true,"Center":{"Height":650,"Length":919.23881554251182,"Rotation":0.78539816339744828,"Width":650,"X":650,"Y":650},"Radius":156.25},{"__type":"Joint:#PerpetuumSoft.Instrumentation.Model","Active":true,"BreakEventsBubbling":false,"CssClass":{},"Fill":null,"JSBindingsText":"this.setCenter(this.getInstrument().getByName('Circle1') .getCenter());\u000a","Name":"Joint1","RecalculateAll":false,"Smooth":true,"Stroke":null,"Style":"","ToolTipValue":null,"Visible":true,"Elements":[{"__type":"Scale:#PerpetuumSoft.Instrumentation.Model","Active":true,"BreakEventsBubbling":false,"CssClass":{},"Fill":null,"JSBindingsText":null,"Name":"Scale1","RecalculateAll":false,"Smooth":true,"Stroke":null,"Style":"","ToolTipValue":null,"Visible":true,"Elements":[{"__type":"ScaleLabels:#PerpetuumSoft.Instrumentation.Model","Active":true,"BreakEventsBubbling":false,"CssClass":{},"Fill":null,"JSBindingsText":"this.setDistance((this.getInstrument().getByName('Joint1') .getRadius()+100));\u000a","Name":"ScaleLabels1","RecalculateAll":false,"Smooth":true,"Stroke":null,"Style":"ScaleLabels1","ToolTipValue":null,"Visible":true,"Colorizer":{"__type":"SingleColorColorizer:#PerpetuumSoft.Instrumentation.Model.Drawing","Color":{"knownColor":164,"name":null,"state":1,"value":0}},"Distance":490.625,"Dock":0,"MaxLimitWrapper":{"__type":"SmartValueWrapper:#PerpetuumSoft.Instrumentation.Model","Kind":0,"Value":0},"MinLimitWrapper":{"__type":"SmartValueWrapper:#PerpetuumSoft.Instrumentation.Model","Kind":0,"Value":0},"OriginWrapper":{"__type":"SmartValueWrapper:#PerpetuumSoft.Instrumentation.Model","Kind":0,"Value":0},"Padding":0,"Font":{"Bold":1,"FamilyName":"Arial","Italic":2,"Size":15.75,"Strikeout":2,"Underline":2},"Format":{"CurrencyNegativePattern":0,"CurrencyPositivePattern":0,"CurrencySymbol":"$","DateSeparator":".","DecimalPlaces":2,"DecimalSeparator":".","FormatMask":"","FormatStyle":0,"GroupSeparator":" ","NumberNegativePattern":0,"PercentNegativePattern":0,"PercentPositivePattern":0,"UseCultureSettings":true,"UseGroupSeparator":true},"Formula":"","ItemMargins":{},"OddLabelsDistance":0,"Position":1,"ShowSuperposableLabels":true,"TextAlignment":1,"TextAngle":90,"TextRotationMode":1,"Divisions":10,"StepWrapper":{"__type":"SmartValueWrapper:#PerpetuumSoft.Instrumentation.Model","Kind":0,"Value":0},"UseRoundValues":false},{"__type":"Ticks:#PerpetuumSoft.Instrumentation.Model","Active":true,"BreakEventsBubbling":false,"CssClass":{},"Fill":null,"JSBindingsText":"this.setDistance(this.getInstrument().getByName('Joint1') .getRadius());\u000a","Name":"Ticks1","RecalculateAll":false,"Smooth":true,"Stroke":{"__type":"SimpleStroke:#PerpetuumSoft.Framework.Drawing","Width":9,"Color":{"knownColor":164,"name":null,"state":1,"value":0},"DashLenght":5,"DotLenght":1,"SpaceLenght":2,"Style":1},"Style":"Ticks1","ToolTipValue":null,"Visible":true,"Colorizer":null,"Distance":390.625,"Dock":0,"MaxLimitWrapper":{"__type":"SmartValueWrapper:#PerpetuumSoft.Instrumentation.Model","Kind":0,"Value":0},"MinLimitWrapper":{"__type":"SmartValueWrapper:#PerpetuumSoft.Instrumentation.Model","Kind":0,"Value":0},"OriginWrapper":{"__type":"SmartValueWrapper:#PerpetuumSoft.Instrumentation.Model","Kind":0,"Value":0},"Padding":0,"Divisions":10,"StepWrapper":{"__type":"SmartValueWrapper:#PerpetuumSoft.Instrumentation.Model","Kind":0,"Value":0},"SubDivisions":5,"SubTicksPosition":0,"UseDescreteValues":false,"UseRoundValues":false,"Length":56.25,"SubLength":37.5},{"__type":"Slider:#PerpetuumSoft.Instrumentation.Model","Active":true,"BreakEventsBubbling":false,"CssClass":{},"Fill":null,"JSBindingsText":null,"Name":"Slider1","RecalculateAll":false,"Smooth":true,"Stroke":null,"Style":"","ToolTipValue":null,"Visible":true,"Elements":[{"__type":"Rectangle:#PerpetuumSoft.Instrumentation.Model","Active":true,"BreakEventsBubbling":false,"CssClass":{},"Fill":{"__type":"MultiGradientFill:#PerpetuumSoft.Framework.Drawing","Angle":0,"Colors":[{"__type":"GradientColor:#PerpetuumSoft.Framework.Drawing","Color":{"knownColor":0,"name":null,"state":2,"value":4278668948},"Portion":0},{"__type":"GradientColor:#PerpetuumSoft.Framework.Drawing","Color":{"knownColor":35,"name":null,"state":1,"value":0},"Portion":0.12},{"__type":"GradientColor:#PerpetuumSoft.Framework.Drawing","Color":{"knownColor":0,"name":null,"state":2,"value":4293322470},"Portion":0.6},{"__type":"GradientColor:#PerpetuumSoft.Framework.Drawing","Color":{"knownColor":78,"name":null,"state":1,"value":0},"Portion":1}]},"JSBindingsText":"this.setAngle(PerfectWidgets.Framework.DataObjects.Vector.toDegrees(this.getInstrument().getByName('Slider1').getPosition(0).minus(this.getInstrument().getByName('Slider1').getPosition(1)).getRotation()));\u000athis.setCenter(this.getInstrument().getByName(\"Slider1\").getPosition(65.625));\u000a","Name":"Rectangle1","RecalculateAll":false,"Smooth":true,"Stroke":null,"Style":"Rectangle1","ToolTipValue":null,"Visible":true,"Center":{"Height":624.3870330657445,"Length":858.75686412322273,"Rotation":0.81406273181713829,"Width":589.57966774483327,"X":589.57966774483327,"Y":624.3870330657445},"Size":{"Height":37.5,"Length":563.74861418898411,"Rotation":0.066568163775823808,"Width":562.5,"X":562.5,"Y":37.5},"Angle":22.97},{"__type":"Needle:#PerpetuumSoft.Instrumentation.Model","Active":true,"BreakEventsBubbling":false,"CssClass":{},"Fill":{"__type":"SolidFill:#PerpetuumSoft.Framework.Drawing","Color":{"knownColor":0,"name":null,"state":2,"value":4278668948}},"JSBindingsText":"this.setStartPoint(this.getInstrument().getByName(\"Slider1\").getPosition(343.75));\u000athis.setEndPoint(this.getInstrument().getByName(\"Slider1\").getPosition((this.getInstrument().getByName('Joint1') .getRadius()+43.75)));\u000a","Name":"Needle1","RecalculateAll":false,"Smooth":true,"Stroke":null,"Style":"Needle1","ToolTipValue":null,"Visible":true,"EndPoint":{"Height":480.46655219707111,"Length":541.65079637980512,"Rotation":1.0908964706927755,"Width":250.07494364437281,"X":250.07494364437281,"Y":480.46655219707111},"StartPoint":{"Height":515.83683986818573,"Length":614.262373304555,"Rotation":0.99685264927820594,"Width":333.51254533007921,"X":333.51254533007921,"Y":515.83683986818573},"EndWidth":0,"NeedlePoints":[],"ShowMode":0,"StartWidth":37.5}],"MaxLimit":{"Kind":0,"Value":0},"MinLimit":{"Kind":0,"Value":0},"Step":0,"Value":20.210098369257189},{"__type":"Slider:#PerpetuumSoft.Instrumentation.Model","Active":true,"BreakEventsBubbling":false,"CssClass":{},"Fill":null,"JSBindingsText":null,"Name":"Slider2","RecalculateAll":false,"Smooth":true,"Stroke":null,"Style":"","ToolTipValue":null,"Visible":true,"Elements":[{"__type":"Rectangle:#PerpetuumSoft.Instrumentation.Model","Active":true,"BreakEventsBubbling":false,"CssClass":{},"Fill":{"__type":"MultiGradientFill:#PerpetuumSoft.Framework.Drawing","Angle":0,"Colors":[{"__type":"GradientColor:#PerpetuumSoft.Framework.Drawing","Color":{"knownColor":0,"name":null,"state":2,"value":4278668948},"Portion":0},{"__type":"GradientColor:#PerpetuumSoft.Framework.Drawing","Color":{"knownColor":35,"name":null,"state":1,"value":0},"Portion":0.12},{"__type":"GradientColor:#PerpetuumSoft.Framework.Drawing","Color":{"knownColor":0,"name":null,"state":2,"value":4293322470},"Portion":0.6},{"__type":"GradientColor:#PerpetuumSoft.Framework.Drawing","Color":{"knownColor":78,"name":null,"state":1,"value":0},"Portion":1}]},"JSBindingsText":"this.setAngle(PerfectWidgets.Framework.DataObjects.Vector.toDegrees(this.getInstrument().getByName('Slider2').getPosition(0).minus(this.getInstrument().getByName('Slider2').getPosition(1)).getRotation()));\u000athis.setCenter(this.getInstrument().getByName(\"Slider2\").getPosition(65.625));\u000a","Name":"Rectangle2","RecalculateAll":false,"Smooth":true,"Stroke":null,"Style":"Rectangle1","ToolTipValue":null,"Visible":true,"Center":{"Height":584.375,"Length":874.0675835569009,"Rotation":0.732283611004769,"Width":650,"X":650,"Y":584.375},"Size":{"Height":37.5,"Length":563.74861418898411,"Rotation":0.066568163775823808,"Width":562.5,"X":562.5,"Y":37.5},"Angle":90},{"__type":"Needle:#PerpetuumSoft.Instrumentation.Model","Active":true,"BreakEventsBubbling":false,"CssClass":{},"Fill":{"__type":"SolidFill:#PerpetuumSoft.Framework.Drawing","Color":{"knownColor":0,"name":null,"state":2,"value":4278668948}},"JSBindingsText":"this.setStartPoint(this.getInstrument().getByName(\"Slider2\").getPosition(343.75));\u000athis.setEndPoint(this.getInstrument().getByName(\"Slider2\").getPosition((this.getInstrument().getByName('Joint1') .getRadius()+43.75)));\u000a","Name":"Needle2","RecalculateAll":false,"Smooth":true,"Stroke":null,"Style":"Needle1","ToolTipValue":null,"Visible":true,"EndPoint":{"Height":215.625,"Length":684.8314687753475,"Rotation":0.32030755395520433,"Width":649.99999999999989,"X":649.99999999999989,"Y":215.625},"StartPoint":{"Height":306.25,"Length":718.53257580989316,"Rotation":0.44030554574562286,"Width":649.99999999999989,"X":649.99999999999989,"Y":306.25},"EndWidth":0,"NeedlePoints":[],"ShowMode":0,"StartWidth":37.5}],"MaxLimit":{"Kind":0,"Value":0},"MinLimit":{"Kind":0,"Value":0},"Step":0,"Value":50}],"Colorizer":null,"Maximum":100,"Minimum":0,"Reverse":false}],"Margins":{},"Center":{"Height":650,"Length":919.23881554251182,"Rotation":0.78539816339744828,"Width":650,"X":650,"Y":650},"Dock":0,"Radius":390.625,"StartAngle":157.5,"TotalAngle":225},{"__type":"Joint:#PerpetuumSoft.Instrumentation.Model","Active":true,"BreakEventsBubbling":false,"CssClass":{},"Fill":null,"JSBindingsText":"this.setCenter(this.getInstrument().getByName('Joint1') .getCenter());\u000a","Name":"Joint3","RecalculateAll":false,"Smooth":true,"Stroke":null,"Style":"","ToolTipValue":null,"Visible":true,"Elements":[{"__type":"Scale:#PerpetuumSoft.Instrumentation.Model","Active":true,"BreakEventsBubbling":false,"CssClass":{},"Fill":null,"JSBindingsText":null,"Name":"Scale3","RecalculateAll":false,"Smooth":true,"Stroke":null,"Style":"","ToolTipValue":null,"Visible":true,"Elements":[{"__type":"RangedLevel:#PerpetuumSoft.Instrumentation.Model","Active":true,"BreakEventsBubbling":false,"CssClass":{},"Fill":null,"JSBindingsText":null,"Name":"RangedLevel1","RecalculateAll":false,"Smooth":true,"Stroke":null,"Style":"Default","ToolTipValue":null,"Visible":true,"Colorizer":null,"Distance":75,"Dock":0,"MaxLimitWrapper":{"__type":"SmartValueWrapper:#PerpetuumSoft.Instrumentation.Model","Kind":0,"Value":0},"MinLimitWrapper":{"__type":"SmartValueWrapper:#PerpetuumSoft.Instrumentation.Model","Kind":0,"Value":0},"OriginWrapper":{"__type":"SmartValueWrapper:#PerpetuumSoft.Instrumentation.Model","Kind":0,"Value":0},"Padding":0,"ValueWrapper":{"__type":"SmartValueWrapper:#PerpetuumSoft.Instrumentation.Model","Kind":0,"Value":0},"Colors":[{"__type":"ColorSection:#PerpetuumSoft.Instrumentation.Model.Drawing","Color":{"knownColor":35,"name":null,"state":1,"value":0},"Portion":0.2},{"__type":"ColorSection:#PerpetuumSoft.Instrumentation.Model.Drawing","Color":{"knownColor":0,"name":null,"state":2,"value":4293190884},"Portion":0.5},{"__type":"ColorSection:#PerpetuumSoft.Instrumentation.Model.Drawing","Color":{"knownColor":35,"name":null,"state":1,"value":0},"Portion":0.8}],"Divisions":0,"DivisionsStroke":null,"EndColor":{"knownColor":0,"name":null,"state":2,"value":4278668948},"StartColor":{"knownColor":0,"name":null,"state":2,"value":4278668948},"AlignmentMode":2,"EndWidth":62.5,"StartWidth":62.5}],"Colorizer":null,"Maximum":100,"Minimum":0,"Reverse":false}],"Margins":{},"Center":{"Height":650,"Length":919.23881554251182,"Rotation":0.78539816339744828,"Width":650,"X":650,"Y":650},"Dock":0,"Radius":0,"StartAngle":45,"TotalAngle":360},{"__type":"Circle:#PerpetuumSoft.Instrumentation.Model","Active":true,"BreakEventsBubbling":false,"CssClass":{},"Fill":{"__type":"LinearGradientFill:#PerpetuumSoft.Framework.Drawing","Angle":45,"Colors":[{"__type":"GradientColor:#PerpetuumSoft.Framework.Drawing","Color":{"knownColor":35,"name":null,"state":1,"value":0},"Portion":0},{"__type":"GradientColor:#PerpetuumSoft.Framework.Drawing","Color":{"knownColor":0,"name":null,"state":2,"value":4288059030},"Portion":1}],"EndColor":{"knownColor":0,"name":null,"state":2,"value":4288059030},"StartColor":{"knownColor":35,"name":null,"state":1,"value":0}},"JSBindingsText":"this.setCenter(this.getInstrument().getByName('Circle1') .getCenter());\u000a","Name":"Circle6","RecalculateAll":false,"Smooth":true,"Stroke":null,"Style":"Circle6","ToolTipValue":null,"Visible":true,"Center":{"Height":650,"Length":919.23881554251182,"Rotation":0.78539816339744828,"Width":650,"X":650,"Y":650},"Radius":75},{"__type":"Joint:#PerpetuumSoft.Instrumentation.Model","Active":true,"BreakEventsBubbling":false,"CssClass":{},"Fill":null,"JSBindingsText":"this.setCenter(this.getInstrument().getByName('Circle1') .getCenter());\u000athis.setRadius((this.getInstrument().getByName('Joint1') .getRadius()-12.5));\u000a","Name":"Joint2","RecalculateAll":false,"Smooth":true,"Stroke":null,"Style":"","ToolTipValue":null,"Visible":true,"Elements":[{"__type":"Scale:#PerpetuumSoft.Instrumentation.Model","Active":true,"BreakEventsBubbling":false,"CssClass":{},"Fill":null,"JSBindingsText":null,"Name":"Scale2","RecalculateAll":false,"Smooth":true,"Stroke":null,"Style":"","ToolTipValue":null,"Visible":true,"Elements":[{"__type":"RingSector:#PerpetuumSoft.Instrumentation.Model","Active":true,"BreakEventsBubbling":false,"CssClass":{},"Fill":{"__type":"LinearGradientFill:#PerpetuumSoft.Framework.Drawing","Angle":0,"Colors":[{"__type":"GradientColor:#PerpetuumSoft.Framework.Drawing","Color":{"knownColor":78,"name":null,"state":1,"value":0},"Portion":0},{"__type":"GradientColor:#PerpetuumSoft.Framework.Drawing","Color":{"knownColor":35,"name":null,"state":1,"value":0},"Portion":1}],"EndColor":{"knownColor":35,"name":null,"state":1,"value":0},"StartColor":{"knownColor":78,"name":null,"state":1,"value":0}},"JSBindingsText":"this.setCenter(this.getInstrument().getByName('Joint2') .getCenter());\u000athis.setSize(new PerfectWidgets.Framework.DataObjects.Vector(((this.getInstrument().getByName('Joint2') .getRadius()*2)+281.25),((this.getInstrument().getByName('Joint2') .getRadius()*2)+281.25)));\u000a","Name":"RingSector2","RecalculateAll":false,"Smooth":true,"Stroke":{"__type":"SimpleStroke:#PerpetuumSoft.Framework.Drawing","Width":4,"Color":{"knownColor":164,"name":null,"state":1,"value":0},"DashLenght":5,"DotLenght":1,"SpaceLenght":2,"Style":1},"Style":"RingSector2","ToolTipValue":null,"Visible":true,"Center":{"Height":650,"Length":919.23881554251182,"Rotation":0.78539816339744828,"Width":650,"X":650,"Y":650},"Size":{"Height":1037.5,"Length":1467.246570962086,"Rotation":0.78539816339744828,"Width":1037.5,"X":1037.5,"Y":1037.5},"Angle":0,"StartAngle":33,"SweepAngle":114,"InternalRadius":0.65},{"__type":"Ticks:#PerpetuumSoft.Instrumentation.Model","Active":true,"BreakEventsBubbling":false,"CssClass":{},"Fill":null,"JSBindingsText":"this.setDistance(this.getInstrument().getByName('Joint2') .getStartDistance());\u000a","Name":"Ticks3","RecalculateAll":false,"Smooth":true,"Stroke":{"__type":"SimpleStroke:#PerpetuumSoft.Framework.Drawing","Width":6,"Color":{"knownColor":164,"name":null,"state":1,"value":0},"DashLenght":5,"DotLenght":1,"SpaceLenght":2,"Style":1},"Style":"Ticks2","ToolTipValue":null,"Visible":true,"Colorizer":null,"Distance":378.125,"Dock":0,"MaxLimitWrapper":{"__type":"SmartValueWrapper:#PerpetuumSoft.Instrumentation.Model","Kind":0,"Value":0},"MinLimitWrapper":{"__type":"SmartValueWrapper:#PerpetuumSoft.Instrumentation.Model","Kind":0,"Value":0},"OriginWrapper":{"__type":"SmartValueWrapper:#PerpetuumSoft.Instrumentation.Model","Kind":0,"Value":0},"Padding":0,"Divisions":5,"StepWrapper":{"__type":"SmartValueWrapper:#PerpetuumSoft.Instrumentation.Model","Kind":0,"Value":0},"SubDivisions":5,"SubTicksPosition":0,"UseDescreteValues":false,"UseRoundValues":false,"Length":37.5,"SubLength":25},{"__type":"ScaleLabels:#PerpetuumSoft.Instrumentation.Model","Active":true,"BreakEventsBubbling":false,"CssClass":{},"Fill":null,"JSBindingsText":"this.setDistance((this.getInstrument().getByName('Joint2') .getStartDistance()+75));\u000a","Name":"ScaleLabels2","RecalculateAll":false,"Smooth":true,"Stroke":null,"Style":"ScaleLabels2","ToolTipValue":null,"Visible":true,"Colorizer":{"__type":"SingleColorColorizer:#PerpetuumSoft.Instrumentation.Model.Drawing","Color":{"knownColor":164,"name":null,"state":1,"value":0}},"Distance":453.125,"Dock":0,"MaxLimitWrapper":{"__type":"SmartValueWrapper:#PerpetuumSoft.Instrumentation.Model","Kind":0,"Value":0},"MinLimitWrapper":{"__type":"SmartValueWrapper:#PerpetuumSoft.Instrumentation.Model","Kind":0,"Value":0},"OriginWrapper":{"__type":"SmartValueWrapper:#PerpetuumSoft.Instrumentation.Model","Kind":0,"Value":0},"Padding":0,"Font":{"Bold":1,"FamilyName":"Arial","Italic":2,"Size":12,"Strikeout":2,"Underline":2},"Format":{"CurrencyNegativePattern":0,"CurrencyPositivePattern":0,"CurrencySymbol":"$","DateSeparator":".","DecimalPlaces":2,"DecimalSeparator":".","FormatMask":"","FormatStyle":0,"GroupSeparator":" ","NumberNegativePattern":0,"PercentNegativePattern":0,"PercentPositivePattern":0,"UseCultureSettings":true,"UseGroupSeparator":true},"Formula":"","ItemMargins":{},"OddLabelsDistance":0,"Position":1,"ShowSuperposableLabels":true,"TextAlignment":1,"TextAngle":-90,"TextRotationMode":1,"Divisions":5,"StepWrapper":{"__type":"SmartValueWrapper:#PerpetuumSoft.Instrumentation.Model","Kind":0,"Value":0},"UseRoundValues":false},{"__type":"Slider:#PerpetuumSoft.Instrumentation.Model","Active":true,"BreakEventsBubbling":false,"CssClass":{},"Fill":null,"JSBindingsText":null,"Name":"Slider3","RecalculateAll":false,"Smooth":true,"Stroke":null,"Style":"","ToolTipValue":null,"Visible":true,"Elements":[{"__type":"Needle:#PerpetuumSoft.Instrumentation.Model","Active":true,"BreakEventsBubbling":false,"CssClass":{},"Fill":{"__type":"SolidFill:#PerpetuumSoft.Framework.Drawing","Color":{"knownColor":164,"name":null,"state":1,"value":0}},"JSBindingsText":"this.setEndPoint(this.getInstrument().getByName(\"Slider3\").getPosition(this.getInstrument().getByName('Joint2') .getRadius()));\u000athis.setStartPoint(this.getInstrument().getByName(\"Slider3\").getPosition((this.getInstrument().getByName('Joint2') .getRadius()-43.75)));\u000a","Name":"Needle3","RecalculateAll":false,"Smooth":true,"Stroke":null,"Style":"Needle3","ToolTipValue":null,"Visible":true,"EndPoint":{"Height":1020.3955702377808,"Length":1170.7306983648505,"Rotation":1.0584335813120338,"Width":573.93662396902721,"X":573.93662396902721,"Y":1020.3955702377808},"StartPoint":{"Height":977.539884425145,"Length":1138.0540580698221,"Rotation":1.033229920060992,"Width":582.73734516269349,"X":582.73734516269349,"Y":977.539884425145},"EndWidth":0,"NeedlePoints":[],"ShowMode":0,"StartWidth":50}],"MaxLimit":{"Kind":0,"Value":0},"MinLimit":{"Kind":0,"Value":0},"Step":0,"Value":0.616047623563788}],"Colorizer":null,"Maximum":1,"Minimum":0,"Reverse":false}],"Margins":{},"Center":{"Height":650,"Length":919.23881554251182,"Rotation":0.78539816339744828,"Width":650,"X":650,"Y":650},"Dock":0,"Radius":378.125,"StartAngle":40,"TotalAngle":100},{"__type":"Highlight:#PerpetuumSoft.Instrumentation.Model","Active":true,"BreakEventsBubbling":false,"CssClass":{},"Fill":{"__type":"SolidFill:#PerpetuumSoft.Framework.Drawing","Color":{"knownColor":0,"name":null,"state":2,"value":1526726655}},"JSBindingsText":"this.setCenter(this.getInstrument().getByName('Joint1') .getCenter());\u000a","Name":"Highlight1","RecalculateAll":false,"Smooth":true,"Stroke":null,"Style":"Highlight1","ToolTipValue":null,"Visible":true,"Angle":177.86,"Center":{"Height":650,"Length":919.23881554251182,"Rotation":0.78539816339744828,"Width":650,"X":650,"Y":650},"Radius":531.25,"K":0.6,"SweepAngle":100}],"Enabled":true,"Focused":false,"GridStep":50,"IsFixed":false,"MeasureUnit":{},"Parameters":[],"ShowGrid":true,"Size":{"Height":1300,"Length":1838.4776310850236,"Rotation":0.78539816339744828,"Width":1300,"X":1300,"Y":1300},"SnapToGrid":false,"Styles":[{"__type":"Style:#PerpetuumSoft.Instrumentation.Styles","Fill":null,"Font":{"Bold":0,"FamilyName":"Microsoft Sans Serif","Italic":0,"Size":10,"Strikeout":0,"Underline":0},"Image":null,"Name":"Default","Stroke":null},{"__type":"Style:#PerpetuumSoft.Instrumentation.Styles","Fill":{"__type":"ConicalFill:#PerpetuumSoft.Framework.Drawing","Angle":0,"Colors":[{"__type":"GradientColor:#PerpetuumSoft.Framework.Drawing","Color":{"knownColor":35,"name":null,"state":1,"value":0},"Portion":0.26543209876543211},{"__type":"GradientColor:#PerpetuumSoft.Framework.Drawing","Color":{"knownColor":164,"name":null,"state":1,"value":0},"Portion":0.11111111111111111},{"__type":"GradientColor:#PerpetuumSoft.Framework.Drawing","Color":{"knownColor":0,"name":null,"state":2,"value":4279189098},"Portion":0.13580246913580246},{"__type":"GradientColor:#PerpetuumSoft.Framework.Drawing","Color":{"knownColor":164,"name":null,"state":1,"value":0},"Portion":0.375},{"__type":"GradientColor:#PerpetuumSoft.Framework.Drawing","Color":{"knownColor":0,"name":null,"state":2,"value":4279189098},"Portion":0.35185185185185186},{"__type":"GradientColor:#PerpetuumSoft.Framework.Drawing","Color":{"knownColor":35,"name":null,"state":1,"value":0},"Portion":0.42592592592592593},{"__type":"GradientColor:#PerpetuumSoft.Framework.Drawing","Color":{"knownColor":164,"name":null,"state":1,"value":0},"Portion":0.62345679012345678},{"__type":"GradientColor:#PerpetuumSoft.Framework.Drawing","Color":{"knownColor":0,"name":null,"state":2,"value":4279189098},"Portion":0.59876543209876543},{"__type":"GradientColor:#PerpetuumSoft.Framework.Drawing","Color":{"knownColor":35,"name":null,"state":1,"value":0},"Portion":0.66666666666666663},{"__type":"GradientColor:#PerpetuumSoft.Framework.Drawing","Color":{"knownColor":164,"name":null,"state":1,"value":0},"Portion":0.87654320987654322},{"__type":"GradientColor:#PerpetuumSoft.Framework.Drawing","Color":{"knownColor":35,"name":null,"state":1,"value":0},"Portion":0.8271604938271605},{"__type":"GradientColor:#PerpetuumSoft.Framework.Drawing","Color":{"knownColor":0,"name":null,"state":2,"value":4279189098},"Portion":0.90740740740740744},{"__type":"GradientColor:#PerpetuumSoft.Framework.Drawing","Color":{"knownColor":35,"name":null,"state":1,"value":0},"Portion":0.07407407407407407},{"__type":"GradientColor:#PerpetuumSoft.Framework.Drawing","Color":{"knownColor":35,"name":null,"state":1,"value":0},"Portion":1}],"CenterColor":{"knownColor":78,"name":null,"state":1,"value":0},"Delta":0,"StartAngle":0,"TotalAngle":359},"Font":null,"Image":null,"Name":"Gear","Stroke":{"__type":"SimpleStroke:#PerpetuumSoft.Framework.Drawing","Width":4,"Color":{"knownColor":35,"name":null,"state":1,"value":0},"DashLenght":5,"DotLenght":1,"SpaceLenght":2,"Style":1}},{"__type":"Style:#PerpetuumSoft.Instrumentation.Styles","Fill":{"__type":"LinearGradientFill:#PerpetuumSoft.Framework.Drawing","Angle":90,"Colors":[{"__type":"GradientColor:#PerpetuumSoft.Framework.Drawing","Color":{"knownColor":35,"name":null,"state":1,"value":0},"Portion":0},{"__type":"GradientColor:#PerpetuumSoft.Framework.Drawing","Color":{"knownColor":0,"name":null,"state":2,"value":4288190616},"Portion":1}],"EndColor":{"knownColor":0,"name":null,"state":2,"value":4288190616},"StartColor":{"knownColor":35,"name":null,"state":1,"value":0}},"Font":null,"Image":null,"Name":"Circle1","Stroke":{"__type":"SimpleStroke:#PerpetuumSoft.Framework.Drawing","Width":4,"Color":{"knownColor":35,"name":null,"state":1,"value":0},"DashLenght":5,"DotLenght":1,"SpaceLenght":2,"Style":1}},{"__type":"Style:#PerpetuumSoft.Instrumentation.Styles","Fill":{"__type":"LinearGradientFill:#PerpetuumSoft.Framework.Drawing","Angle":90,"Colors":[{"__type":"GradientColor:#PerpetuumSoft.Framework.Drawing","Color":{"knownColor":0,"name":null,"state":2,"value":4284900966},"Portion":0},{"__type":"GradientColor:#PerpetuumSoft.Framework.Drawing","Color":{"knownColor":0,"name":null,"state":2,"value":4279389571},"Portion":1}],"EndColor":{"knownColor":0,"name":null,"state":2,"value":4279389571},"StartColor":{"knownColor":0,"name":null,"state":2,"value":4284900966}},"Font":null,"Image":null,"Name":"Circle2","Stroke":null},{"__type":"Style:#PerpetuumSoft.Instrumentation.Styles","Fill":{"__type":"SphericalFill:#PerpetuumSoft.Framework.Drawing","Angle":205,"Colors":[{"__type":"GradientColor:#PerpetuumSoft.Framework.Drawing","Color":{"knownColor":0,"name":null,"state":2,"value":4292865789},"Portion":0},{"__type":"GradientColor:#PerpetuumSoft.Framework.Drawing","Color":{"knownColor":0,"name":null,"state":2,"value":4278224383},"Portion":1}],"Delta":0.3,"EndColor":{"knownColor":0,"name":null,"state":2,"value":4292865789},"StartColor":{"knownColor":0,"name":null,"state":2,"value":4278224383}},"Font":null,"Image":null,"Name":"Circle3","Stroke":null},{"__type":"Style:#PerpetuumSoft.Instrumentation.Styles","Fill":{"__type":"SolidFill:#PerpetuumSoft.Framework.Drawing","Color":{"knownColor":164,"name":null,"state":1,"value":0}},"Font":null,"Image":null,"Name":"Circle4","Stroke":null},{"__type":"Style:#PerpetuumSoft.Instrumentation.Styles","Fill":{"__type":"LinearGradientFill:#PerpetuumSoft.Framework.Drawing","Angle":45,"Colors":[{"__type":"GradientColor:#PerpetuumSoft.Framework.Drawing","Color":{"knownColor":35,"name":null,"state":1,"value":0},"Portion":0},{"__type":"GradientColor:#PerpetuumSoft.Framework.Drawing","Color":{"knownColor":0,"name":null,"state":2,"value":4288059030},"Portion":1}],"EndColor":{"knownColor":0,"name":null,"state":2,"value":4288059030},"StartColor":{"knownColor":35,"name":null,"state":1,"value":0}},"Font":null,"Image":null,"Name":"Circle6","Stroke":null},{"__type":"Style:#PerpetuumSoft.Instrumentation.Styles","Fill":{"__type":"SolidFill:#PerpetuumSoft.Framework.Drawing","Color":{"knownColor":0,"name":null,"state":2,"value":4278668948}},"Font":null,"Image":null,"Name":"Needle1","Stroke":null},{"__type":"Style:#PerpetuumSoft.Instrumentation.Styles","Fill":{"__type":"SolidFill:#PerpetuumSoft.Framework.Drawing","Color":{"knownColor":164,"name":null,"state":1,"value":0}},"Font":null,"Image":null,"Name":"Needle3","Stroke":null},{"__type":"Style:#PerpetuumSoft.Instrumentation.Styles","Fill":{"__type":"MultiGradientFill:#PerpetuumSoft.Framework.Drawing","Angle":0,"Colors":[{"__type":"GradientColor:#PerpetuumSoft.Framework.Drawing","Color":{"knownColor":0,"name":null,"state":2,"value":4278668948},"Portion":0},{"__type":"GradientColor:#PerpetuumSoft.Framework.Drawing","Color":{"knownColor":35,"name":null,"state":1,"value":0},"Portion":0.12},{"__type":"GradientColor:#PerpetuumSoft.Framework.Drawing","Color":{"knownColor":0,"name":null,"state":2,"value":4293322470},"Portion":0.6},{"__type":"GradientColor:#PerpetuumSoft.Framework.Drawing","Color":{"knownColor":78,"name":null,"state":1,"value":0},"Portion":1}]},"Font":null,"Image":null,"Name":"Rectangle1","Stroke":null},{"__type":"Style:#PerpetuumSoft.Instrumentation.Styles","Fill":null,"Font":null,"Image":null,"Name":"Ticks1","Stroke":{"__type":"SimpleStroke:#PerpetuumSoft.Framework.Drawing","Width":9,"Color":{"knownColor":164,"name":null,"state":1,"value":0},"DashLenght":5,"DotLenght":1,"SpaceLenght":2,"Style":1}},{"__type":"Style:#PerpetuumSoft.Instrumentation.Styles","Fill":null,"Font":null,"Image":null,"Name":"Ticks2","Stroke":{"__type":"SimpleStroke:#PerpetuumSoft.Framework.Drawing","Width":6,"Color":{"knownColor":164,"name":null,"state":1,"value":0},"DashLenght":5,"DotLenght":1,"SpaceLenght":2,"Style":1}},{"__type":"Style:#PerpetuumSoft.Instrumentation.Styles","Fill":null,"Font":{"Bold":1,"FamilyName":"Arial","Italic":2,"Size":15.75,"Strikeout":2,"Underline":2},"Image":null,"Name":"ScaleLabels1","Stroke":null},{"__type":"Style:#PerpetuumSoft.Instrumentation.Styles","Fill":null,"Font":{"Bold":1,"FamilyName":"Arial","Italic":2,"Size":12,"Strikeout":2,"Underline":2},"Image":null,"Name":"ScaleLabels2","Stroke":null},{"__type":"Style:#PerpetuumSoft.Instrumentation.Styles","Fill":{"__type":"LinearGradientFill:#PerpetuumSoft.Framework.Drawing","Angle":0,"Colors":[{"__type":"GradientColor:#PerpetuumSoft.Framework.Drawing","Color":{"knownColor":78,"name":null,"state":1,"value":0},"Portion":0},{"__type":"GradientColor:#PerpetuumSoft.Framework.Drawing","Color":{"knownColor":35,"name":null,"state":1,"value":0},"Portion":1}],"EndColor":{"knownColor":35,"name":null,"state":1,"value":0},"StartColor":{"knownColor":78,"name":null,"state":1,"value":0}},"Font":null,"Image":null,"Name":"RingSector2","Stroke":{"__type":"SimpleStroke:#PerpetuumSoft.Framework.Drawing","Width":4,"Color":{"knownColor":164,"name":null,"state":1,"value":0},"DashLenght":5,"DotLenght":1,"SpaceLenght":2,"Style":1}},{"__type":"Style:#PerpetuumSoft.Instrumentation.Styles","Fill":{"__type":"SolidFill:#PerpetuumSoft.Framework.Drawing","Color":{"knownColor":0,"name":null,"state":2,"value":1526726655}},"Font":null,"Image":null,"Name":"Highlight1","Stroke":null}]}