{"Active":true,"BreakEventsBubbling":false,"CssClass":{},"Fill":null,"JSBindingsText":null,"Name":"Instrument","RecalculateAll":false,"Smooth":true,"Stroke":null,"Style":"","ToolTipValue":null,"Visible":true,"Elements":[{"__type":"Guide:#PerpetuumSoft.Instrumentation.Model","Active":true,"BreakEventsBubbling":false,"CssClass":{},"Fill":null,"JSBindingsText":null,"Name":"Guide1","RecalculateAll":false,"Smooth":true,"Stroke":null,"Style":"","ToolTipValue":null,"Visible":true,"Elements":[{"__type":"Scale:#PerpetuumSoft.Instrumentation.Model","Active":true,"BreakEventsBubbling":false,"CssClass":{},"Fill":null,"JSBindingsText":null,"Name":"Scale1","RecalculateAll":false,"Smooth":true,"Stroke":null,"Style":"","ToolTipValue":null,"Visible":true,"Elements":[{"__type":"NumericLabels:#PerpetuumSoft.Instrumentation.Model","Active":true,"BreakEventsBubbling":false,"CssClass":{},"Fill":null,"JSBindingsText":"this.setDistance((PerfectWidgets.Framework.Geometry.GeometryUtilities.getDistance(this.getInstrument().getByName('Guide1').getStartPoint(), this.getInstrument().getByName('Guide1').getEndPoint())\/4));\u000a","Name":"NumericLabels1","RecalculateAll":false,"Smooth":false,"Stroke":null,"Style":"","ToolTipValue":null,"Visible":true,"Colorizer":null,"Distance":192.1875,"Dock":0,"MaxLimitWrapper":{"__type":"SmartValueWrapper:#PerpetuumSoft.Instrumentation.Model","Kind":0,"Value":0},"MinLimitWrapper":{"__type":"SmartValueWrapper:#PerpetuumSoft.Instrumentation.Model","Kind":0,"Value":0},"OriginWrapper":{"__type":"SmartValueWrapper:#PerpetuumSoft.Instrumentation.Model","Kind":0,"Value":0},"Padding":0,"Font":{"Bold":0,"FamilyName":"Microsoft Sans Serif","Italic":0,"Size":10,"Strikeout":0,"Underline":0},"Format":{"CurrencyNegativePattern":0,"CurrencyPositivePattern":0,"CurrencySymbol":"$","DateSeparator":".","DecimalPlaces":2,"DecimalSeparator":".","FormatMask":"","FormatStyle":0,"GroupSeparator":" ","NumberNegativePattern":0,"PercentNegativePattern":0,"PercentPositivePattern":0,"UseCultureSettings":true,"UseGroupSeparator":true},"Formula":"","ItemMargins":{},"OddLabelsDistance":0,"Position":1,"ShowSuperposableLabels":true,"TextAlignment":1,"TextAngle":0,"TextRotationMode":1,"Divisions":10,"StepWrapper":{"__type":"SmartValueWrapper:#PerpetuumSoft.Instrumentation.Model","Kind":0,"Value":0},"UseRoundValues":false},{"__type":"Ticks:#PerpetuumSoft.Instrumentation.Model","Active":true,"BreakEventsBubbling":false,"CssClass":{},"Fill":{"__type":"SolidFill:#PerpetuumSoft.Framework.Drawing","Color":{"knownColor":164,"name":null,"state":1,"value":0}},"JSBindingsText":"this.setDistance((PerfectWidgets.Framework.Geometry.GeometryUtilities.getDistance(this.getInstrument().getByName('Guide1').getStartPoint(), this.getInstrument().getByName('Guide1').getEndPoint())\/6));\u000a","Name":"Ticks1","RecalculateAll":false,"Smooth":true,"Stroke":{"__type":"SimpleStroke:#PerpetuumSoft.Framework.Drawing","Width":1,"Color":{"knownColor":35,"name":null,"state":1,"value":0},"DashLenght":5,"DotLenght":1,"SpaceLenght":2,"Style":1},"Style":"Default","ToolTipValue":null,"Visible":true,"Colorizer":null,"Distance":128.125,"Dock":0,"MaxLimitWrapper":{"__type":"SmartValueWrapper:#PerpetuumSoft.Instrumentation.Model","Kind":0,"Value":0},"MinLimitWrapper":{"__type":"SmartValueWrapper:#PerpetuumSoft.Instrumentation.Model","Kind":0,"Value":0},"OriginWrapper":{"__type":"SmartValueWrapper:#PerpetuumSoft.Instrumentation.Model","Kind":0,"Value":0},"Padding":0,"Divisions":10,"StepWrapper":{"__type":"SmartValueWrapper:#PerpetuumSoft.Instrumentation.Model","Kind":0,"Value":0},"SubDivisions":4,"SubTicksPosition":0,"UseDescreteValues":false,"UseRoundValues":false,"Length":10,"SubLength":5},{"__type":"Slider:#PerpetuumSoft.Instrumentation.Model","Active":true,"BreakEventsBubbling":false,"CssClass":{},"Fill":null,"JSBindingsText":null,"Name":"Slider1","RecalculateAll":false,"Smooth":true,"Stroke":null,"Style":"","ToolTipValue":null,"Visible":true,"Elements":[{"__type":"Tank:#PerpetuumSoft.Instrumentation.Model","Active":true,"BreakEventsBubbling":false,"CssClass":{},"Fill":null,"JSBindingsText":"this.setValue(this.getInstrument().getByName('Slider1').getAnimationValue());\u000athis.setWidth((PerfectWidgets.Framework.Geometry.GeometryUtilities.getDistance(this.getInstrument().getByName('Guide1').getStartPoint(), this.getInstrument().getByName('Guide1').getEndPoint())\/6));\u000athis.setDepth((PerfectWidgets.Framework.Geometry.GeometryUtilities.getDistance(this.getInstrument().getByName('Guide1').getStartPoint(), this.getInstrument().getByName('Guide1').getEndPoint())\/12));\u000a","Name":"Tank1","RecalculateAll":false,"Smooth":true,"Stroke":null,"Style":"","ToolTipValue":null,"Visible":true,"Colorizer":null,"Distance":0,"Dock":0,"MaxLimitWrapper":{"__type":"SmartValueWrapper:#PerpetuumSoft.Instrumentation.Model","Kind":0,"Value":0},"MinLimitWrapper":{"__type":"SmartValueWrapper:#PerpetuumSoft.Instrumentation.Model","Kind":0,"Value":0},"OriginWrapper":{"__type":"SmartValueWrapper:#PerpetuumSoft.Instrumentation.Model","Kind":0,"Value":0},"Padding":0,"ValueWrapper":{"__type":"SmartValueWrapper:#PerpetuumSoft.Instrumentation.Model","Kind":1,"Value":48.3739837398374},"Depth":64.0625,"Effect3D":0,"LiquidColor":{"knownColor":151,"name":null,"state":1,"value":0},"TankColor":{"knownColor":74,"name":null,"state":1,"value":0},"TankWidth":25,"Width":128.125}],"MaxLimit":{"Kind":0,"Value":0},"MinLimit":{"Kind":0,"Value":0},"Step":0,"Value":48.3739837398374}],"Colorizer":null,"Maximum":50,"Minimum":0,"Reverse":false}],"Margins":{},"Align":0,"EndPoint":{"Height":93.75,"Length":237.99290955824714,"Rotation":0.40489178628508343,"Width":218.75,"X":218.75,"Y":93.75},"GuideDirection":1,"StartPoint":{"Height":862.5,"Length":889.8077390650185,"Rotation":1.3224105218266067,"Width":218.75,"X":218.75,"Y":862.5}}],"Enabled":true,"Focused":false,"GridStep":50,"IsFixed":false,"MeasureUnit":{},"Parameters":[],"ShowGrid":false,"Size":{"Height":1050,"Length":1162.9703349613008,"Rotation":1.1263771168937977,"Width":500,"X":500,"Y":1050},"SnapToGrid":true,"Styles":[{"__type":"Style:#PerpetuumSoft.Instrumentation.Styles","Fill":{"__type":"SolidFill:#PerpetuumSoft.Framework.Drawing","Color":{"knownColor":164,"name":null,"state":1,"value":0}},"Font":{"Bold":0,"FamilyName":"Microsoft Sans Serif","Italic":0,"Size":10,"Strikeout":0,"Underline":0},"Image":null,"Name":"Default","Stroke":{"__type":"SimpleStroke:#PerpetuumSoft.Framework.Drawing","Width":1,"Color":{"knownColor":35,"name":null,"state":1,"value":0},"DashLenght":5,"DotLenght":1,"SpaceLenght":2,"Style":1}},{"__type":"Style:#PerpetuumSoft.Instrumentation.Styles","Fill":{"__type":"SolidFill:#PerpetuumSoft.Framework.Drawing","Color":{"knownColor":95,"name":null,"state":1,"value":0}},"Font":{"Bold":0,"FamilyName":"Microsoft Sans Serif","Italic":0,"Size":10,"Strikeout":0,"Underline":0},"Image":null,"Name":"Tank","Stroke":null},{"__type":"Style:#PerpetuumSoft.Instrumentation.Styles","Fill":{"__type":"SolidFill:#PerpetuumSoft.Framework.Drawing","Color":{"knownColor":150,"name":null,"state":1,"value":0}},"Font":{"Bold":0,"FamilyName":"Microsoft Sans Serif","Italic":0,"Size":10,"Strikeout":0,"Underline":0},"Image":null,"Name":"TankTop","Stroke":{"__type":"SimpleStroke:#PerpetuumSoft.Framework.Drawing","Width":1,"Color":{"knownColor":74,"name":null,"state":1,"value":0},"DashLenght":5,"DotLenght":1,"SpaceLenght":2,"Style":1}},{"__type":"Style:#PerpetuumSoft.Instrumentation.Styles","Fill":{"__type":"SolidFill:#PerpetuumSoft.Framework.Drawing","Color":{"knownColor":95,"name":null,"state":1,"value":0}},"Font":{"Bold":0,"FamilyName":"Microsoft Sans Serif","Italic":0,"Size":10,"Strikeout":0,"Underline":0},"Image":null,"Name":"TankTopInternal","Stroke":{"__type":"SimpleStroke:#PerpetuumSoft.Framework.Drawing","Width":1,"Color":{"knownColor":74,"name":null,"state":1,"value":0},"DashLenght":5,"DotLenght":1,"SpaceLenght":2,"Style":1}},{"__type":"Style:#PerpetuumSoft.Instrumentation.Styles","Fill":{"__type":"SolidFill:#PerpetuumSoft.Framework.Drawing","Color":{"knownColor":151,"name":null,"state":1,"value":0}},"Font":{"Bold":0,"FamilyName":"Microsoft Sans Serif","Italic":0,"Size":10,"Strikeout":0,"Underline":0},"Image":null,"Name":"Liguid","Stroke":null},{"__type":"Style:#PerpetuumSoft.Instrumentation.Styles","Fill":{"__type":"LinearGradientFill:#PerpetuumSoft.Framework.Drawing","Angle":30,"Colors":[{"__type":"GradientColor:#PerpetuumSoft.Framework.Drawing","Color":{"knownColor":67,"name":null,"state":1,"value":0},"Portion":0},{"__type":"GradientColor:#PerpetuumSoft.Framework.Drawing","Color":{"knownColor":100,"name":null,"state":1,"value":0},"Portion":1}],"EndColor":{"knownColor":100,"name":null,"state":1,"value":0},"StartColor":{"knownColor":67,"name":null,"state":1,"value":0}},"Font":{"Bold":0,"FamilyName":"Microsoft Sans Serif","Italic":0,"Size":10,"Strikeout":0,"Underline":0},"Image":null,"Name":"LiguidTop","Stroke":{"__type":"SimpleStroke:#PerpetuumSoft.Framework.Drawing","Width":1,"Color":{"knownColor":28,"name":null,"state":1,"value":0},"DashLenght":5,"DotLenght":1,"SpaceLenght":2,"Style":1}}]}