{"Active":true,"BreakEventsBubbling":false,"CssClass":{},"Fill":null,"JSBindingsText":null,"Name":"Instrument","RecalculateAll":false,"Smooth":true,"Stroke":null,"Style":"","ToolTipValue":null,"Visible":true,"Elements":[{"__type":"Guide:#PerpetuumSoft.Instrumentation.Model","Active":true,"BreakEventsBubbling":false,"CssClass":{},"Fill":null,"JSBindingsText":null,"Name":"Guide1","RecalculateAll":false,"Smooth":true,"Stroke":null,"Style":"","ToolTipValue":null,"Visible":true,"Elements":[{"__type":"Scale:#PerpetuumSoft.Instrumentation.Model","Active":true,"BreakEventsBubbling":false,"CssClass":{},"Fill":null,"JSBindingsText":null,"Name":"Scale1","RecalculateAll":false,"Smooth":true,"Stroke":null,"Style":"","ToolTipValue":null,"Visible":true,"Elements":[{"__type":"Ticks:#PerpetuumSoft.Instrumentation.Model","Active":true,"BreakEventsBubbling":false,"CssClass":{},"Fill":{"__type":"SolidFill:#PerpetuumSoft.Framework.Drawing","Color":{"knownColor":164,"name":null,"state":1,"value":0}},"JSBindingsText":null,"Name":"Ticks1","RecalculateAll":false,"Smooth":false,"Stroke":{"__type":"SimpleStroke:#PerpetuumSoft.Framework.Drawing","Width":1,"Color":{"knownColor":35,"name":null,"state":1,"value":0},"DashLenght":5,"DotLenght":1,"SpaceLenght":2,"Style":1},"Style":"Default","ToolTipValue":null,"Visible":true,"Colorizer":null,"Distance":-103.125,"Dock":1,"MaxLimitWrapper":{"__type":"SmartValueWrapper:#PerpetuumSoft.Instrumentation.Model","Kind":0,"Value":0},"MinLimitWrapper":{"__type":"SmartValueWrapper:#PerpetuumSoft.Instrumentation.Model","Kind":0,"Value":0},"OriginWrapper":{"__type":"SmartValueWrapper:#PerpetuumSoft.Instrumentation.Model","Kind":0,"Value":0},"Padding":68.75,"Divisions":10,"StepWrapper":{"__type":"SmartValueWrapper:#PerpetuumSoft.Instrumentation.Model","Kind":0,"Value":0},"SubDivisions":4,"SubTicksPosition":2,"UseDescreteValues":false,"UseRoundValues":false,"Length":15.625,"SubLength":9.375},{"__type":"NumericLabels:#PerpetuumSoft.Instrumentation.Model","Active":true,"BreakEventsBubbling":false,"CssClass":{},"Fill":null,"JSBindingsText":null,"Name":"NumericLabels1","RecalculateAll":false,"Smooth":false,"Stroke":null,"Style":"","ToolTipValue":null,"Visible":true,"Colorizer":null,"Distance":-139.84240341186523,"Dock":1,"MaxLimitWrapper":{"__type":"SmartValueWrapper:#PerpetuumSoft.Instrumentation.Model","Kind":0,"Value":0},"MinLimitWrapper":{"__type":"SmartValueWrapper:#PerpetuumSoft.Instrumentation.Model","Kind":0,"Value":0},"OriginWrapper":{"__type":"SmartValueWrapper:#PerpetuumSoft.Instrumentation.Model","Kind":0,"Value":0},"Padding":0,"Font":{"Bold":1,"FamilyName":"Arial","Italic":1,"Size":9,"Strikeout":2,"Underline":2},"Format":{"CurrencyNegativePattern":0,"CurrencyPositivePattern":0,"CurrencySymbol":"$","DateSeparator":".","DecimalPlaces":2,"DecimalSeparator":".","FormatMask":"","FormatStyle":0,"GroupSeparator":" ","NumberNegativePattern":0,"PercentNegativePattern":0,"PercentPositivePattern":0,"UseCultureSettings":true,"UseGroupSeparator":true},"Formula":"","ItemMargins":{},"OddLabelsDistance":0,"Position":1,"ShowSuperposableLabels":true,"TextAlignment":1,"TextAngle":0,"TextRotationMode":0,"Divisions":10,"StepWrapper":{"__type":"SmartValueWrapper:#PerpetuumSoft.Instrumentation.Model","Kind":0,"Value":0},"UseRoundValues":false},{"__type":"Slider:#PerpetuumSoft.Instrumentation.Model","Active":true,"BreakEventsBubbling":false,"CssClass":{},"Fill":null,"JSBindingsText":null,"Name":"Slider1","RecalculateAll":false,"Smooth":true,"Stroke":null,"Style":"","ToolTipValue":null,"Visible":true,"Elements":[{"__type":"LinearLevel:#PerpetuumSoft.Instrumentation.Model","Active":true,"BreakEventsBubbling":false,"CssClass":{},"Fill":{"__type":"SolidFill:#PerpetuumSoft.Framework.Drawing","Color":{"knownColor":0,"name":null,"state":2,"value":4286890495}},"JSBindingsText":null,"Name":"LinearLevel1","RecalculateAll":false,"Smooth":true,"Stroke":null,"Style":"","ToolTipValue":null,"Visible":true,"Colorizer":null,"Distance":0,"Dock":3,"MaxLimitWrapper":{"__type":"SmartValueWrapper:#PerpetuumSoft.Instrumentation.Model","Kind":0,"Value":0},"MinLimitWrapper":{"__type":"SmartValueWrapper:#PerpetuumSoft.Instrumentation.Model","Kind":0,"Value":0},"OriginWrapper":{"__type":"SmartValueWrapper:#PerpetuumSoft.Instrumentation.Model","Kind":0,"Value":0},"Padding":0,"ValueWrapper":{"__type":"SmartValueWrapper:#PerpetuumSoft.Instrumentation.Model","Kind":0,"Value":0},"Colors":[],"Divisions":0,"DivisionsStroke":null,"EndColor":{"knownColor":164,"name":null,"state":1,"value":0},"StartColor":{"knownColor":35,"name":null,"state":1,"value":0},"Effect3D":1,"EndCap":1,"PocketRadius":37.5,"ShowAsThermometer":false,"StartCap":1,"Width":37.5},{"__type":"LinearLevel:#PerpetuumSoft.Instrumentation.Model","Active":true,"BreakEventsBubbling":false,"CssClass":{},"Fill":{"__type":"SolidFill:#PerpetuumSoft.Framework.Drawing","Color":{"knownColor":0,"name":null,"state":2,"value":4285183487}},"JSBindingsText":"this.setValue(this.getInstrument().getByName('Slider1').getAnimationValue());\u000a","Name":"LinearLevel2","RecalculateAll":false,"Smooth":true,"Stroke":null,"Style":"","ToolTipValue":null,"Visible":true,"Colorizer":null,"Distance":0,"Dock":3,"MaxLimitWrapper":{"__type":"SmartValueWrapper:#PerpetuumSoft.Instrumentation.Model","Kind":0,"Value":0},"MinLimitWrapper":{"__type":"SmartValueWrapper:#PerpetuumSoft.Instrumentation.Model","Kind":0,"Value":0},"OriginWrapper":{"__type":"SmartValueWrapper:#PerpetuumSoft.Instrumentation.Model","Kind":0,"Value":0},"Padding":0,"ValueWrapper":{"__type":"SmartValueWrapper:#PerpetuumSoft.Instrumentation.Model","Kind":1,"Value":100},"Colors":[],"Divisions":0,"DivisionsStroke":null,"EndColor":{"knownColor":164,"name":null,"state":1,"value":0},"StartColor":{"knownColor":35,"name":null,"state":1,"value":0},"Effect3D":0,"EndCap":1,"PocketRadius":37.5,"ShowAsThermometer":false,"StartCap":1,"Width":37.5},{"__type":"Ellipse:#PerpetuumSoft.Instrumentation.Model","Active":true,"BreakEventsBubbling":false,"CssClass":{},"Fill":{"__type":"LinearGradientFill:#PerpetuumSoft.Framework.Drawing","Angle":210,"Colors":[{"__type":"GradientColor:#PerpetuumSoft.Framework.Drawing","Color":{"knownColor":0,"name":null,"state":2,"value":4278215364},"Portion":0},{"__type":"GradientColor:#PerpetuumSoft.Framework.Drawing","Color":{"knownColor":0,"name":null,"state":2,"value":4280324095},"Portion":1}],"EndColor":{"knownColor":0,"name":null,"state":2,"value":4280324095},"StartColor":{"knownColor":0,"name":null,"state":2,"value":4278215364}},"JSBindingsText":"this.setCenter(this.getInstrument().getByName('Slider1').getPosition(0));\u000athis.setStyle(this.getInstrument().getByName('Slider1').getHot()?\u000d\u000a                    \"SliderStyle1Hot\"           \u000d\u000a                   :\"SliderStyle1\"\u000d\u000a            );\u000a","Name":"Ellipse1","RecalculateAll":false,"Smooth":true,"Stroke":null,"Style":"SliderStyle1","ToolTipValue":null,"Visible":true,"Center":{"Height":109.375,"Length":262.8949781400359,"Rotation":0.4290869077450738,"Width":239.06249999999986,"X":239.06249999999986,"Y":109.375},"Size":{"Height":84.481228612412,"Length":183.38864941163712,"Rotation":0.47874733607882114,"Width":162.77075519011925,"X":162.77075519011925,"Y":84.481228612412},"Angle":0},{"__type":"Ellipse:#PerpetuumSoft.Instrumentation.Model","Active":true,"BreakEventsBubbling":false,"CssClass":{},"Fill":{"__type":"LinearGradientFill:#PerpetuumSoft.Framework.Drawing","Angle":30,"Colors":[{"__type":"GradientColor:#PerpetuumSoft.Framework.Drawing","Color":{"knownColor":0,"name":null,"state":2,"value":4278211236},"Portion":0},{"__type":"GradientColor:#PerpetuumSoft.Framework.Drawing","Color":{"knownColor":0,"name":null,"state":2,"value":4284395263},"Portion":1}],"EndColor":{"knownColor":0,"name":null,"state":2,"value":4284395263},"StartColor":{"knownColor":0,"name":null,"state":2,"value":4278211236}},"JSBindingsText":"this.setCenter(this.getInstrument().getByName('Slider1').getPosition(0));\u000a","Name":"Ellipse2","RecalculateAll":false,"Smooth":true,"Stroke":null,"Style":"","ToolTipValue":null,"Visible":true,"Center":{"Height":109.375,"Length":262.8949781400359,"Rotation":0.4290869077450738,"Width":239.06249999999986,"X":239.06249999999986,"Y":109.375},"Size":{"Height":71.761182422535285,"Length":138.63295405835888,"Rotation":0.54408376357173927,"Width":118.61462240494069,"X":118.61462240494069,"Y":71.761182422535285},"Angle":0},{"__type":"Label:#PerpetuumSoft.Instrumentation.Model","Active":true,"BreakEventsBubbling":false,"CssClass":{},"Fill":{"__type":"SolidFill:#PerpetuumSoft.Framework.Drawing","Color":{"knownColor":164,"name":null,"state":1,"value":0}},"JSBindingsText":"this.setCenter(this.getInstrument().getByName(\"Slider1\").getPosition(-0.4375));\u000athis.setText(PerfectWidgets.Framework.Utilities.BuiltIn.oldFormat(this.getInstrument().getByName('Slider1').getAnimationValue(),\"##0.0\"));\u000a","Name":"Label1","RecalculateAll":false,"Smooth":true,"Stroke":null,"Style":"","ToolTipValue":null,"Visible":true,"Center":{"Height":109.375,"Length":262.49720236604418,"Rotation":0.42978031628937813,"Width":238.62499999999986,"X":238.62499999999986,"Y":109.375},"Size":{"Height":56.29512586502,"Length":127.01111563310883,"Rotation":0.459198651356896,"Width":113.85377595059595,"X":113.85377595059595,"Y":56.29512586502},"Angle":0,"Font":{"Bold":0,"FamilyName":"Microsoft Sans Serif","Italic":0,"Size":7,"Strikeout":0,"Underline":0},"Margins":{},"Text":"100.0","TextAlign":32}],"MaxLimit":{"Kind":0,"Value":0},"MinLimit":{"Kind":0,"Value":0},"Step":0,"Value":100}],"Colorizer":null,"Maximum":100,"Minimum":0,"Reverse":false}],"Margins":{},"Align":0,"EndPoint":{"Height":109.375,"Length":262.89497814003596,"Rotation":0.42908690774507358,"Width":239.0625,"X":239.0625,"Y":109.375},"GuideDirection":1,"StartPoint":{"Height":840.625,"Length":873.95724696992477,"Rotation":1.2937245650115716,"Width":239.0625,"X":239.0625,"Y":840.625}}],"Enabled":true,"Focused":false,"GridStep":50,"IsFixed":false,"MeasureUnit":{},"Parameters":[],"ShowGrid":false,"Size":{"Height":950,"Length":1030.7764064044152,"Rotation":1.1722738811284763,"Width":400,"X":400,"Y":950},"SnapToGrid":true,"Styles":[{"__type":"Style:#PerpetuumSoft.Instrumentation.Styles","Fill":{"__type":"SolidFill:#PerpetuumSoft.Framework.Drawing","Color":{"knownColor":164,"name":null,"state":1,"value":0}},"Font":{"Bold":0,"FamilyName":"Microsoft Sans Serif","Italic":0,"Size":10,"Strikeout":0,"Underline":0},"Image":null,"Name":"Default","Stroke":{"__type":"SimpleStroke:#PerpetuumSoft.Framework.Drawing","Width":1,"Color":{"knownColor":35,"name":null,"state":1,"value":0},"DashLenght":5,"DotLenght":1,"SpaceLenght":2,"Style":1}},{"__type":"Style:#PerpetuumSoft.Instrumentation.Styles","Fill":{"__type":"SolidFill:#PerpetuumSoft.Framework.Drawing","Color":{"knownColor":35,"name":null,"state":1,"value":0}},"Font":{"Bold":0,"FamilyName":"Microsoft Sans Serif","Italic":0,"Size":10,"Strikeout":0,"Underline":0},"Image":null,"Name":"NeedleStyle","Stroke":{"__type":"SimpleStroke:#PerpetuumSoft.Framework.Drawing","Width":3,"Color":{"knownColor":53,"name":null,"state":1,"value":0},"DashLenght":5,"DotLenght":1,"SpaceLenght":2,"Style":1}},{"__type":"Style:#PerpetuumSoft.Instrumentation.Styles","Fill":{"__type":"LinearGradientFill:#PerpetuumSoft.Framework.Drawing","Angle":30,"Colors":[{"__type":"GradientColor:#PerpetuumSoft.Framework.Drawing","Color":{"knownColor":52,"name":null,"state":1,"value":0},"Portion":0},{"__type":"GradientColor:#PerpetuumSoft.Framework.Drawing","Color":{"knownColor":74,"name":null,"state":1,"value":0},"Portion":1}],"EndColor":{"knownColor":74,"name":null,"state":1,"value":0},"StartColor":{"knownColor":52,"name":null,"state":1,"value":0}},"Font":{"Bold":0,"FamilyName":"Microsoft Sans Serif","Italic":0,"Size":10,"Strikeout":0,"Underline":0},"Image":null,"Name":"SliderStyle","Stroke":null},{"__type":"Style:#PerpetuumSoft.Instrumentation.Styles","Fill":{"__type":"LinearGradientFill:#PerpetuumSoft.Framework.Drawing","Angle":210,"Colors":[{"__type":"GradientColor:#PerpetuumSoft.Framework.Drawing","Color":{"knownColor":0,"name":null,"state":2,"value":4278215364},"Portion":0},{"__type":"GradientColor:#PerpetuumSoft.Framework.Drawing","Color":{"knownColor":0,"name":null,"state":2,"value":4280324095},"Portion":1}],"EndColor":{"knownColor":0,"name":null,"state":2,"value":4280324095},"StartColor":{"knownColor":0,"name":null,"state":2,"value":4278215364}},"Font":{"Bold":0,"FamilyName":"Microsoft Sans Serif","Italic":0,"Size":10,"Strikeout":0,"Underline":0},"Image":null,"Name":"SliderStyle1","Stroke":null},{"__type":"Style:#PerpetuumSoft.Instrumentation.Styles","Fill":null,"Font":{"Bold":0,"FamilyName":"Microsoft Sans Serif","Italic":0,"Size":7,"Strikeout":0,"Underline":0},"Image":null,"Name":"LabelsStyle","Stroke":null},{"__type":"Style:#PerpetuumSoft.Instrumentation.Styles","Fill":{"__type":"LinearGradientFill:#PerpetuumSoft.Framework.Drawing","Angle":0,"Colors":[{"__type":"GradientColor:#PerpetuumSoft.Framework.Drawing","Color":{"knownColor":155,"name":null,"state":1,"value":0},"Portion":0},{"__type":"GradientColor:#PerpetuumSoft.Framework.Drawing","Color":{"knownColor":53,"name":null,"state":1,"value":0},"Portion":1}],"EndColor":{"knownColor":53,"name":null,"state":1,"value":0},"StartColor":{"knownColor":155,"name":null,"state":1,"value":0}},"Font":{"Bold":0,"FamilyName":"Microsoft Sans Serif","Italic":0,"Size":10,"Strikeout":0,"Underline":0},"Image":null,"Name":"ActiveStyle","Stroke":null},{"__type":"Style:#PerpetuumSoft.Instrumentation.Styles","Fill":{"__type":"LinearGradientFill:#PerpetuumSoft.Framework.Drawing","Angle":180,"Colors":[{"__type":"GradientColor:#PerpetuumSoft.Framework.Drawing","Color":{"knownColor":74,"name":null,"state":1,"value":0},"Portion":0},{"__type":"GradientColor:#PerpetuumSoft.Framework.Drawing","Color":{"knownColor":52,"name":null,"state":1,"value":0},"Portion":1}],"EndColor":{"knownColor":52,"name":null,"state":1,"value":0},"StartColor":{"knownColor":74,"name":null,"state":1,"value":0}},"Font":{"Bold":0,"FamilyName":"Microsoft Sans Serif","Italic":0,"Size":10,"Strikeout":0,"Underline":0},"Image":null,"Name":"InactiveStyle","Stroke":null},{"__type":"Style:#PerpetuumSoft.Instrumentation.Styles","Fill":{"__type":"SolidFill:#PerpetuumSoft.Framework.Drawing","Color":{"knownColor":67,"name":null,"state":1,"value":0}},"Font":{"Bold":0,"FamilyName":"Microsoft Sans Serif","Italic":0,"Size":10,"Strikeout":0,"Underline":0},"Image":null,"Name":"LevelStyle","Stroke":null},{"__type":"Style:#PerpetuumSoft.Instrumentation.Styles","Fill":{"__type":"SolidFill:#PerpetuumSoft.Framework.Drawing","Color":{"knownColor":143,"name":null,"state":1,"value":0}},"Font":{"Bold":0,"FamilyName":"Microsoft Sans Serif","Italic":0,"Size":10,"Strikeout":0,"Underline":0},"Image":null,"Name":"CurrentValueStyle","Stroke":null},{"__type":"Style:#PerpetuumSoft.Instrumentation.Styles","Fill":{"__type":"LinearGradientFill:#PerpetuumSoft.Framework.Drawing","Angle":210,"Colors":[{"__type":"GradientColor:#PerpetuumSoft.Framework.Drawing","Color":{"knownColor":0,"name":null,"state":2,"value":4278223103},"Portion":0},{"__type":"GradientColor:#PerpetuumSoft.Framework.Drawing","Color":{"knownColor":0,"name":null,"state":2,"value":4282294015},"Portion":1}],"EndColor":{"knownColor":0,"name":null,"state":2,"value":4282294015},"StartColor":{"knownColor":0,"name":null,"state":2,"value":4278223103}},"Font":{"Bold":0,"FamilyName":"Microsoft Sans Serif","Italic":0,"Size":10,"Strikeout":0,"Underline":0},"Image":null,"Name":"SliderStyle1Hot","Stroke":{"__type":"SimpleStroke:#PerpetuumSoft.Framework.Drawing","Width":1,"Color":{"knownColor":45,"name":null,"state":1,"value":0},"DashLenght":5,"DotLenght":1,"SpaceLenght":2,"Style":1}},{"__type":"Style:#PerpetuumSoft.Instrumentation.Styles","Fill":{"__type":"SolidFill:#PerpetuumSoft.Framework.Drawing","Color":{"knownColor":141,"name":null,"state":1,"value":0}},"Font":{"Bold":0,"FamilyName":"Microsoft Sans Serif","Italic":0,"Size":10,"Strikeout":0,"Underline":0},"Image":null,"Name":"NeedleStylePressed","Stroke":{"__type":"SimpleStroke:#PerpetuumSoft.Framework.Drawing","Width":2,"Color":{"knownColor":104,"name":null,"state":1,"value":0},"DashLenght":5,"DotLenght":1,"SpaceLenght":2,"Style":1}}]}